model,eval,rung,method,window,prr_mean,prr_std,n_seeds,degenerate_seeds,layers
meta-llama/Meta-Llama-3.1-8B,asqa,1ds-Diff-long,huq_satmd_alllayer,ref,0.243588,0.0,3,0,0;1;2;3;4;5;6;7;8;9;10;11;12;13;14;15;16;17;18;19;20;21;22;23;24;25;26;27;28;29;30;32
meta-llama/Meta-Llama-3.1-8B,asqa,1ds-Diff-long,huq_satrmd_alllayer,ref,0.166884,0.0,3,0,0;1;2;3;4;5;6;7;8;9;10;11;12;13;14;15;16;17;18;19;20;21;22;23;24;25;26;27;28;29;30;32
meta-llama/Meta-Llama-3.1-8B,asqa,1ds-Diff-long,md_mean_L0,ref,-0.117386,0.0,3,0,0;1;2;3;4;5;6;7;8;9;10;11;12;13;14;15;16;17;18;19;20;21;22;23;24;25;26;27;28;29;30;32
meta-llama/Meta-Llama-3.1-8B,asqa,1ds-Diff-long,md_mean_L1,ref,-0.136402,0.0,3,0,0;1;2;3;4;5;6;7;8;9;10;11;12;13;14;15;16;17;18;19;20;21;22;23;24;25;26;27;28;29;30;32
meta-llama/Meta-Llama-3.1-8B,asqa,1ds-Diff-long,md_mean_L10,ref,0.052136,0.0,3,0,0;1;2;3;4;5;6;7;8;9;10;11;12;13;14;15;16;17;18;19;20;21;22;23;24;25;26;27;28;29;30;32
meta-llama/Meta-Llama-3.1-8B,asqa,1ds-Diff-long,md_mean_L11,ref,0.097701,0.0,3,0,0;1;2;3;4;5;6;7;8;9;10;11;12;13;14;15;16;17;18;19;20;21;22;23;24;25;26;27;28;29;30;32
meta-llama/Meta-Llama-3.1-8B,asqa,1ds-Diff-long,md_mean_L12,ref,0.131767,0.0,3,0,0;1;2;3;4;5;6;7;8;9;10;11;12;13;14;15;16;17;18;19;20;21;22;23;24;25;26;27;28;29;30;32
meta-llama/Meta-Llama-3.1-8B,asqa,1ds-Diff-long,md_mean_L13,ref,0.14173,0.0,3,0,0;1;2;3;4;5;6;7;8;9;10;11;12;13;14;15;16;17;18;19;20;21;22;23;24;25;26;27;28;29;30;32
meta-llama/Meta-Llama-3.1-8B,asqa,1ds-Diff-long,md_mean_L14,ref,0.155764,0.0,3,0,0;1;2;3;4;5;6;7;8;9;10;11;12;13;14;15;16;17;18;19;20;21;22;23;24;25;26;27;28;29;30;32
meta-llama/Meta-Llama-3.1-8B,asqa,1ds-Diff-long,md_mean_L15,ref,0.160871,0.0,3,0,0;1;2;3;4;5;6;7;8;9;10;11;12;13;14;15;16;17;18;19;20;21;22;23;24;25;26;27;28;29;30;32
meta-llama/Meta-Llama-3.1-8B,asqa,1ds-Diff-long,md_mean_L16,ref,0.166599,0.0,3,0,0;1;2;3;4;5;6;7;8;9;10;11;12;13;14;15;16;17;18;19;20;21;22;23;24;25;26;27;28;29;30;32
meta-llama/Meta-Llama-3.1-8B,asqa,1ds-Diff-long,md_mean_L17,ref,0.10837,0.0,3,0,0;1;2;3;4;5;6;7;8;9;10;11;12;13;14;15;16;17;18;19;20;21;22;23;24;25;26;27;28;29;30;32
meta-llama/Meta-Llama-3.1-8B,asqa,1ds-Diff-long,md_mean_L18,ref,0.08445,0.0,3,0,0;1;2;3;4;5;6;7;8;9;10;11;12;13;14;15;16;17;18;19;20;21;22;23;24;25;26;27;28;29;30;32
meta-llama/Meta-Llama-3.1-8B,asqa,1ds-Diff-long,md_mean_L19,ref,-0.034157,0.0,3,0,0;1;2;3;4;5;6;7;8;9;10;11;12;13;14;15;16;17;18;19;20;21;22;23;24;25;26;27;28;29;30;32
meta-llama/Meta-Llama-3.1-8B,asqa,1ds-Diff-long,md_mean_L2,ref,-0.058609,0.0,3,0,0;1;2;3;4;5;6;7;8;9;10;11;12;13;14;15;16;17;18;19;20;21;22;23;24;25;26;27;28;29;30;32
meta-llama/Meta-Llama-3.1-8B,asqa,1ds-Diff-long,md_mean_L20,ref,-0.053672,0.0,3,0,0;1;2;3;4;5;6;7;8;9;10;11;12;13;14;15;16;17;18;19;20;21;22;23;24;25;26;27;28;29;30;32
meta-llama/Meta-Llama-3.1-8B,asqa,1ds-Diff-long,md_mean_L21,ref,-0.079321,0.0,3,0,0;1;2;3;4;5;6;7;8;9;10;11;12;13;14;15;16;17;18;19;20;21;22;23;24;25;26;27;28;29;30;32
meta-llama/Meta-Llama-3.1-8B,asqa,1ds-Diff-long,md_mean_L22,ref,-0.146088,0.0,3,0,0;1;2;3;4;5;6;7;8;9;10;11;12;13;14;15;16;17;18;19;20;21;22;23;24;25;26;27;28;29;30;32
meta-llama/Meta-Llama-3.1-8B,asqa,1ds-Diff-long,md_mean_L23,ref,-0.167536,0.0,3,0,0;1;2;3;4;5;6;7;8;9;10;11;12;13;14;15;16;17;18;19;20;21;22;23;24;25;26;27;28;29;30;32
meta-llama/Meta-Llama-3.1-8B,asqa,1ds-Diff-long,md_mean_L24,ref,-0.182239,0.0,3,0,0;1;2;3;4;5;6;7;8;9;10;11;12;13;14;15;16;17;18;19;20;21;22;23;24;25;26;27;28;29;30;32
meta-llama/Meta-Llama-3.1-8B,asqa,1ds-Diff-long,md_mean_L25,ref,-0.214145,0.0,3,0,0;1;2;3;4;5;6;7;8;9;10;11;12;13;14;15;16;17;18;19;20;21;22;23;24;25;26;27;28;29;30;32
meta-llama/Meta-Llama-3.1-8B,asqa,1ds-Diff-long,md_mean_L26,ref,-0.199294,0.0,3,0,0;1;2;3;4;5;6;7;8;9;10;11;12;13;14;15;16;17;18;19;20;21;22;23;24;25;26;27;28;29;30;32
meta-llama/Meta-Llama-3.1-8B,asqa,1ds-Diff-long,md_mean_L27,ref,-0.188866,0.0,3,0,0;1;2;3;4;5;6;7;8;9;10;11;12;13;14;15;16;17;18;19;20;21;22;23;24;25;26;27;28;29;30;32
meta-llama/Meta-Llama-3.1-8B,asqa,1ds-Diff-long,md_mean_L28,ref,-0.150912,0.0,3,0,0;1;2;3;4;5;6;7;8;9;10;11;12;13;14;15;16;17;18;19;20;21;22;23;24;25;26;27;28;29;30;32
meta-llama/Meta-Llama-3.1-8B,asqa,1ds-Diff-long,md_mean_L29,ref,-0.167215,0.0,3,0,0;1;2;3;4;5;6;7;8;9;10;11;12;13;14;15;16;17;18;19;20;21;22;23;24;25;26;27;28;29;30;32
meta-llama/Meta-Llama-3.1-8B,asqa,1ds-Diff-long,md_mean_L3,ref,-0.024609,0.0,3,0,0;1;2;3;4;5;6;7;8;9;10;11;12;13;14;15;16;17;18;19;20;21;22;23;24;25;26;27;28;29;30;32
meta-llama/Meta-Llama-3.1-8B,asqa,1ds-Diff-long,md_mean_L30,ref,-0.154044,0.0,3,0,0;1;2;3;4;5;6;7;8;9;10;11;12;13;14;15;16;17;18;19;20;21;22;23;24;25;26;27;28;29;30;32
meta-llama/Meta-Llama-3.1-8B,asqa,1ds-Diff-long,md_mean_L32,ref,-0.067899,0.0,3,0,0;1;2;3;4;5;6;7;8;9;10;11;12;13;14;15;16;17;18;19;20;21;22;23;24;25;26;27;28;29;30;32
meta-llama/Meta-Llama-3.1-8B,asqa,1ds-Diff-long,md_mean_L4,ref,-0.072856,0.0,3,0,0;1;2;3;4;5;6;7;8;9;10;11;12;13;14;15;16;17;18;19;20;21;22;23;24;25;26;27;28;29;30;32
meta-llama/Meta-Llama-3.1-8B,asqa,1ds-Diff-long,md_mean_L5,ref,-0.028389,0.0,3,0,0;1;2;3;4;5;6;7;8;9;10;11;12;13;14;15;16;17;18;19;20;21;22;23;24;25;26;27;28;29;30;32
meta-llama/Meta-Llama-3.1-8B,asqa,1ds-Diff-long,md_mean_L6,ref,-0.014224,0.0,3,0,0;1;2;3;4;5;6;7;8;9;10;11;12;13;14;15;16;17;18;19;20;21;22;23;24;25;26;27;28;29;30;32
meta-llama/Meta-Llama-3.1-8B,asqa,1ds-Diff-long,md_mean_L7,ref,0.003802,0.0,3,0,0;1;2;3;4;5;6;7;8;9;10;11;12;13;14;15;16;17;18;19;20;21;22;23;24;25;26;27;28;29;30;32
meta-llama/Meta-Llama-3.1-8B,asqa,1ds-Diff-long,md_mean_L8,ref,0.029452,0.0,3,0,0;1;2;3;4;5;6;7;8;9;10;11;12;13;14;15;16;17;18;19;20;21;22;23;24;25;26;27;28;29;30;32
meta-llama/Meta-Llama-3.1-8B,asqa,1ds-Diff-long,md_mean_L9,ref,0.013608,0.0,3,0,0;1;2;3;4;5;6;7;8;9;10;11;12;13;14;15;16;17;18;19;20;21;22;23;24;25;26;27;28;29;30;32
meta-llama/Meta-Llama-3.1-8B,asqa,1ds-Diff-long,msp_satmd_alllayer,ref,0.02884,0.0,3,0,0;1;2;3;4;5;6;7;8;9;10;11;12;13;14;15;16;17;18;19;20;21;22;23;24;25;26;27;28;29;30;32
meta-llama/Meta-Llama-3.1-8B,asqa,1ds-Diff-long,msp_satrmd_alllayer,ref,0.034966,0.0,3,0,0;1;2;3;4;5;6;7;8;9;10;11;12;13;14;15;16;17;18;19;20;21;22;23;24;25;26;27;28;29;30;32
meta-llama/Meta-Llama-3.1-8B,asqa,1ds-Diff-long,rmd_mean_L0,ref,0.065254,0.0,3,0,0;1;2;3;4;5;6;7;8;9;10;11;12;13;14;15;16;17;18;19;20;21;22;23;24;25;26;27;28;29;30;32
meta-llama/Meta-Llama-3.1-8B,asqa,1ds-Diff-long,rmd_mean_L1,ref,0.038145,0.0,3,0,0;1;2;3;4;5;6;7;8;9;10;11;12;13;14;15;16;17;18;19;20;21;22;23;24;25;26;27;28;29;30;32
meta-llama/Meta-Llama-3.1-8B,asqa,1ds-Diff-long,rmd_mean_L10,ref,0.02576,0.0,3,0,0;1;2;3;4;5;6;7;8;9;10;11;12;13;14;15;16;17;18;19;20;21;22;23;24;25;26;27;28;29;30;32
meta-llama/Meta-Llama-3.1-8B,asqa,1ds-Diff-long,rmd_mean_L11,ref,0.049916,0.0,3,0,0;1;2;3;4;5;6;7;8;9;10;11;12;13;14;15;16;17;18;19;20;21;22;23;24;25;26;27;28;29;30;32
meta-llama/Meta-Llama-3.1-8B,asqa,1ds-Diff-long,rmd_mean_L12,ref,0.090448,0.0,3,0,0;1;2;3;4;5;6;7;8;9;10;11;12;13;14;15;16;17;18;19;20;21;22;23;24;25;26;27;28;29;30;32
meta-llama/Meta-Llama-3.1-8B,asqa,1ds-Diff-long,rmd_mean_L13,ref,0.103156,0.0,3,0,0;1;2;3;4;5;6;7;8;9;10;11;12;13;14;15;16;17;18;19;20;21;22;23;24;25;26;27;28;29;30;32
meta-llama/Meta-Llama-3.1-8B,asqa,1ds-Diff-long,rmd_mean_L14,ref,0.10725,0.0,3,0,0;1;2;3;4;5;6;7;8;9;10;11;12;13;14;15;16;17;18;19;20;21;22;23;24;25;26;27;28;29;30;32
meta-llama/Meta-Llama-3.1-8B,asqa,1ds-Diff-long,rmd_mean_L15,ref,0.078101,0.0,3,0,0;1;2;3;4;5;6;7;8;9;10;11;12;13;14;15;16;17;18;19;20;21;22;23;24;25;26;27;28;29;30;32
meta-llama/Meta-Llama-3.1-8B,asqa,1ds-Diff-long,rmd_mean_L16,ref,0.00763,0.0,3,0,0;1;2;3;4;5;6;7;8;9;10;11;12;13;14;15;16;17;18;19;20;21;22;23;24;25;26;27;28;29;30;32
meta-llama/Meta-Llama-3.1-8B,asqa,1ds-Diff-long,rmd_mean_L17,ref,0.012519,0.0,3,0,0;1;2;3;4;5;6;7;8;9;10;11;12;13;14;15;16;17;18;19;20;21;22;23;24;25;26;27;28;29;30;32
meta-llama/Meta-Llama-3.1-8B,asqa,1ds-Diff-long,rmd_mean_L18,ref,0.014805,0.0,3,0,0;1;2;3;4;5;6;7;8;9;10;11;12;13;14;15;16;17;18;19;20;21;22;23;24;25;26;27;28;29;30;32
meta-llama/Meta-Llama-3.1-8B,asqa,1ds-Diff-long,rmd_mean_L19,ref,-0.020885,0.0,3,0,0;1;2;3;4;5;6;7;8;9;10;11;12;13;14;15;16;17;18;19;20;21;22;23;24;25;26;27;28;29;30;32
meta-llama/Meta-Llama-3.1-8B,asqa,1ds-Diff-long,rmd_mean_L2,ref,0.021641,0.0,3,0,0;1;2;3;4;5;6;7;8;9;10;11;12;13;14;15;16;17;18;19;20;21;22;23;24;25;26;27;28;29;30;32
meta-llama/Meta-Llama-3.1-8B,asqa,1ds-Diff-long,rmd_mean_L20,ref,-0.051369,0.0,3,0,0;1;2;3;4;5;6;7;8;9;10;11;12;13;14;15;16;17;18;19;20;21;22;23;24;25;26;27;28;29;30;32
meta-llama/Meta-Llama-3.1-8B,asqa,1ds-Diff-long,rmd_mean_L21,ref,-0.056593,0.0,3,0,0;1;2;3;4;5;6;7;8;9;10;11;12;13;14;15;16;17;18;19;20;21;22;23;24;25;26;27;28;29;30;32
meta-llama/Meta-Llama-3.1-8B,asqa,1ds-Diff-long,rmd_mean_L22,ref,-0.070051,0.0,3,0,0;1;2;3;4;5;6;7;8;9;10;11;12;13;14;15;16;17;18;19;20;21;22;23;24;25;26;27;28;29;30;32
meta-llama/Meta-Llama-3.1-8B,asqa,1ds-Diff-long,rmd_mean_L23,ref,-0.07644,0.0,3,0,0;1;2;3;4;5;6;7;8;9;10;11;12;13;14;15;16;17;18;19;20;21;22;23;24;25;26;27;28;29;30;32
meta-llama/Meta-Llama-3.1-8B,asqa,1ds-Diff-long,rmd_mean_L24,ref,-0.070806,0.0,3,0,0;1;2;3;4;5;6;7;8;9;10;11;12;13;14;15;16;17;18;19;20;21;22;23;24;25;26;27;28;29;30;32
meta-llama/Meta-Llama-3.1-8B,asqa,1ds-Diff-long,rmd_mean_L25,ref,-0.079258,0.0,3,0,0;1;2;3;4;5;6;7;8;9;10;11;12;13;14;15;16;17;18;19;20;21;22;23;24;25;26;27;28;29;30;32
meta-llama/Meta-Llama-3.1-8B,asqa,1ds-Diff-long,rmd_mean_L26,ref,-0.068563,0.0,3,0,0;1;2;3;4;5;6;7;8;9;10;11;12;13;14;15;16;17;18;19;20;21;22;23;24;25;26;27;28;29;30;32
meta-llama/Meta-Llama-3.1-8B,asqa,1ds-Diff-long,rmd_mean_L27,ref,-0.060041,0.0,3,0,0;1;2;3;4;5;6;7;8;9;10;11;12;13;14;15;16;17;18;19;20;21;22;23;24;25;26;27;28;29;30;32
meta-llama/Meta-Llama-3.1-8B,asqa,1ds-Diff-long,rmd_mean_L28,ref,-0.043052,0.0,3,0,0;1;2;3;4;5;6;7;8;9;10;11;12;13;14;15;16;17;18;19;20;21;22;23;24;25;26;27;28;29;30;32
meta-llama/Meta-Llama-3.1-8B,asqa,1ds-Diff-long,rmd_mean_L29,ref,-0.036215,0.0,3,0,0;1;2;3;4;5;6;7;8;9;10;11;12;13;14;15;16;17;18;19;20;21;22;23;24;25;26;27;28;29;30;32
meta-llama/Meta-Llama-3.1-8B,asqa,1ds-Diff-long,rmd_mean_L3,ref,-0.02123,0.0,3,0,0;1;2;3;4;5;6;7;8;9;10;11;12;13;14;15;16;17;18;19;20;21;22;23;24;25;26;27;28;29;30;32
meta-llama/Meta-Llama-3.1-8B,asqa,1ds-Diff-long,rmd_mean_L30,ref,-0.028688,0.0,3,0,0;1;2;3;4;5;6;7;8;9;10;11;12;13;14;15;16;17;18;19;20;21;22;23;24;25;26;27;28;29;30;32
meta-llama/Meta-Llama-3.1-8B,asqa,1ds-Diff-long,rmd_mean_L32,ref,-0.060156,0.0,3,0,0;1;2;3;4;5;6;7;8;9;10;11;12;13;14;15;16;17;18;19;20;21;22;23;24;25;26;27;28;29;30;32
meta-llama/Meta-Llama-3.1-8B,asqa,1ds-Diff-long,rmd_mean_L4,ref,-0.080491,0.0,3,0,0;1;2;3;4;5;6;7;8;9;10;11;12;13;14;15;16;17;18;19;20;21;22;23;24;25;26;27;28;29;30;32
meta-llama/Meta-Llama-3.1-8B,asqa,1ds-Diff-long,rmd_mean_L5,ref,-0.076642,0.0,3,0,0;1;2;3;4;5;6;7;8;9;10;11;12;13;14;15;16;17;18;19;20;21;22;23;24;25;26;27;28;29;30;32
meta-llama/Meta-Llama-3.1-8B,asqa,1ds-Diff-long,rmd_mean_L6,ref,-0.061725,0.0,3,0,0;1;2;3;4;5;6;7;8;9;10;11;12;13;14;15;16;17;18;19;20;21;22;23;24;25;26;27;28;29;30;32
meta-llama/Meta-Llama-3.1-8B,asqa,1ds-Diff-long,rmd_mean_L7,ref,-0.014813,0.0,3,0,0;1;2;3;4;5;6;7;8;9;10;11;12;13;14;15;16;17;18;19;20;21;22;23;24;25;26;27;28;29;30;32
meta-llama/Meta-Llama-3.1-8B,asqa,1ds-Diff-long,rmd_mean_L8,ref,0.013012,0.0,3,0,0;1;2;3;4;5;6;7;8;9;10;11;12;13;14;15;16;17;18;19;20;21;22;23;24;25;26;27;28;29;30;32
meta-llama/Meta-Llama-3.1-8B,asqa,1ds-Diff-long,rmd_mean_L9,ref,0.005309,0.0,3,0,0;1;2;3;4;5;6;7;8;9;10;11;12;13;14;15;16;17;18;19;20;21;22;23;24;25;26;27;28;29;30;32
meta-llama/Meta-Llama-3.1-8B,asqa,1ds-Diff-long,satmd_alllayer,ref,0.243588,0.0,3,0,0;1;2;3;4;5;6;7;8;9;10;11;12;13;14;15;16;17;18;19;20;21;22;23;24;25;26;27;28;29;30;32
meta-llama/Meta-Llama-3.1-8B,asqa,1ds-Diff-long,satrmd_alllayer,ref,0.166884,0.0,3,0,0;1;2;3;4;5;6;7;8;9;10;11;12;13;14;15;16;17;18;19;20;21;22;23;24;25;26;27;28;29;30;32
meta-llama/Meta-Llama-3.1-8B,asqa,DiffTask-long,huq_satmd_alllayer,ref,-0.035649,0.057146,3,0,0;1;2;3;4;5;6;7;8;9;10;11;12;13;14;15;16;17;18;19;20;21;22;23;24;25;26;27;28;29;30;32
meta-llama/Meta-Llama-3.1-8B,asqa,DiffTask-long,huq_satrmd_alllayer,ref,-0.076711,0.018522,3,0,0;1;2;3;4;5;6;7;8;9;10;11;12;13;14;15;16;17;18;19;20;21;22;23;24;25;26;27;28;29;30;32
meta-llama/Meta-Llama-3.1-8B,asqa,DiffTask-long,md_mean_L0,ref,-0.164415,0.002607,3,0,0;1;2;3;4;5;6;7;8;9;10;11;12;13;14;15;16;17;18;19;20;21;22;23;24;25;26;27;28;29;30;32
meta-llama/Meta-Llama-3.1-8B,asqa,DiffTask-long,md_mean_L1,ref,-0.180226,0.003091,3,0,0;1;2;3;4;5;6;7;8;9;10;11;12;13;14;15;16;17;18;19;20;21;22;23;24;25;26;27;28;29;30;32
meta-llama/Meta-Llama-3.1-8B,asqa,DiffTask-long,md_mean_L10,ref,-0.032131,0.008329,3,0,0;1;2;3;4;5;6;7;8;9;10;11;12;13;14;15;16;17;18;19;20;21;22;23;24;25;26;27;28;29;30;32
meta-llama/Meta-Llama-3.1-8B,asqa,DiffTask-long,md_mean_L11,ref,-0.048233,0.01229,3,0,0;1;2;3;4;5;6;7;8;9;10;11;12;13;14;15;16;17;18;19;20;21;22;23;24;25;26;27;28;29;30;32
meta-llama/Meta-Llama-3.1-8B,asqa,DiffTask-long,md_mean_L12,ref,-0.055153,0.005843,3,0,0;1;2;3;4;5;6;7;8;9;10;11;12;13;14;15;16;17;18;19;20;21;22;23;24;25;26;27;28;29;30;32
meta-llama/Meta-Llama-3.1-8B,asqa,DiffTask-long,md_mean_L13,ref,-0.054002,0.007844,3,0,0;1;2;3;4;5;6;7;8;9;10;11;12;13;14;15;16;17;18;19;20;21;22;23;24;25;26;27;28;29;30;32
meta-llama/Meta-Llama-3.1-8B,asqa,DiffTask-long,md_mean_L14,ref,-0.054246,0.010087,3,0,0;1;2;3;4;5;6;7;8;9;10;11;12;13;14;15;16;17;18;19;20;21;22;23;24;25;26;27;28;29;30;32
meta-llama/Meta-Llama-3.1-8B,asqa,DiffTask-long,md_mean_L15,ref,-0.015588,0.004932,3,0,0;1;2;3;4;5;6;7;8;9;10;11;12;13;14;15;16;17;18;19;20;21;22;23;24;25;26;27;28;29;30;32
meta-llama/Meta-Llama-3.1-8B,asqa,DiffTask-long,md_mean_L16,ref,0.011626,0.000747,3,0,0;1;2;3;4;5;6;7;8;9;10;11;12;13;14;15;16;17;18;19;20;21;22;23;24;25;26;27;28;29;30;32
meta-llama/Meta-Llama-3.1-8B,asqa,DiffTask-long,md_mean_L17,ref,-0.060232,0.002034,3,0,0;1;2;3;4;5;6;7;8;9;10;11;12;13;14;15;16;17;18;19;20;21;22;23;24;25;26;27;28;29;30;32
meta-llama/Meta-Llama-3.1-8B,asqa,DiffTask-long,md_mean_L18,ref,-0.07559,0.004768,3,0,0;1;2;3;4;5;6;7;8;9;10;11;12;13;14;15;16;17;18;19;20;21;22;23;24;25;26;27;28;29;30;32
meta-llama/Meta-Llama-3.1-8B,asqa,DiffTask-long,md_mean_L19,ref,-0.103503,0.007825,3,0,0;1;2;3;4;5;6;7;8;9;10;11;12;13;14;15;16;17;18;19;20;21;22;23;24;25;26;27;28;29;30;32
meta-llama/Meta-Llama-3.1-8B,asqa,DiffTask-long,md_mean_L2,ref,-0.106069,0.00198,3,0,0;1;2;3;4;5;6;7;8;9;10;11;12;13;14;15;16;17;18;19;20;21;22;23;24;25;26;27;28;29;30;32
meta-llama/Meta-Llama-3.1-8B,asqa,DiffTask-long,md_mean_L20,ref,-0.103481,0.006462,3,0,0;1;2;3;4;5;6;7;8;9;10;11;12;13;14;15;16;17;18;19;20;21;22;23;24;25;26;27;28;29;30;32
meta-llama/Meta-Llama-3.1-8B,asqa,DiffTask-long,md_mean_L21,ref,-0.122024,0.004785,3,0,0;1;2;3;4;5;6;7;8;9;10;11;12;13;14;15;16;17;18;19;20;21;22;23;24;25;26;27;28;29;30;32
meta-llama/Meta-Llama-3.1-8B,asqa,DiffTask-long,md_mean_L22,ref,-0.159125,0.003021,3,0,0;1;2;3;4;5;6;7;8;9;10;11;12;13;14;15;16;17;18;19;20;21;22;23;24;25;26;27;28;29;30;32
meta-llama/Meta-Llama-3.1-8B,asqa,DiffTask-long,md_mean_L23,ref,-0.158669,0.004631,3,0,0;1;2;3;4;5;6;7;8;9;10;11;12;13;14;15;16;17;18;19;20;21;22;23;24;25;26;27;28;29;30;32
meta-llama/Meta-Llama-3.1-8B,asqa,DiffTask-long,md_mean_L24,ref,-0.187474,0.00618,3,0,0;1;2;3;4;5;6;7;8;9;10;11;12;13;14;15;16;17;18;19;20;21;22;23;24;25;26;27;28;29;30;32
meta-llama/Meta-Llama-3.1-8B,asqa,DiffTask-long,md_mean_L25,ref,-0.214231,0.006559,3,0,0;1;2;3;4;5;6;7;8;9;10;11;12;13;14;15;16;17;18;19;20;21;22;23;24;25;26;27;28;29;30;32
meta-llama/Meta-Llama-3.1-8B,asqa,DiffTask-long,md_mean_L26,ref,-0.216334,0.0047,3,0,0;1;2;3;4;5;6;7;8;9;10;11;12;13;14;15;16;17;18;19;20;21;22;23;24;25;26;27;28;29;30;32
meta-llama/Meta-Llama-3.1-8B,asqa,DiffTask-long,md_mean_L27,ref,-0.222108,0.006786,3,0,0;1;2;3;4;5;6;7;8;9;10;11;12;13;14;15;16;17;18;19;20;21;22;23;24;25;26;27;28;29;30;32
meta-llama/Meta-Llama-3.1-8B,asqa,DiffTask-long,md_mean_L28,ref,-0.212032,0.006645,3,0,0;1;2;3;4;5;6;7;8;9;10;11;12;13;14;15;16;17;18;19;20;21;22;23;24;25;26;27;28;29;30;32
meta-llama/Meta-Llama-3.1-8B,asqa,DiffTask-long,md_mean_L29,ref,-0.223872,0.005441,3,0,0;1;2;3;4;5;6;7;8;9;10;11;12;13;14;15;16;17;18;19;20;21;22;23;24;25;26;27;28;29;30;32
meta-llama/Meta-Llama-3.1-8B,asqa,DiffTask-long,md_mean_L3,ref,-0.03412,0.006496,3,0,0;1;2;3;4;5;6;7;8;9;10;11;12;13;14;15;16;17;18;19;20;21;22;23;24;25;26;27;28;29;30;32
meta-llama/Meta-Llama-3.1-8B,asqa,DiffTask-long,md_mean_L30,ref,-0.225012,0.005766,3,0,0;1;2;3;4;5;6;7;8;9;10;11;12;13;14;15;16;17;18;19;20;21;22;23;24;25;26;27;28;29;30;32
meta-llama/Meta-Llama-3.1-8B,asqa,DiffTask-long,md_mean_L32,ref,-0.109623,0.002479,3,0,0;1;2;3;4;5;6;7;8;9;10;11;12;13;14;15;16;17;18;19;20;21;22;23;24;25;26;27;28;29;30;32
meta-llama/Meta-Llama-3.1-8B,asqa,DiffTask-long,md_mean_L4,ref,-0.034562,0.00309,3,0,0;1;2;3;4;5;6;7;8;9;10;11;12;13;14;15;16;17;18;19;20;21;22;23;24;25;26;27;28;29;30;32
meta-llama/Meta-Llama-3.1-8B,asqa,DiffTask-long,md_mean_L5,ref,-0.059612,0.005612,3,0,0;1;2;3;4;5;6;7;8;9;10;11;12;13;14;15;16;17;18;19;20;21;22;23;24;25;26;27;28;29;30;32
meta-llama/Meta-Llama-3.1-8B,asqa,DiffTask-long,md_mean_L6,ref,-0.075562,0.007705,3,0,0;1;2;3;4;5;6;7;8;9;10;11;12;13;14;15;16;17;18;19;20;21;22;23;24;25;26;27;28;29;30;32
meta-llama/Meta-Llama-3.1-8B,asqa,DiffTask-long,md_mean_L7,ref,-0.096192,0.004322,3,0,0;1;2;3;4;5;6;7;8;9;10;11;12;13;14;15;16;17;18;19;20;21;22;23;24;25;26;27;28;29;30;32
meta-llama/Meta-Llama-3.1-8B,asqa,DiffTask-long,md_mean_L8,ref,-0.062665,0.010407,3,0,0;1;2;3;4;5;6;7;8;9;10;11;12;13;14;15;16;17;18;19;20;21;22;23;24;25;26;27;28;29;30;32
meta-llama/Meta-Llama-3.1-8B,asqa,DiffTask-long,md_mean_L9,ref,-0.071078,0.010171,3,0,0;1;2;3;4;5;6;7;8;9;10;11;12;13;14;15;16;17;18;19;20;21;22;23;24;25;26;27;28;29;30;32
meta-llama/Meta-Llama-3.1-8B,asqa,DiffTask-long,rmd_mean_L0,ref,0.174151,0.004595,3,0,0;1;2;3;4;5;6;7;8;9;10;11;12;13;14;15;16;17;18;19;20;21;22;23;24;25;26;27;28;29;30;32
meta-llama/Meta-Llama-3.1-8B,asqa,DiffTask-long,rmd_mean_L1,ref,0.145433,0.002563,3,0,0;1;2;3;4;5;6;7;8;9;10;11;12;13;14;15;16;17;18;19;20;21;22;23;24;25;26;27;28;29;30;32
meta-llama/Meta-Llama-3.1-8B,asqa,DiffTask-long,rmd_mean_L10,ref,0.005113,0.008105,3,0,0;1;2;3;4;5;6;7;8;9;10;11;12;13;14;15;16;17;18;19;20;21;22;23;24;25;26;27;28;29;30;32
meta-llama/Meta-Llama-3.1-8B,asqa,DiffTask-long,rmd_mean_L11,ref,-0.054408,0.005248,3,0,0;1;2;3;4;5;6;7;8;9;10;11;12;13;14;15;16;17;18;19;20;21;22;23;24;25;26;27;28;29;30;32
meta-llama/Meta-Llama-3.1-8B,asqa,DiffTask-long,rmd_mean_L12,ref,-0.053892,0.004749,3,0,0;1;2;3;4;5;6;7;8;9;10;11;12;13;14;15;16;17;18;19;20;21;22;23;24;25;26;27;28;29;30;32
meta-llama/Meta-Llama-3.1-8B,asqa,DiffTask-long,rmd_mean_L13,ref,-0.067265,0.005657,3,0,0;1;2;3;4;5;6;7;8;9;10;11;12;13;14;15;16;17;18;19;20;21;22;23;24;25;26;27;28;29;30;32
meta-llama/Meta-Llama-3.1-8B,asqa,DiffTask-long,rmd_mean_L14,ref,-0.040902,0.006078,3,0,0;1;2;3;4;5;6;7;8;9;10;11;12;13;14;15;16;17;18;19;20;21;22;23;24;25;26;27;28;29;30;32
meta-llama/Meta-Llama-3.1-8B,asqa,DiffTask-long,rmd_mean_L15,ref,-0.061578,0.002619,3,0,0;1;2;3;4;5;6;7;8;9;10;11;12;13;14;15;16;17;18;19;20;21;22;23;24;25;26;27;28;29;30;32
meta-llama/Meta-Llama-3.1-8B,asqa,DiffTask-long,rmd_mean_L16,ref,-0.100958,0.008496,3,0,0;1;2;3;4;5;6;7;8;9;10;11;12;13;14;15;16;17;18;19;20;21;22;23;24;25;26;27;28;29;30;32
meta-llama/Meta-Llama-3.1-8B,asqa,DiffTask-long,rmd_mean_L17,ref,-0.109377,0.011686,3,0,0;1;2;3;4;5;6;7;8;9;10;11;12;13;14;15;16;17;18;19;20;21;22;23;24;25;26;27;28;29;30;32
meta-llama/Meta-Llama-3.1-8B,asqa,DiffTask-long,rmd_mean_L18,ref,-0.09128,0.008631,3,0,0;1;2;3;4;5;6;7;8;9;10;11;12;13;14;15;16;17;18;19;20;21;22;23;24;25;26;27;28;29;30;32
meta-llama/Meta-Llama-3.1-8B,asqa,DiffTask-long,rmd_mean_L19,ref,-0.030709,0.013514,3,0,0;1;2;3;4;5;6;7;8;9;10;11;12;13;14;15;16;17;18;19;20;21;22;23;24;25;26;27;28;29;30;32
meta-llama/Meta-Llama-3.1-8B,asqa,DiffTask-long,rmd_mean_L2,ref,0.081204,0.002285,3,0,0;1;2;3;4;5;6;7;8;9;10;11;12;13;14;15;16;17;18;19;20;21;22;23;24;25;26;27;28;29;30;32
meta-llama/Meta-Llama-3.1-8B,asqa,DiffTask-long,rmd_mean_L20,ref,-0.133544,0.009949,3,0,0;1;2;3;4;5;6;7;8;9;10;11;12;13;14;15;16;17;18;19;20;21;22;23;24;25;26;27;28;29;30;32
meta-llama/Meta-Llama-3.1-8B,asqa,DiffTask-long,rmd_mean_L21,ref,-0.117493,0.01175,3,0,0;1;2;3;4;5;6;7;8;9;10;11;12;13;14;15;16;17;18;19;20;21;22;23;24;25;26;27;28;29;30;32
meta-llama/Meta-Llama-3.1-8B,asqa,DiffTask-long,rmd_mean_L22,ref,-0.072471,0.005982,3,0,0;1;2;3;4;5;6;7;8;9;10;11;12;13;14;15;16;17;18;19;20;21;22;23;24;25;26;27;28;29;30;32
meta-llama/Meta-Llama-3.1-8B,asqa,DiffTask-long,rmd_mean_L23,ref,-0.064675,0.011789,3,0,0;1;2;3;4;5;6;7;8;9;10;11;12;13;14;15;16;17;18;19;20;21;22;23;24;25;26;27;28;29;30;32
meta-llama/Meta-Llama-3.1-8B,asqa,DiffTask-long,rmd_mean_L24,ref,-0.068787,0.004902,3,0,0;1;2;3;4;5;6;7;8;9;10;11;12;13;14;15;16;17;18;19;20;21;22;23;24;25;26;27;28;29;30;32
meta-llama/Meta-Llama-3.1-8B,asqa,DiffTask-long,rmd_mean_L25,ref,-0.078127,0.008086,3,0,0;1;2;3;4;5;6;7;8;9;10;11;12;13;14;15;16;17;18;19;20;21;22;23;24;25;26;27;28;29;30;32
meta-llama/Meta-Llama-3.1-8B,asqa,DiffTask-long,rmd_mean_L26,ref,-0.106605,0.009918,3,0,0;1;2;3;4;5;6;7;8;9;10;11;12;13;14;15;16;17;18;19;20;21;22;23;24;25;26;27;28;29;30;32
meta-llama/Meta-Llama-3.1-8B,asqa,DiffTask-long,rmd_mean_L27,ref,-0.110044,0.010798,3,0,0;1;2;3;4;5;6;7;8;9;10;11;12;13;14;15;16;17;18;19;20;21;22;23;24;25;26;27;28;29;30;32
meta-llama/Meta-Llama-3.1-8B,asqa,DiffTask-long,rmd_mean_L28,ref,-0.126456,0.005828,3,0,0;1;2;3;4;5;6;7;8;9;10;11;12;13;14;15;16;17;18;19;20;21;22;23;24;25;26;27;28;29;30;32
meta-llama/Meta-Llama-3.1-8B,asqa,DiffTask-long,rmd_mean_L29,ref,-0.12832,0.005878,3,0,0;1;2;3;4;5;6;7;8;9;10;11;12;13;14;15;16;17;18;19;20;21;22;23;24;25;26;27;28;29;30;32
meta-llama/Meta-Llama-3.1-8B,asqa,DiffTask-long,rmd_mean_L3,ref,0.059408,0.000176,3,0,0;1;2;3;4;5;6;7;8;9;10;11;12;13;14;15;16;17;18;19;20;21;22;23;24;25;26;27;28;29;30;32
meta-llama/Meta-Llama-3.1-8B,asqa,DiffTask-long,rmd_mean_L30,ref,-0.128117,0.003707,3,0,0;1;2;3;4;5;6;7;8;9;10;11;12;13;14;15;16;17;18;19;20;21;22;23;24;25;26;27;28;29;30;32
meta-llama/Meta-Llama-3.1-8B,asqa,DiffTask-long,rmd_mean_L32,ref,-0.071777,0.012584,3,0,0;1;2;3;4;5;6;7;8;9;10;11;12;13;14;15;16;17;18;19;20;21;22;23;24;25;26;27;28;29;30;32
meta-llama/Meta-Llama-3.1-8B,asqa,DiffTask-long,rmd_mean_L4,ref,0.02787,0.016092,3,0,0;1;2;3;4;5;6;7;8;9;10;11;12;13;14;15;16;17;18;19;20;21;22;23;24;25;26;27;28;29;30;32
meta-llama/Meta-Llama-3.1-8B,asqa,DiffTask-long,rmd_mean_L5,ref,-0.000773,0.009222,3,0,0;1;2;3;4;5;6;7;8;9;10;11;12;13;14;15;16;17;18;19;20;21;22;23;24;25;26;27;28;29;30;32
meta-llama/Meta-Llama-3.1-8B,asqa,DiffTask-long,rmd_mean_L6,ref,-0.007386,0.017075,3,0,0;1;2;3;4;5;6;7;8;9;10;11;12;13;14;15;16;17;18;19;20;21;22;23;24;25;26;27;28;29;30;32
meta-llama/Meta-Llama-3.1-8B,asqa,DiffTask-long,rmd_mean_L7,ref,-0.005817,0.01279,3,0,0;1;2;3;4;5;6;7;8;9;10;11;12;13;14;15;16;17;18;19;20;21;22;23;24;25;26;27;28;29;30;32
meta-llama/Meta-Llama-3.1-8B,asqa,DiffTask-long,rmd_mean_L8,ref,0.013064,0.011912,3,0,0;1;2;3;4;5;6;7;8;9;10;11;12;13;14;15;16;17;18;19;20;21;22;23;24;25;26;27;28;29;30;32
meta-llama/Meta-Llama-3.1-8B,asqa,DiffTask-long,rmd_mean_L9,ref,0.011082,0.007985,3,0,0;1;2;3;4;5;6;7;8;9;10;11;12;13;14;15;16;17;18;19;20;21;22;23;24;25;26;27;28;29;30;32
meta-llama/Meta-Llama-3.1-8B,asqa,DiffTask-long,satmd_alllayer,ref,-0.038625,0.057622,3,0,0;1;2;3;4;5;6;7;8;9;10;11;12;13;14;15;16;17;18;19;20;21;22;23;24;25;26;27;28;29;30;32
meta-llama/Meta-Llama-3.1-8B,asqa,DiffTask-long,satrmd_alllayer,ref,-0.066697,0.009593,3,0,0;1;2;3;4;5;6;7;8;9;10;11;12;13;14;15;16;17;18;19;20;21;22;23;24;25;26;27;28;29;30;32
meta-llama/Meta-Llama-3.1-8B,asqa,ID,huq_satmd_alllayer,ref,0.053753,0.0,3,0,0;1;2;3;4;5;6;7;8;9;10;11;12;13;14;15;16;17;18;19;20;21;22;23;24;25;26;27;28;29;30;32
meta-llama/Meta-Llama-3.1-8B,asqa,ID,huq_satrmd_alllayer,ref,0.021932,0.0,3,0,0;1;2;3;4;5;6;7;8;9;10;11;12;13;14;15;16;17;18;19;20;21;22;23;24;25;26;27;28;29;30;32
meta-llama/Meta-Llama-3.1-8B,asqa,ID,md_mean_L0,ref,-0.08949,0.0,3,0,0;1;2;3;4;5;6;7;8;9;10;11;12;13;14;15;16;17;18;19;20;21;22;23;24;25;26;27;28;29;30;32
meta-llama/Meta-Llama-3.1-8B,asqa,ID,md_mean_L1,ref,-0.047967,0.0,3,0,0;1;2;3;4;5;6;7;8;9;10;11;12;13;14;15;16;17;18;19;20;21;22;23;24;25;26;27;28;29;30;32
meta-llama/Meta-Llama-3.1-8B,asqa,ID,md_mean_L10,ref,0.184716,0.0,3,0,0;1;2;3;4;5;6;7;8;9;10;11;12;13;14;15;16;17;18;19;20;21;22;23;24;25;26;27;28;29;30;32
meta-llama/Meta-Llama-3.1-8B,asqa,ID,md_mean_L11,ref,0.203029,0.0,3,0,0;1;2;3;4;5;6;7;8;9;10;11;12;13;14;15;16;17;18;19;20;21;22;23;24;25;26;27;28;29;30;32
meta-llama/Meta-Llama-3.1-8B,asqa,ID,md_mean_L12,ref,0.216453,0.0,3,0,0;1;2;3;4;5;6;7;8;9;10;11;12;13;14;15;16;17;18;19;20;21;22;23;24;25;26;27;28;29;30;32
meta-llama/Meta-Llama-3.1-8B,asqa,ID,md_mean_L13,ref,0.219562,0.0,3,0,0;1;2;3;4;5;6;7;8;9;10;11;12;13;14;15;16;17;18;19;20;21;22;23;24;25;26;27;28;29;30;32
meta-llama/Meta-Llama-3.1-8B,asqa,ID,md_mean_L14,ref,0.220261,0.0,3,0,0;1;2;3;4;5;6;7;8;9;10;11;12;13;14;15;16;17;18;19;20;21;22;23;24;25;26;27;28;29;30;32
meta-llama/Meta-Llama-3.1-8B,asqa,ID,md_mean_L15,ref,0.21675,0.0,3,0,0;1;2;3;4;5;6;7;8;9;10;11;12;13;14;15;16;17;18;19;20;21;22;23;24;25;26;27;28;29;30;32
meta-llama/Meta-Llama-3.1-8B,asqa,ID,md_mean_L16,ref,0.229549,0.0,3,0,0;1;2;3;4;5;6;7;8;9;10;11;12;13;14;15;16;17;18;19;20;21;22;23;24;25;26;27;28;29;30;32
meta-llama/Meta-Llama-3.1-8B,asqa,ID,md_mean_L17,ref,0.18704,0.0,3,0,0;1;2;3;4;5;6;7;8;9;10;11;12;13;14;15;16;17;18;19;20;21;22;23;24;25;26;27;28;29;30;32
meta-llama/Meta-Llama-3.1-8B,asqa,ID,md_mean_L18,ref,0.169723,0.0,3,0,0;1;2;3;4;5;6;7;8;9;10;11;12;13;14;15;16;17;18;19;20;21;22;23;24;25;26;27;28;29;30;32
meta-llama/Meta-Llama-3.1-8B,asqa,ID,md_mean_L19,ref,0.119882,0.0,3,0,0;1;2;3;4;5;6;7;8;9;10;11;12;13;14;15;16;17;18;19;20;21;22;23;24;25;26;27;28;29;30;32
meta-llama/Meta-Llama-3.1-8B,asqa,ID,md_mean_L2,ref,0.00101,0.0,3,0,0;1;2;3;4;5;6;7;8;9;10;11;12;13;14;15;16;17;18;19;20;21;22;23;24;25;26;27;28;29;30;32
meta-llama/Meta-Llama-3.1-8B,asqa,ID,md_mean_L20,ref,0.099374,0.0,3,0,0;1;2;3;4;5;6;7;8;9;10;11;12;13;14;15;16;17;18;19;20;21;22;23;24;25;26;27;28;29;30;32
meta-llama/Meta-Llama-3.1-8B,asqa,ID,md_mean_L21,ref,0.092139,0.0,3,0,0;1;2;3;4;5;6;7;8;9;10;11;12;13;14;15;16;17;18;19;20;21;22;23;24;25;26;27;28;29;30;32
meta-llama/Meta-Llama-3.1-8B,asqa,ID,md_mean_L22,ref,0.053928,0.0,3,0,0;1;2;3;4;5;6;7;8;9;10;11;12;13;14;15;16;17;18;19;20;21;22;23;24;25;26;27;28;29;30;32
meta-llama/Meta-Llama-3.1-8B,asqa,ID,md_mean_L23,ref,0.029785,0.0,3,0,0;1;2;3;4;5;6;7;8;9;10;11;12;13;14;15;16;17;18;19;20;21;22;23;24;25;26;27;28;29;30;32
meta-llama/Meta-Llama-3.1-8B,asqa,ID,md_mean_L24,ref,0.000871,0.0,3,0,0;1;2;3;4;5;6;7;8;9;10;11;12;13;14;15;16;17;18;19;20;21;22;23;24;25;26;27;28;29;30;32
meta-llama/Meta-Llama-3.1-8B,asqa,ID,md_mean_L25,ref,-0.036477,0.0,3,0,0;1;2;3;4;5;6;7;8;9;10;11;12;13;14;15;16;17;18;19;20;21;22;23;24;25;26;27;28;29;30;32
meta-llama/Meta-Llama-3.1-8B,asqa,ID,md_mean_L26,ref,-0.041135,0.0,3,0,0;1;2;3;4;5;6;7;8;9;10;11;12;13;14;15;16;17;18;19;20;21;22;23;24;25;26;27;28;29;30;32
meta-llama/Meta-Llama-3.1-8B,asqa,ID,md_mean_L27,ref,-0.054901,0.0,3,0,0;1;2;3;4;5;6;7;8;9;10;11;12;13;14;15;16;17;18;19;20;21;22;23;24;25;26;27;28;29;30;32
meta-llama/Meta-Llama-3.1-8B,asqa,ID,md_mean_L28,ref,-0.061744,0.0,3,0,0;1;2;3;4;5;6;7;8;9;10;11;12;13;14;15;16;17;18;19;20;21;22;23;24;25;26;27;28;29;30;32
meta-llama/Meta-Llama-3.1-8B,asqa,ID,md_mean_L29,ref,-0.071224,0.0,3,0,0;1;2;3;4;5;6;7;8;9;10;11;12;13;14;15;16;17;18;19;20;21;22;23;24;25;26;27;28;29;30;32
meta-llama/Meta-Llama-3.1-8B,asqa,ID,md_mean_L3,ref,0.064265,0.0,3,0,0;1;2;3;4;5;6;7;8;9;10;11;12;13;14;15;16;17;18;19;20;21;22;23;24;25;26;27;28;29;30;32
meta-llama/Meta-Llama-3.1-8B,asqa,ID,md_mean_L30,ref,-0.080584,0.0,3,0,0;1;2;3;4;5;6;7;8;9;10;11;12;13;14;15;16;17;18;19;20;21;22;23;24;25;26;27;28;29;30;32
meta-llama/Meta-Llama-3.1-8B,asqa,ID,md_mean_L32,ref,-0.02789,0.0,3,0,0;1;2;3;4;5;6;7;8;9;10;11;12;13;14;15;16;17;18;19;20;21;22;23;24;25;26;27;28;29;30;32
meta-llama/Meta-Llama-3.1-8B,asqa,ID,md_mean_L4,ref,0.090202,0.0,3,0,0;1;2;3;4;5;6;7;8;9;10;11;12;13;14;15;16;17;18;19;20;21;22;23;24;25;26;27;28;29;30;32
meta-llama/Meta-Llama-3.1-8B,asqa,ID,md_mean_L5,ref,0.107516,0.0,3,0,0;1;2;3;4;5;6;7;8;9;10;11;12;13;14;15;16;17;18;19;20;21;22;23;24;25;26;27;28;29;30;32
meta-llama/Meta-Llama-3.1-8B,asqa,ID,md_mean_L6,ref,0.118376,0.0,3,0,0;1;2;3;4;5;6;7;8;9;10;11;12;13;14;15;16;17;18;19;20;21;22;23;24;25;26;27;28;29;30;32
meta-llama/Meta-Llama-3.1-8B,asqa,ID,md_mean_L7,ref,0.145516,0.0,3,0,0;1;2;3;4;5;6;7;8;9;10;11;12;13;14;15;16;17;18;19;20;21;22;23;24;25;26;27;28;29;30;32
meta-llama/Meta-Llama-3.1-8B,asqa,ID,md_mean_L8,ref,0.157916,0.0,3,0,0;1;2;3;4;5;6;7;8;9;10;11;12;13;14;15;16;17;18;19;20;21;22;23;24;25;26;27;28;29;30;32
meta-llama/Meta-Llama-3.1-8B,asqa,ID,md_mean_L9,ref,0.163562,0.0,3,0,0;1;2;3;4;5;6;7;8;9;10;11;12;13;14;15;16;17;18;19;20;21;22;23;24;25;26;27;28;29;30;32
meta-llama/Meta-Llama-3.1-8B,asqa,ID,msp_satmd_alllayer,ref,0.265323,0.0,3,0,0;1;2;3;4;5;6;7;8;9;10;11;12;13;14;15;16;17;18;19;20;21;22;23;24;25;26;27;28;29;30;32
meta-llama/Meta-Llama-3.1-8B,asqa,ID,msp_satrmd_alllayer,ref,0.279395,0.0,3,0,0;1;2;3;4;5;6;7;8;9;10;11;12;13;14;15;16;17;18;19;20;21;22;23;24;25;26;27;28;29;30;32
meta-llama/Meta-Llama-3.1-8B,asqa,ID,rmd_mean_L0,ref,0.133053,0.0,3,0,0;1;2;3;4;5;6;7;8;9;10;11;12;13;14;15;16;17;18;19;20;21;22;23;24;25;26;27;28;29;30;32
meta-llama/Meta-Llama-3.1-8B,asqa,ID,rmd_mean_L1,ref,0.143583,0.0,3,0,0;1;2;3;4;5;6;7;8;9;10;11;12;13;14;15;16;17;18;19;20;21;22;23;24;25;26;27;28;29;30;32
meta-llama/Meta-Llama-3.1-8B,asqa,ID,rmd_mean_L10,ref,0.189666,0.0,3,0,0;1;2;3;4;5;6;7;8;9;10;11;12;13;14;15;16;17;18;19;20;21;22;23;24;25;26;27;28;29;30;32
meta-llama/Meta-Llama-3.1-8B,asqa,ID,rmd_mean_L11,ref,0.205305,0.0,3,0,0;1;2;3;4;5;6;7;8;9;10;11;12;13;14;15;16;17;18;19;20;21;22;23;24;25;26;27;28;29;30;32
meta-llama/Meta-Llama-3.1-8B,asqa,ID,rmd_mean_L12,ref,0.212735,0.0,3,0,0;1;2;3;4;5;6;7;8;9;10;11;12;13;14;15;16;17;18;19;20;21;22;23;24;25;26;27;28;29;30;32
meta-llama/Meta-Llama-3.1-8B,asqa,ID,rmd_mean_L13,ref,0.223333,0.0,3,0,0;1;2;3;4;5;6;7;8;9;10;11;12;13;14;15;16;17;18;19;20;21;22;23;24;25;26;27;28;29;30;32
meta-llama/Meta-Llama-3.1-8B,asqa,ID,rmd_mean_L14,ref,0.224678,0.0,3,0,0;1;2;3;4;5;6;7;8;9;10;11;12;13;14;15;16;17;18;19;20;21;22;23;24;25;26;27;28;29;30;32
meta-llama/Meta-Llama-3.1-8B,asqa,ID,rmd_mean_L15,ref,0.191385,0.0,3,0,0;1;2;3;4;5;6;7;8;9;10;11;12;13;14;15;16;17;18;19;20;21;22;23;24;25;26;27;28;29;30;32
meta-llama/Meta-Llama-3.1-8B,asqa,ID,rmd_mean_L16,ref,0.126459,0.0,3,0,0;1;2;3;4;5;6;7;8;9;10;11;12;13;14;15;16;17;18;19;20;21;22;23;24;25;26;27;28;29;30;32
meta-llama/Meta-Llama-3.1-8B,asqa,ID,rmd_mean_L17,ref,0.134629,0.0,3,0,0;1;2;3;4;5;6;7;8;9;10;11;12;13;14;15;16;17;18;19;20;21;22;23;24;25;26;27;28;29;30;32
meta-llama/Meta-Llama-3.1-8B,asqa,ID,rmd_mean_L18,ref,0.151976,0.0,3,0,0;1;2;3;4;5;6;7;8;9;10;11;12;13;14;15;16;17;18;19;20;21;22;23;24;25;26;27;28;29;30;32
meta-llama/Meta-Llama-3.1-8B,asqa,ID,rmd_mean_L19,ref,0.192726,0.0,3,0,0;1;2;3;4;5;6;7;8;9;10;11;12;13;14;15;16;17;18;19;20;21;22;23;24;25;26;27;28;29;30;32
meta-llama/Meta-Llama-3.1-8B,asqa,ID,rmd_mean_L2,ref,0.098114,0.0,3,0,0;1;2;3;4;5;6;7;8;9;10;11;12;13;14;15;16;17;18;19;20;21;22;23;24;25;26;27;28;29;30;32
meta-llama/Meta-Llama-3.1-8B,asqa,ID,rmd_mean_L20,ref,0.143412,0.0,3,0,0;1;2;3;4;5;6;7;8;9;10;11;12;13;14;15;16;17;18;19;20;21;22;23;24;25;26;27;28;29;30;32
meta-llama/Meta-Llama-3.1-8B,asqa,ID,rmd_mean_L21,ref,0.151026,0.0,3,0,0;1;2;3;4;5;6;7;8;9;10;11;12;13;14;15;16;17;18;19;20;21;22;23;24;25;26;27;28;29;30;32
meta-llama/Meta-Llama-3.1-8B,asqa,ID,rmd_mean_L22,ref,0.170393,0.0,3,0,0;1;2;3;4;5;6;7;8;9;10;11;12;13;14;15;16;17;18;19;20;21;22;23;24;25;26;27;28;29;30;32
meta-llama/Meta-Llama-3.1-8B,asqa,ID,rmd_mean_L23,ref,0.17959,0.0,3,0,0;1;2;3;4;5;6;7;8;9;10;11;12;13;14;15;16;17;18;19;20;21;22;23;24;25;26;27;28;29;30;32
meta-llama/Meta-Llama-3.1-8B,asqa,ID,rmd_mean_L24,ref,0.17856,0.0,3,0,0;1;2;3;4;5;6;7;8;9;10;11;12;13;14;15;16;17;18;19;20;21;22;23;24;25;26;27;28;29;30;32
meta-llama/Meta-Llama-3.1-8B,asqa,ID,rmd_mean_L25,ref,0.16911,0.0,3,0,0;1;2;3;4;5;6;7;8;9;10;11;12;13;14;15;16;17;18;19;20;21;22;23;24;25;26;27;28;29;30;32
meta-llama/Meta-Llama-3.1-8B,asqa,ID,rmd_mean_L26,ref,0.141059,0.0,3,0,0;1;2;3;4;5;6;7;8;9;10;11;12;13;14;15;16;17;18;19;20;21;22;23;24;25;26;27;28;29;30;32
meta-llama/Meta-Llama-3.1-8B,asqa,ID,rmd_mean_L27,ref,0.133281,0.0,3,0,0;1;2;3;4;5;6;7;8;9;10;11;12;13;14;15;16;17;18;19;20;21;22;23;24;25;26;27;28;29;30;32
meta-llama/Meta-Llama-3.1-8B,asqa,ID,rmd_mean_L28,ref,0.093737,0.0,3,0,0;1;2;3;4;5;6;7;8;9;10;11;12;13;14;15;16;17;18;19;20;21;22;23;24;25;26;27;28;29;30;32
meta-llama/Meta-Llama-3.1-8B,asqa,ID,rmd_mean_L29,ref,0.088942,0.0,3,0,0;1;2;3;4;5;6;7;8;9;10;11;12;13;14;15;16;17;18;19;20;21;22;23;24;25;26;27;28;29;30;32
meta-llama/Meta-Llama-3.1-8B,asqa,ID,rmd_mean_L3,ref,0.117458,0.0,3,0,0;1;2;3;4;5;6;7;8;9;10;11;12;13;14;15;16;17;18;19;20;21;22;23;24;25;26;27;28;29;30;32
meta-llama/Meta-Llama-3.1-8B,asqa,ID,rmd_mean_L30,ref,0.076757,0.0,3,0,0;1;2;3;4;5;6;7;8;9;10;11;12;13;14;15;16;17;18;19;20;21;22;23;24;25;26;27;28;29;30;32
meta-llama/Meta-Llama-3.1-8B,asqa,ID,rmd_mean_L32,ref,0.043186,0.0,3,0,0;1;2;3;4;5;6;7;8;9;10;11;12;13;14;15;16;17;18;19;20;21;22;23;24;25;26;27;28;29;30;32
meta-llama/Meta-Llama-3.1-8B,asqa,ID,rmd_mean_L4,ref,0.137788,0.0,3,0,0;1;2;3;4;5;6;7;8;9;10;11;12;13;14;15;16;17;18;19;20;21;22;23;24;25;26;27;28;29;30;32
meta-llama/Meta-Llama-3.1-8B,asqa,ID,rmd_mean_L5,ref,0.118272,0.0,3,0,0;1;2;3;4;5;6;7;8;9;10;11;12;13;14;15;16;17;18;19;20;21;22;23;24;25;26;27;28;29;30;32
meta-llama/Meta-Llama-3.1-8B,asqa,ID,rmd_mean_L6,ref,0.131292,0.0,3,0,0;1;2;3;4;5;6;7;8;9;10;11;12;13;14;15;16;17;18;19;20;21;22;23;24;25;26;27;28;29;30;32
meta-llama/Meta-Llama-3.1-8B,asqa,ID,rmd_mean_L7,ref,0.160489,0.0,3,0,0;1;2;3;4;5;6;7;8;9;10;11;12;13;14;15;16;17;18;19;20;21;22;23;24;25;26;27;28;29;30;32
meta-llama/Meta-Llama-3.1-8B,asqa,ID,rmd_mean_L8,ref,0.191833,0.0,3,0,0;1;2;3;4;5;6;7;8;9;10;11;12;13;14;15;16;17;18;19;20;21;22;23;24;25;26;27;28;29;30;32
meta-llama/Meta-Llama-3.1-8B,asqa,ID,rmd_mean_L9,ref,0.18667,0.0,3,0,0;1;2;3;4;5;6;7;8;9;10;11;12;13;14;15;16;17;18;19;20;21;22;23;24;25;26;27;28;29;30;32
meta-llama/Meta-Llama-3.1-8B,asqa,ID,satmd_alllayer,ref,0.053753,0.0,3,0,0;1;2;3;4;5;6;7;8;9;10;11;12;13;14;15;16;17;18;19;20;21;22;23;24;25;26;27;28;29;30;32
meta-llama/Meta-Llama-3.1-8B,asqa,ID,satrmd_alllayer,ref,0.020604,0.0,3,0,0;1;2;3;4;5;6;7;8;9;10;11;12;13;14;15;16;17;18;19;20;21;22;23;24;25;26;27;28;29;30;32
meta-llama/Meta-Llama-3.1-8B,asqa,LOO-long,huq_satmd_alllayer,ref,0.061122,0.021099,3,0,0;1;2;3;4;5;6;7;8;9;10;11;12;13;14;15;16;17;18;19;20;21;22;23;24;25;26;27;28;29;30;32
meta-llama/Meta-Llama-3.1-8B,asqa,LOO-long,huq_satrmd_alllayer,ref,0.049811,0.041001,3,0,0;1;2;3;4;5;6;7;8;9;10;11;12;13;14;15;16;17;18;19;20;21;22;23;24;25;26;27;28;29;30;32
meta-llama/Meta-Llama-3.1-8B,asqa,LOO-long,md_mean_L0,ref,-0.142981,0.004491,3,0,0;1;2;3;4;5;6;7;8;9;10;11;12;13;14;15;16;17;18;19;20;21;22;23;24;25;26;27;28;29;30;32
meta-llama/Meta-Llama-3.1-8B,asqa,LOO-long,md_mean_L1,ref,-0.159841,0.009941,3,0,0;1;2;3;4;5;6;7;8;9;10;11;12;13;14;15;16;17;18;19;20;21;22;23;24;25;26;27;28;29;30;32
meta-llama/Meta-Llama-3.1-8B,asqa,LOO-long,md_mean_L10,ref,0.001594,0.014324,3,0,0;1;2;3;4;5;6;7;8;9;10;11;12;13;14;15;16;17;18;19;20;21;22;23;24;25;26;27;28;29;30;32
meta-llama/Meta-Llama-3.1-8B,asqa,LOO-long,md_mean_L11,ref,-0.018568,0.012504,3,0,0;1;2;3;4;5;6;7;8;9;10;11;12;13;14;15;16;17;18;19;20;21;22;23;24;25;26;27;28;29;30;32
meta-llama/Meta-Llama-3.1-8B,asqa,LOO-long,md_mean_L12,ref,-0.025327,0.009181,3,0,0;1;2;3;4;5;6;7;8;9;10;11;12;13;14;15;16;17;18;19;20;21;22;23;24;25;26;27;28;29;30;32
meta-llama/Meta-Llama-3.1-8B,asqa,LOO-long,md_mean_L13,ref,-0.021314,0.008896,3,0,0;1;2;3;4;5;6;7;8;9;10;11;12;13;14;15;16;17;18;19;20;21;22;23;24;25;26;27;28;29;30;32
meta-llama/Meta-Llama-3.1-8B,asqa,LOO-long,md_mean_L14,ref,-0.000822,0.008583,3,0,0;1;2;3;4;5;6;7;8;9;10;11;12;13;14;15;16;17;18;19;20;21;22;23;24;25;26;27;28;29;30;32
meta-llama/Meta-Llama-3.1-8B,asqa,LOO-long,md_mean_L15,ref,0.043411,0.003968,3,0,0;1;2;3;4;5;6;7;8;9;10;11;12;13;14;15;16;17;18;19;20;21;22;23;24;25;26;27;28;29;30;32
meta-llama/Meta-Llama-3.1-8B,asqa,LOO-long,md_mean_L16,ref,0.071862,0.004409,3,0,0;1;2;3;4;5;6;7;8;9;10;11;12;13;14;15;16;17;18;19;20;21;22;23;24;25;26;27;28;29;30;32
meta-llama/Meta-Llama-3.1-8B,asqa,LOO-long,md_mean_L17,ref,0.007175,0.006603,3,0,0;1;2;3;4;5;6;7;8;9;10;11;12;13;14;15;16;17;18;19;20;21;22;23;24;25;26;27;28;29;30;32
meta-llama/Meta-Llama-3.1-8B,asqa,LOO-long,md_mean_L18,ref,0.00372,0.003902,3,0,0;1;2;3;4;5;6;7;8;9;10;11;12;13;14;15;16;17;18;19;20;21;22;23;24;25;26;27;28;29;30;32
meta-llama/Meta-Llama-3.1-8B,asqa,LOO-long,md_mean_L19,ref,-0.025383,0.002352,3,0,0;1;2;3;4;5;6;7;8;9;10;11;12;13;14;15;16;17;18;19;20;21;22;23;24;25;26;27;28;29;30;32
meta-llama/Meta-Llama-3.1-8B,asqa,LOO-long,md_mean_L2,ref,-0.094091,0.008069,3,0,0;1;2;3;4;5;6;7;8;9;10;11;12;13;14;15;16;17;18;19;20;21;22;23;24;25;26;27;28;29;30;32
meta-llama/Meta-Llama-3.1-8B,asqa,LOO-long,md_mean_L20,ref,-0.027177,0.005736,3,0,0;1;2;3;4;5;6;7;8;9;10;11;12;13;14;15;16;17;18;19;20;21;22;23;24;25;26;27;28;29;30;32
meta-llama/Meta-Llama-3.1-8B,asqa,LOO-long,md_mean_L21,ref,-0.05478,0.002831,3,0,0;1;2;3;4;5;6;7;8;9;10;11;12;13;14;15;16;17;18;19;20;21;22;23;24;25;26;27;28;29;30;32
meta-llama/Meta-Llama-3.1-8B,asqa,LOO-long,md_mean_L22,ref,-0.093617,0.001423,3,0,0;1;2;3;4;5;6;7;8;9;10;11;12;13;14;15;16;17;18;19;20;21;22;23;24;25;26;27;28;29;30;32
meta-llama/Meta-Llama-3.1-8B,asqa,LOO-long,md_mean_L23,ref,-0.09778,0.003209,3,0,0;1;2;3;4;5;6;7;8;9;10;11;12;13;14;15;16;17;18;19;20;21;22;23;24;25;26;27;28;29;30;32
meta-llama/Meta-Llama-3.1-8B,asqa,LOO-long,md_mean_L24,ref,-0.132918,0.00475,3,0,0;1;2;3;4;5;6;7;8;9;10;11;12;13;14;15;16;17;18;19;20;21;22;23;24;25;26;27;28;29;30;32
meta-llama/Meta-Llama-3.1-8B,asqa,LOO-long,md_mean_L25,ref,-0.164647,0.002765,3,0,0;1;2;3;4;5;6;7;8;9;10;11;12;13;14;15;16;17;18;19;20;21;22;23;24;25;26;27;28;29;30;32
meta-llama/Meta-Llama-3.1-8B,asqa,LOO-long,md_mean_L26,ref,-0.175746,0.004245,3,0,0;1;2;3;4;5;6;7;8;9;10;11;12;13;14;15;16;17;18;19;20;21;22;23;24;25;26;27;28;29;30;32
meta-llama/Meta-Llama-3.1-8B,asqa,LOO-long,md_mean_L27,ref,-0.186862,0.005219,3,0,0;1;2;3;4;5;6;7;8;9;10;11;12;13;14;15;16;17;18;19;20;21;22;23;24;25;26;27;28;29;30;32
meta-llama/Meta-Llama-3.1-8B,asqa,LOO-long,md_mean_L28,ref,-0.183253,0.005897,3,0,0;1;2;3;4;5;6;7;8;9;10;11;12;13;14;15;16;17;18;19;20;21;22;23;24;25;26;27;28;29;30;32
meta-llama/Meta-Llama-3.1-8B,asqa,LOO-long,md_mean_L29,ref,-0.199892,0.005218,3,0,0;1;2;3;4;5;6;7;8;9;10;11;12;13;14;15;16;17;18;19;20;21;22;23;24;25;26;27;28;29;30;32
meta-llama/Meta-Llama-3.1-8B,asqa,LOO-long,md_mean_L3,ref,-0.021031,0.007311,3,0,0;1;2;3;4;5;6;7;8;9;10;11;12;13;14;15;16;17;18;19;20;21;22;23;24;25;26;27;28;29;30;32
meta-llama/Meta-Llama-3.1-8B,asqa,LOO-long,md_mean_L30,ref,-0.20373,0.006494,3,0,0;1;2;3;4;5;6;7;8;9;10;11;12;13;14;15;16;17;18;19;20;21;22;23;24;25;26;27;28;29;30;32
meta-llama/Meta-Llama-3.1-8B,asqa,LOO-long,md_mean_L32,ref,-0.080086,0.001644,3,0,0;1;2;3;4;5;6;7;8;9;10;11;12;13;14;15;16;17;18;19;20;21;22;23;24;25;26;27;28;29;30;32
meta-llama/Meta-Llama-3.1-8B,asqa,LOO-long,md_mean_L4,ref,-0.007246,0.008844,3,0,0;1;2;3;4;5;6;7;8;9;10;11;12;13;14;15;16;17;18;19;20;21;22;23;24;25;26;27;28;29;30;32
meta-llama/Meta-Llama-3.1-8B,asqa,LOO-long,md_mean_L5,ref,-0.020706,0.006493,3,0,0;1;2;3;4;5;6;7;8;9;10;11;12;13;14;15;16;17;18;19;20;21;22;23;24;25;26;27;28;29;30;32
meta-llama/Meta-Llama-3.1-8B,asqa,LOO-long,md_mean_L6,ref,-0.025449,0.003737,3,0,0;1;2;3;4;5;6;7;8;9;10;11;12;13;14;15;16;17;18;19;20;21;22;23;24;25;26;27;28;29;30;32
meta-llama/Meta-Llama-3.1-8B,asqa,LOO-long,md_mean_L7,ref,-0.059277,0.007162,3,0,0;1;2;3;4;5;6;7;8;9;10;11;12;13;14;15;16;17;18;19;20;21;22;23;24;25;26;27;28;29;30;32
meta-llama/Meta-Llama-3.1-8B,asqa,LOO-long,md_mean_L8,ref,-0.039163,0.013759,3,0,0;1;2;3;4;5;6;7;8;9;10;11;12;13;14;15;16;17;18;19;20;21;22;23;24;25;26;27;28;29;30;32
meta-llama/Meta-Llama-3.1-8B,asqa,LOO-long,md_mean_L9,ref,-0.048209,0.012666,3,0,0;1;2;3;4;5;6;7;8;9;10;11;12;13;14;15;16;17;18;19;20;21;22;23;24;25;26;27;28;29;30;32
meta-llama/Meta-Llama-3.1-8B,asqa,LOO-long,rmd_mean_L0,ref,0.205422,0.003754,3,0,0;1;2;3;4;5;6;7;8;9;10;11;12;13;14;15;16;17;18;19;20;21;22;23;24;25;26;27;28;29;30;32
meta-llama/Meta-Llama-3.1-8B,asqa,LOO-long,rmd_mean_L1,ref,0.165842,0.004486,3,0,0;1;2;3;4;5;6;7;8;9;10;11;12;13;14;15;16;17;18;19;20;21;22;23;24;25;26;27;28;29;30;32
meta-llama/Meta-Llama-3.1-8B,asqa,LOO-long,rmd_mean_L10,ref,0.067489,0.009585,3,0,0;1;2;3;4;5;6;7;8;9;10;11;12;13;14;15;16;17;18;19;20;21;22;23;24;25;26;27;28;29;30;32
meta-llama/Meta-Llama-3.1-8B,asqa,LOO-long,rmd_mean_L11,ref,0.008896,0.004375,3,0,0;1;2;3;4;5;6;7;8;9;10;11;12;13;14;15;16;17;18;19;20;21;22;23;24;25;26;27;28;29;30;32
meta-llama/Meta-Llama-3.1-8B,asqa,LOO-long,rmd_mean_L12,ref,0.029195,0.004769,3,0,0;1;2;3;4;5;6;7;8;9;10;11;12;13;14;15;16;17;18;19;20;21;22;23;24;25;26;27;28;29;30;32
meta-llama/Meta-Llama-3.1-8B,asqa,LOO-long,rmd_mean_L13,ref,0.009294,0.006963,3,0,0;1;2;3;4;5;6;7;8;9;10;11;12;13;14;15;16;17;18;19;20;21;22;23;24;25;26;27;28;29;30;32
meta-llama/Meta-Llama-3.1-8B,asqa,LOO-long,rmd_mean_L14,ref,0.031819,0.002029,3,0,0;1;2;3;4;5;6;7;8;9;10;11;12;13;14;15;16;17;18;19;20;21;22;23;24;25;26;27;28;29;30;32
meta-llama/Meta-Llama-3.1-8B,asqa,LOO-long,rmd_mean_L15,ref,0.010418,0.007936,3,0,0;1;2;3;4;5;6;7;8;9;10;11;12;13;14;15;16;17;18;19;20;21;22;23;24;25;26;27;28;29;30;32
meta-llama/Meta-Llama-3.1-8B,asqa,LOO-long,rmd_mean_L16,ref,-0.043146,0.012976,3,0,0;1;2;3;4;5;6;7;8;9;10;11;12;13;14;15;16;17;18;19;20;21;22;23;24;25;26;27;28;29;30;32
meta-llama/Meta-Llama-3.1-8B,asqa,LOO-long,rmd_mean_L17,ref,-0.037406,0.010376,3,0,0;1;2;3;4;5;6;7;8;9;10;11;12;13;14;15;16;17;18;19;20;21;22;23;24;25;26;27;28;29;30;32
meta-llama/Meta-Llama-3.1-8B,asqa,LOO-long,rmd_mean_L18,ref,0.000483,0.001416,3,0,0;1;2;3;4;5;6;7;8;9;10;11;12;13;14;15;16;17;18;19;20;21;22;23;24;25;26;27;28;29;30;32
meta-llama/Meta-Llama-3.1-8B,asqa,LOO-long,rmd_mean_L19,ref,0.03195,0.009336,3,0,0;1;2;3;4;5;6;7;8;9;10;11;12;13;14;15;16;17;18;19;20;21;22;23;24;25;26;27;28;29;30;32
meta-llama/Meta-Llama-3.1-8B,asqa,LOO-long,rmd_mean_L2,ref,0.125469,0.008,3,0,0;1;2;3;4;5;6;7;8;9;10;11;12;13;14;15;16;17;18;19;20;21;22;23;24;25;26;27;28;29;30;32
meta-llama/Meta-Llama-3.1-8B,asqa,LOO-long,rmd_mean_L20,ref,-0.066176,0.004135,3,0,0;1;2;3;4;5;6;7;8;9;10;11;12;13;14;15;16;17;18;19;20;21;22;23;24;25;26;27;28;29;30;32
meta-llama/Meta-Llama-3.1-8B,asqa,LOO-long,rmd_mean_L21,ref,-0.030054,0.015675,3,0,0;1;2;3;4;5;6;7;8;9;10;11;12;13;14;15;16;17;18;19;20;21;22;23;24;25;26;27;28;29;30;32
meta-llama/Meta-Llama-3.1-8B,asqa,LOO-long,rmd_mean_L22,ref,0.009878,0.015812,3,0,0;1;2;3;4;5;6;7;8;9;10;11;12;13;14;15;16;17;18;19;20;21;22;23;24;25;26;27;28;29;30;32
meta-llama/Meta-Llama-3.1-8B,asqa,LOO-long,rmd_mean_L23,ref,0.014849,0.017213,3,0,0;1;2;3;4;5;6;7;8;9;10;11;12;13;14;15;16;17;18;19;20;21;22;23;24;25;26;27;28;29;30;32
meta-llama/Meta-Llama-3.1-8B,asqa,LOO-long,rmd_mean_L24,ref,0.01437,0.018588,3,0,0;1;2;3;4;5;6;7;8;9;10;11;12;13;14;15;16;17;18;19;20;21;22;23;24;25;26;27;28;29;30;32
meta-llama/Meta-Llama-3.1-8B,asqa,LOO-long,rmd_mean_L25,ref,0.014917,0.023786,3,0,0;1;2;3;4;5;6;7;8;9;10;11;12;13;14;15;16;17;18;19;20;21;22;23;24;25;26;27;28;29;30;32
meta-llama/Meta-Llama-3.1-8B,asqa,LOO-long,rmd_mean_L26,ref,-0.009849,0.018745,3,0,0;1;2;3;4;5;6;7;8;9;10;11;12;13;14;15;16;17;18;19;20;21;22;23;24;25;26;27;28;29;30;32
meta-llama/Meta-Llama-3.1-8B,asqa,LOO-long,rmd_mean_L27,ref,-0.013582,0.016505,3,0,0;1;2;3;4;5;6;7;8;9;10;11;12;13;14;15;16;17;18;19;20;21;22;23;24;25;26;27;28;29;30;32
meta-llama/Meta-Llama-3.1-8B,asqa,LOO-long,rmd_mean_L28,ref,-0.041602,0.005771,3,0,0;1;2;3;4;5;6;7;8;9;10;11;12;13;14;15;16;17;18;19;20;21;22;23;24;25;26;27;28;29;30;32
meta-llama/Meta-Llama-3.1-8B,asqa,LOO-long,rmd_mean_L29,ref,-0.04031,0.004551,3,0,0;1;2;3;4;5;6;7;8;9;10;11;12;13;14;15;16;17;18;19;20;21;22;23;24;25;26;27;28;29;30;32
meta-llama/Meta-Llama-3.1-8B,asqa,LOO-long,rmd_mean_L3,ref,0.102736,0.008067,3,0,0;1;2;3;4;5;6;7;8;9;10;11;12;13;14;15;16;17;18;19;20;21;22;23;24;25;26;27;28;29;30;32
meta-llama/Meta-Llama-3.1-8B,asqa,LOO-long,rmd_mean_L30,ref,-0.046606,0.003008,3,0,0;1;2;3;4;5;6;7;8;9;10;11;12;13;14;15;16;17;18;19;20;21;22;23;24;25;26;27;28;29;30;32
meta-llama/Meta-Llama-3.1-8B,asqa,LOO-long,rmd_mean_L32,ref,0.00179,0.009238,3,0,0;1;2;3;4;5;6;7;8;9;10;11;12;13;14;15;16;17;18;19;20;21;22;23;24;25;26;27;28;29;30;32
meta-llama/Meta-Llama-3.1-8B,asqa,LOO-long,rmd_mean_L4,ref,0.100464,0.016178,3,0,0;1;2;3;4;5;6;7;8;9;10;11;12;13;14;15;16;17;18;19;20;21;22;23;24;25;26;27;28;29;30;32
meta-llama/Meta-Llama-3.1-8B,asqa,LOO-long,rmd_mean_L5,ref,0.062738,0.01891,3,0,0;1;2;3;4;5;6;7;8;9;10;11;12;13;14;15;16;17;18;19;20;21;22;23;24;25;26;27;28;29;30;32
meta-llama/Meta-Llama-3.1-8B,asqa,LOO-long,rmd_mean_L6,ref,0.080201,0.012349,3,0,0;1;2;3;4;5;6;7;8;9;10;11;12;13;14;15;16;17;18;19;20;21;22;23;24;25;26;27;28;29;30;32
meta-llama/Meta-Llama-3.1-8B,asqa,LOO-long,rmd_mean_L7,ref,0.06559,0.012555,3,0,0;1;2;3;4;5;6;7;8;9;10;11;12;13;14;15;16;17;18;19;20;21;22;23;24;25;26;27;28;29;30;32
meta-llama/Meta-Llama-3.1-8B,asqa,LOO-long,rmd_mean_L8,ref,0.078983,0.009849,3,0,0;1;2;3;4;5;6;7;8;9;10;11;12;13;14;15;16;17;18;19;20;21;22;23;24;25;26;27;28;29;30;32
meta-llama/Meta-Llama-3.1-8B,asqa,LOO-long,rmd_mean_L9,ref,0.070814,0.013013,3,0,0;1;2;3;4;5;6;7;8;9;10;11;12;13;14;15;16;17;18;19;20;21;22;23;24;25;26;27;28;29;30;32
meta-llama/Meta-Llama-3.1-8B,asqa,LOO-long,satmd_alllayer,ref,0.043701,0.021632,3,0,0;1;2;3;4;5;6;7;8;9;10;11;12;13;14;15;16;17;18;19;20;21;22;23;24;25;26;27;28;29;30;32
meta-llama/Meta-Llama-3.1-8B,asqa,LOO-long,satrmd_alllayer,ref,-0.009344,0.044865,3,0,0;1;2;3;4;5;6;7;8;9;10;11;12;13;14;15;16;17;18;19;20;21;22;23;24;25;26;27;28;29;30;32
meta-llama/Meta-Llama-3.1-8B,asqa,SameTask-long,huq_satmd_alllayer,ref,0.138302,0.016605,3,0,0;1;2;3;4;5;6;7;8;9;10;11;12;13;14;15;16;17;18;19;20;21;22;23;24;25;26;27;28;29;30;32
meta-llama/Meta-Llama-3.1-8B,asqa,SameTask-long,huq_satrmd_alllayer,ref,0.106973,0.045961,3,0,0;1;2;3;4;5;6;7;8;9;10;11;12;13;14;15;16;17;18;19;20;21;22;23;24;25;26;27;28;29;30;32
meta-llama/Meta-Llama-3.1-8B,asqa,SameTask-long,md_mean_L0,ref,-0.04819,0.002073,3,0,0;1;2;3;4;5;6;7;8;9;10;11;12;13;14;15;16;17;18;19;20;21;22;23;24;25;26;27;28;29;30;32
meta-llama/Meta-Llama-3.1-8B,asqa,SameTask-long,md_mean_L1,ref,-0.042316,0.005095,3,0,0;1;2;3;4;5;6;7;8;9;10;11;12;13;14;15;16;17;18;19;20;21;22;23;24;25;26;27;28;29;30;32
meta-llama/Meta-Llama-3.1-8B,asqa,SameTask-long,md_mean_L10,ref,0.131324,0.002985,3,0,0;1;2;3;4;5;6;7;8;9;10;11;12;13;14;15;16;17;18;19;20;21;22;23;24;25;26;27;28;29;30;32
meta-llama/Meta-Llama-3.1-8B,asqa,SameTask-long,md_mean_L11,ref,0.148645,0.001968,3,0,0;1;2;3;4;5;6;7;8;9;10;11;12;13;14;15;16;17;18;19;20;21;22;23;24;25;26;27;28;29;30;32
meta-llama/Meta-Llama-3.1-8B,asqa,SameTask-long,md_mean_L12,ref,0.168148,0.004188,3,0,0;1;2;3;4;5;6;7;8;9;10;11;12;13;14;15;16;17;18;19;20;21;22;23;24;25;26;27;28;29;30;32
meta-llama/Meta-Llama-3.1-8B,asqa,SameTask-long,md_mean_L13,ref,0.181517,0.004005,3,0,0;1;2;3;4;5;6;7;8;9;10;11;12;13;14;15;16;17;18;19;20;21;22;23;24;25;26;27;28;29;30;32
meta-llama/Meta-Llama-3.1-8B,asqa,SameTask-long,md_mean_L14,ref,0.191056,0.00473,3,0,0;1;2;3;4;5;6;7;8;9;10;11;12;13;14;15;16;17;18;19;20;21;22;23;24;25;26;27;28;29;30;32
meta-llama/Meta-Llama-3.1-8B,asqa,SameTask-long,md_mean_L15,ref,0.215507,0.003875,3,0,0;1;2;3;4;5;6;7;8;9;10;11;12;13;14;15;16;17;18;19;20;21;22;23;24;25;26;27;28;29;30;32
meta-llama/Meta-Llama-3.1-8B,asqa,SameTask-long,md_mean_L16,ref,0.237257,0.003502,3,0,0;1;2;3;4;5;6;7;8;9;10;11;12;13;14;15;16;17;18;19;20;21;22;23;24;25;26;27;28;29;30;32
meta-llama/Meta-Llama-3.1-8B,asqa,SameTask-long,md_mean_L17,ref,0.184724,0.00169,3,0,0;1;2;3;4;5;6;7;8;9;10;11;12;13;14;15;16;17;18;19;20;21;22;23;24;25;26;27;28;29;30;32
meta-llama/Meta-Llama-3.1-8B,asqa,SameTask-long,md_mean_L18,ref,0.170802,0.001426,3,0,0;1;2;3;4;5;6;7;8;9;10;11;12;13;14;15;16;17;18;19;20;21;22;23;24;25;26;27;28;29;30;32
meta-llama/Meta-Llama-3.1-8B,asqa,SameTask-long,md_mean_L19,ref,0.132969,0.002001,3,0,0;1;2;3;4;5;6;7;8;9;10;11;12;13;14;15;16;17;18;19;20;21;22;23;24;25;26;27;28;29;30;32
meta-llama/Meta-Llama-3.1-8B,asqa,SameTask-long,md_mean_L2,ref,-0.00097,0.003713,3,0,0;1;2;3;4;5;6;7;8;9;10;11;12;13;14;15;16;17;18;19;20;21;22;23;24;25;26;27;28;29;30;32
meta-llama/Meta-Llama-3.1-8B,asqa,SameTask-long,md_mean_L20,ref,0.146406,0.001443,3,0,0;1;2;3;4;5;6;7;8;9;10;11;12;13;14;15;16;17;18;19;20;21;22;23;24;25;26;27;28;29;30;32
meta-llama/Meta-Llama-3.1-8B,asqa,SameTask-long,md_mean_L21,ref,0.123269,0.003699,3,0,0;1;2;3;4;5;6;7;8;9;10;11;12;13;14;15;16;17;18;19;20;21;22;23;24;25;26;27;28;29;30;32
meta-llama/Meta-Llama-3.1-8B,asqa,SameTask-long,md_mean_L22,ref,0.111584,0.00369,3,0,0;1;2;3;4;5;6;7;8;9;10;11;12;13;14;15;16;17;18;19;20;21;22;23;24;25;26;27;28;29;30;32
meta-llama/Meta-Llama-3.1-8B,asqa,SameTask-long,md_mean_L23,ref,0.119356,0.004185,3,0,0;1;2;3;4;5;6;7;8;9;10;11;12;13;14;15;16;17;18;19;20;21;22;23;24;25;26;27;28;29;30;32
meta-llama/Meta-Llama-3.1-8B,asqa,SameTask-long,md_mean_L24,ref,0.112264,0.006297,3,0,0;1;2;3;4;5;6;7;8;9;10;11;12;13;14;15;16;17;18;19;20;21;22;23;24;25;26;27;28;29;30;32
meta-llama/Meta-Llama-3.1-8B,asqa,SameTask-long,md_mean_L25,ref,0.094765,0.006523,3,0,0;1;2;3;4;5;6;7;8;9;10;11;12;13;14;15;16;17;18;19;20;21;22;23;24;25;26;27;28;29;30;32
meta-llama/Meta-Llama-3.1-8B,asqa,SameTask-long,md_mean_L26,ref,0.105867,0.006345,3,0,0;1;2;3;4;5;6;7;8;9;10;11;12;13;14;15;16;17;18;19;20;21;22;23;24;25;26;27;28;29;30;32
meta-llama/Meta-Llama-3.1-8B,asqa,SameTask-long,md_mean_L27,ref,0.120817,0.005938,3,0,0;1;2;3;4;5;6;7;8;9;10;11;12;13;14;15;16;17;18;19;20;21;22;23;24;25;26;27;28;29;30;32
meta-llama/Meta-Llama-3.1-8B,asqa,SameTask-long,md_mean_L28,ref,0.140006,0.006115,3,0,0;1;2;3;4;5;6;7;8;9;10;11;12;13;14;15;16;17;18;19;20;21;22;23;24;25;26;27;28;29;30;32
meta-llama/Meta-Llama-3.1-8B,asqa,SameTask-long,md_mean_L29,ref,0.138935,0.00388,3,0,0;1;2;3;4;5;6;7;8;9;10;11;12;13;14;15;16;17;18;19;20;21;22;23;24;25;26;27;28;29;30;32
meta-llama/Meta-Llama-3.1-8B,asqa,SameTask-long,md_mean_L3,ref,0.056029,0.002768,3,0,0;1;2;3;4;5;6;7;8;9;10;11;12;13;14;15;16;17;18;19;20;21;22;23;24;25;26;27;28;29;30;32
meta-llama/Meta-Llama-3.1-8B,asqa,SameTask-long,md_mean_L30,ref,0.141457,0.006763,3,0,0;1;2;3;4;5;6;7;8;9;10;11;12;13;14;15;16;17;18;19;20;21;22;23;24;25;26;27;28;29;30;32
meta-llama/Meta-Llama-3.1-8B,asqa,SameTask-long,md_mean_L32,ref,0.075266,0.001694,3,0,0;1;2;3;4;5;6;7;8;9;10;11;12;13;14;15;16;17;18;19;20;21;22;23;24;25;26;27;28;29;30;32
meta-llama/Meta-Llama-3.1-8B,asqa,SameTask-long,md_mean_L4,ref,0.095713,0.004725,3,0,0;1;2;3;4;5;6;7;8;9;10;11;12;13;14;15;16;17;18;19;20;21;22;23;24;25;26;27;28;29;30;32
meta-llama/Meta-Llama-3.1-8B,asqa,SameTask-long,md_mean_L5,ref,0.096056,0.002145,3,0,0;1;2;3;4;5;6;7;8;9;10;11;12;13;14;15;16;17;18;19;20;21;22;23;24;25;26;27;28;29;30;32
meta-llama/Meta-Llama-3.1-8B,asqa,SameTask-long,md_mean_L6,ref,0.115291,0.001187,3,0,0;1;2;3;4;5;6;7;8;9;10;11;12;13;14;15;16;17;18;19;20;21;22;23;24;25;26;27;28;29;30;32
meta-llama/Meta-Llama-3.1-8B,asqa,SameTask-long,md_mean_L7,ref,0.100571,0.00467,3,0,0;1;2;3;4;5;6;7;8;9;10;11;12;13;14;15;16;17;18;19;20;21;22;23;24;25;26;27;28;29;30;32
meta-llama/Meta-Llama-3.1-8B,asqa,SameTask-long,md_mean_L8,ref,0.119055,0.002071,3,0,0;1;2;3;4;5;6;7;8;9;10;11;12;13;14;15;16;17;18;19;20;21;22;23;24;25;26;27;28;29;30;32
meta-llama/Meta-Llama-3.1-8B,asqa,SameTask-long,md_mean_L9,ref,0.103729,0.00401,3,0,0;1;2;3;4;5;6;7;8;9;10;11;12;13;14;15;16;17;18;19;20;21;22;23;24;25;26;27;28;29;30;32
meta-llama/Meta-Llama-3.1-8B,asqa,SameTask-long,msp_satmd_alllayer,ref,0.195559,0.035322,3,0,0;1;2;3;4;5;6;7;8;9;10;11;12;13;14;15;16;17;18;19;20;21;22;23;24;25;26;27;28;29;30;32
meta-llama/Meta-Llama-3.1-8B,asqa,SameTask-long,msp_satrmd_alllayer,ref,0.247127,0.033084,3,0,0;1;2;3;4;5;6;7;8;9;10;11;12;13;14;15;16;17;18;19;20;21;22;23;24;25;26;27;28;29;30;32
meta-llama/Meta-Llama-3.1-8B,asqa,SameTask-long,rmd_mean_L0,ref,0.226356,0.002818,3,0,0;1;2;3;4;5;6;7;8;9;10;11;12;13;14;15;16;17;18;19;20;21;22;23;24;25;26;27;28;29;30;32
meta-llama/Meta-Llama-3.1-8B,asqa,SameTask-long,rmd_mean_L1,ref,0.169182,0.006815,3,0,0;1;2;3;4;5;6;7;8;9;10;11;12;13;14;15;16;17;18;19;20;21;22;23;24;25;26;27;28;29;30;32
meta-llama/Meta-Llama-3.1-8B,asqa,SameTask-long,rmd_mean_L10,ref,0.150384,0.002965,3,0,0;1;2;3;4;5;6;7;8;9;10;11;12;13;14;15;16;17;18;19;20;21;22;23;24;25;26;27;28;29;30;32
meta-llama/Meta-Llama-3.1-8B,asqa,SameTask-long,rmd_mean_L11,ref,0.162202,0.002505,3,0,0;1;2;3;4;5;6;7;8;9;10;11;12;13;14;15;16;17;18;19;20;21;22;23;24;25;26;27;28;29;30;32
meta-llama/Meta-Llama-3.1-8B,asqa,SameTask-long,rmd_mean_L12,ref,0.189549,0.003244,3,0,0;1;2;3;4;5;6;7;8;9;10;11;12;13;14;15;16;17;18;19;20;21;22;23;24;25;26;27;28;29;30;32
meta-llama/Meta-Llama-3.1-8B,asqa,SameTask-long,rmd_mean_L13,ref,0.186456,0.004335,3,0,0;1;2;3;4;5;6;7;8;9;10;11;12;13;14;15;16;17;18;19;20;21;22;23;24;25;26;27;28;29;30;32
meta-llama/Meta-Llama-3.1-8B,asqa,SameTask-long,rmd_mean_L14,ref,0.191809,0.003847,3,0,0;1;2;3;4;5;6;7;8;9;10;11;12;13;14;15;16;17;18;19;20;21;22;23;24;25;26;27;28;29;30;32
meta-llama/Meta-Llama-3.1-8B,asqa,SameTask-long,rmd_mean_L15,ref,0.186386,0.001996,3,0,0;1;2;3;4;5;6;7;8;9;10;11;12;13;14;15;16;17;18;19;20;21;22;23;24;25;26;27;28;29;30;32
meta-llama/Meta-Llama-3.1-8B,asqa,SameTask-long,rmd_mean_L16,ref,0.179513,0.004204,3,0,0;1;2;3;4;5;6;7;8;9;10;11;12;13;14;15;16;17;18;19;20;21;22;23;24;25;26;27;28;29;30;32
meta-llama/Meta-Llama-3.1-8B,asqa,SameTask-long,rmd_mean_L17,ref,0.168525,0.003358,3,0,0;1;2;3;4;5;6;7;8;9;10;11;12;13;14;15;16;17;18;19;20;21;22;23;24;25;26;27;28;29;30;32
meta-llama/Meta-Llama-3.1-8B,asqa,SameTask-long,rmd_mean_L18,ref,0.169771,0.00508,3,0,0;1;2;3;4;5;6;7;8;9;10;11;12;13;14;15;16;17;18;19;20;21;22;23;24;25;26;27;28;29;30;32
meta-llama/Meta-Llama-3.1-8B,asqa,SameTask-long,rmd_mean_L19,ref,0.161325,0.002984,3,0,0;1;2;3;4;5;6;7;8;9;10;11;12;13;14;15;16;17;18;19;20;21;22;23;24;25;26;27;28;29;30;32
meta-llama/Meta-Llama-3.1-8B,asqa,SameTask-long,rmd_mean_L2,ref,0.151086,0.002677,3,0,0;1;2;3;4;5;6;7;8;9;10;11;12;13;14;15;16;17;18;19;20;21;22;23;24;25;26;27;28;29;30;32
meta-llama/Meta-Llama-3.1-8B,asqa,SameTask-long,rmd_mean_L20,ref,0.166985,0.003372,3,0,0;1;2;3;4;5;6;7;8;9;10;11;12;13;14;15;16;17;18;19;20;21;22;23;24;25;26;27;28;29;30;32
meta-llama/Meta-Llama-3.1-8B,asqa,SameTask-long,rmd_mean_L21,ref,0.15341,0.002656,3,0,0;1;2;3;4;5;6;7;8;9;10;11;12;13;14;15;16;17;18;19;20;21;22;23;24;25;26;27;28;29;30;32
meta-llama/Meta-Llama-3.1-8B,asqa,SameTask-long,rmd_mean_L22,ref,0.150061,0.004028,3,0,0;1;2;3;4;5;6;7;8;9;10;11;12;13;14;15;16;17;18;19;20;21;22;23;24;25;26;27;28;29;30;32
meta-llama/Meta-Llama-3.1-8B,asqa,SameTask-long,rmd_mean_L23,ref,0.17076,0.006057,3,0,0;1;2;3;4;5;6;7;8;9;10;11;12;13;14;15;16;17;18;19;20;21;22;23;24;25;26;27;28;29;30;32
meta-llama/Meta-Llama-3.1-8B,asqa,SameTask-long,rmd_mean_L24,ref,0.187493,0.00559,3,0,0;1;2;3;4;5;6;7;8;9;10;11;12;13;14;15;16;17;18;19;20;21;22;23;24;25;26;27;28;29;30;32
meta-llama/Meta-Llama-3.1-8B,asqa,SameTask-long,rmd_mean_L25,ref,0.187042,0.002895,3,0,0;1;2;3;4;5;6;7;8;9;10;11;12;13;14;15;16;17;18;19;20;21;22;23;24;25;26;27;28;29;30;32
meta-llama/Meta-Llama-3.1-8B,asqa,SameTask-long,rmd_mean_L26,ref,0.199873,0.002849,3,0,0;1;2;3;4;5;6;7;8;9;10;11;12;13;14;15;16;17;18;19;20;21;22;23;24;25;26;27;28;29;30;32
meta-llama/Meta-Llama-3.1-8B,asqa,SameTask-long,rmd_mean_L27,ref,0.209425,0.003046,3,0,0;1;2;3;4;5;6;7;8;9;10;11;12;13;14;15;16;17;18;19;20;21;22;23;24;25;26;27;28;29;30;32
meta-llama/Meta-Llama-3.1-8B,asqa,SameTask-long,rmd_mean_L28,ref,0.220663,0.004302,3,0,0;1;2;3;4;5;6;7;8;9;10;11;12;13;14;15;16;17;18;19;20;21;22;23;24;25;26;27;28;29;30;32
meta-llama/Meta-Llama-3.1-8B,asqa,SameTask-long,rmd_mean_L29,ref,0.228397,0.003717,3,0,0;1;2;3;4;5;6;7;8;9;10;11;12;13;14;15;16;17;18;19;20;21;22;23;24;25;26;27;28;29;30;32
meta-llama/Meta-Llama-3.1-8B,asqa,SameTask-long,rmd_mean_L3,ref,0.134479,0.003168,3,0,0;1;2;3;4;5;6;7;8;9;10;11;12;13;14;15;16;17;18;19;20;21;22;23;24;25;26;27;28;29;30;32
meta-llama/Meta-Llama-3.1-8B,asqa,SameTask-long,rmd_mean_L30,ref,0.237625,0.006831,3,0,0;1;2;3;4;5;6;7;8;9;10;11;12;13;14;15;16;17;18;19;20;21;22;23;24;25;26;27;28;29;30;32
meta-llama/Meta-Llama-3.1-8B,asqa,SameTask-long,rmd_mean_L32,ref,0.239835,0.0039,3,0,0;1;2;3;4;5;6;7;8;9;10;11;12;13;14;15;16;17;18;19;20;21;22;23;24;25;26;27;28;29;30;32
meta-llama/Meta-Llama-3.1-8B,asqa,SameTask-long,rmd_mean_L4,ref,0.158244,0.000893,3,0,0;1;2;3;4;5;6;7;8;9;10;11;12;13;14;15;16;17;18;19;20;21;22;23;24;25;26;27;28;29;30;32
meta-llama/Meta-Llama-3.1-8B,asqa,SameTask-long,rmd_mean_L5,ref,0.11035,0.000868,3,0,0;1;2;3;4;5;6;7;8;9;10;11;12;13;14;15;16;17;18;19;20;21;22;23;24;25;26;27;28;29;30;32
meta-llama/Meta-Llama-3.1-8B,asqa,SameTask-long,rmd_mean_L6,ref,0.131511,0.002793,3,0,0;1;2;3;4;5;6;7;8;9;10;11;12;13;14;15;16;17;18;19;20;21;22;23;24;25;26;27;28;29;30;32
meta-llama/Meta-Llama-3.1-8B,asqa,SameTask-long,rmd_mean_L7,ref,0.132961,0.002288,3,0,0;1;2;3;4;5;6;7;8;9;10;11;12;13;14;15;16;17;18;19;20;21;22;23;24;25;26;27;28;29;30;32
meta-llama/Meta-Llama-3.1-8B,asqa,SameTask-long,rmd_mean_L8,ref,0.155873,0.002776,3,0,0;1;2;3;4;5;6;7;8;9;10;11;12;13;14;15;16;17;18;19;20;21;22;23;24;25;26;27;28;29;30;32
meta-llama/Meta-Llama-3.1-8B,asqa,SameTask-long,rmd_mean_L9,ref,0.136285,0.003532,3,0,0;1;2;3;4;5;6;7;8;9;10;11;12;13;14;15;16;17;18;19;20;21;22;23;24;25;26;27;28;29;30;32
meta-llama/Meta-Llama-3.1-8B,asqa,SameTask-long,satmd_alllayer,ref,0.074078,0.04052,3,0,0;1;2;3;4;5;6;7;8;9;10;11;12;13;14;15;16;17;18;19;20;21;22;23;24;25;26;27;28;29;30;32
meta-llama/Meta-Llama-3.1-8B,asqa,SameTask-long,satrmd_alllayer,ref,0.071503,0.061441,3,0,0;1;2;3;4;5;6;7;8;9;10;11;12;13;14;15;16;17;18;19;20;21;22;23;24;25;26;27;28;29;30;32
meta-llama/Meta-Llama-3.1-8B,cnn_dailymail,1ds-Diff-long,huq_satmd_alllayer,ref,-0.023322,0.0,3,0,0;1;2;3;4;5;6;7;8;9;10;11;12;13;14;15;16;17;18;19;20;21;22;23;24;25;26;27;28;29;30;32
meta-llama/Meta-Llama-3.1-8B,cnn_dailymail,1ds-Diff-long,huq_satrmd_alllayer,ref,0.103065,0.0,3,0,0;1;2;3;4;5;6;7;8;9;10;11;12;13;14;15;16;17;18;19;20;21;22;23;24;25;26;27;28;29;30;32
meta-llama/Meta-Llama-3.1-8B,cnn_dailymail,1ds-Diff-long,md_mean_L0,ref,0.054728,0.0,3,0,0;1;2;3;4;5;6;7;8;9;10;11;12;13;14;15;16;17;18;19;20;21;22;23;24;25;26;27;28;29;30;32
meta-llama/Meta-Llama-3.1-8B,cnn_dailymail,1ds-Diff-long,md_mean_L1,ref,0.079403,0.0,3,0,0;1;2;3;4;5;6;7;8;9;10;11;12;13;14;15;16;17;18;19;20;21;22;23;24;25;26;27;28;29;30;32
meta-llama/Meta-Llama-3.1-8B,cnn_dailymail,1ds-Diff-long,md_mean_L10,ref,0.236634,0.0,3,0,0;1;2;3;4;5;6;7;8;9;10;11;12;13;14;15;16;17;18;19;20;21;22;23;24;25;26;27;28;29;30;32
meta-llama/Meta-Llama-3.1-8B,cnn_dailymail,1ds-Diff-long,md_mean_L11,ref,0.258726,0.0,3,0,0;1;2;3;4;5;6;7;8;9;10;11;12;13;14;15;16;17;18;19;20;21;22;23;24;25;26;27;28;29;30;32
meta-llama/Meta-Llama-3.1-8B,cnn_dailymail,1ds-Diff-long,md_mean_L12,ref,0.259742,0.0,3,0,0;1;2;3;4;5;6;7;8;9;10;11;12;13;14;15;16;17;18;19;20;21;22;23;24;25;26;27;28;29;30;32
meta-llama/Meta-Llama-3.1-8B,cnn_dailymail,1ds-Diff-long,md_mean_L13,ref,0.246327,0.0,3,0,0;1;2;3;4;5;6;7;8;9;10;11;12;13;14;15;16;17;18;19;20;21;22;23;24;25;26;27;28;29;30;32
meta-llama/Meta-Llama-3.1-8B,cnn_dailymail,1ds-Diff-long,md_mean_L14,ref,0.258703,0.0,3,0,0;1;2;3;4;5;6;7;8;9;10;11;12;13;14;15;16;17;18;19;20;21;22;23;24;25;26;27;28;29;30;32
meta-llama/Meta-Llama-3.1-8B,cnn_dailymail,1ds-Diff-long,md_mean_L15,ref,0.281834,0.0,3,0,0;1;2;3;4;5;6;7;8;9;10;11;12;13;14;15;16;17;18;19;20;21;22;23;24;25;26;27;28;29;30;32
meta-llama/Meta-Llama-3.1-8B,cnn_dailymail,1ds-Diff-long,md_mean_L16,ref,0.249114,0.0,3,0,0;1;2;3;4;5;6;7;8;9;10;11;12;13;14;15;16;17;18;19;20;21;22;23;24;25;26;27;28;29;30;32
meta-llama/Meta-Llama-3.1-8B,cnn_dailymail,1ds-Diff-long,md_mean_L17,ref,0.246366,0.0,3,0,0;1;2;3;4;5;6;7;8;9;10;11;12;13;14;15;16;17;18;19;20;21;22;23;24;25;26;27;28;29;30;32
meta-llama/Meta-Llama-3.1-8B,cnn_dailymail,1ds-Diff-long,md_mean_L18,ref,0.261518,0.0,3,0,0;1;2;3;4;5;6;7;8;9;10;11;12;13;14;15;16;17;18;19;20;21;22;23;24;25;26;27;28;29;30;32
meta-llama/Meta-Llama-3.1-8B,cnn_dailymail,1ds-Diff-long,md_mean_L19,ref,0.249991,0.0,3,0,0;1;2;3;4;5;6;7;8;9;10;11;12;13;14;15;16;17;18;19;20;21;22;23;24;25;26;27;28;29;30;32
meta-llama/Meta-Llama-3.1-8B,cnn_dailymail,1ds-Diff-long,md_mean_L2,ref,0.078331,0.0,3,0,0;1;2;3;4;5;6;7;8;9;10;11;12;13;14;15;16;17;18;19;20;21;22;23;24;25;26;27;28;29;30;32
meta-llama/Meta-Llama-3.1-8B,cnn_dailymail,1ds-Diff-long,md_mean_L20,ref,0.252879,0.0,3,0,0;1;2;3;4;5;6;7;8;9;10;11;12;13;14;15;16;17;18;19;20;21;22;23;24;25;26;27;28;29;30;32
meta-llama/Meta-Llama-3.1-8B,cnn_dailymail,1ds-Diff-long,md_mean_L21,ref,0.256958,0.0,3,0,0;1;2;3;4;5;6;7;8;9;10;11;12;13;14;15;16;17;18;19;20;21;22;23;24;25;26;27;28;29;30;32
meta-llama/Meta-Llama-3.1-8B,cnn_dailymail,1ds-Diff-long,md_mean_L22,ref,0.270448,0.0,3,0,0;1;2;3;4;5;6;7;8;9;10;11;12;13;14;15;16;17;18;19;20;21;22;23;24;25;26;27;28;29;30;32
meta-llama/Meta-Llama-3.1-8B,cnn_dailymail,1ds-Diff-long,md_mean_L23,ref,0.287832,0.0,3,0,0;1;2;3;4;5;6;7;8;9;10;11;12;13;14;15;16;17;18;19;20;21;22;23;24;25;26;27;28;29;30;32
meta-llama/Meta-Llama-3.1-8B,cnn_dailymail,1ds-Diff-long,md_mean_L24,ref,0.307031,0.0,3,0,0;1;2;3;4;5;6;7;8;9;10;11;12;13;14;15;16;17;18;19;20;21;22;23;24;25;26;27;28;29;30;32
meta-llama/Meta-Llama-3.1-8B,cnn_dailymail,1ds-Diff-long,md_mean_L25,ref,0.319973,0.0,3,0,0;1;2;3;4;5;6;7;8;9;10;11;12;13;14;15;16;17;18;19;20;21;22;23;24;25;26;27;28;29;30;32
meta-llama/Meta-Llama-3.1-8B,cnn_dailymail,1ds-Diff-long,md_mean_L26,ref,0.330767,0.0,3,0,0;1;2;3;4;5;6;7;8;9;10;11;12;13;14;15;16;17;18;19;20;21;22;23;24;25;26;27;28;29;30;32
meta-llama/Meta-Llama-3.1-8B,cnn_dailymail,1ds-Diff-long,md_mean_L27,ref,0.339982,0.0,3,0,0;1;2;3;4;5;6;7;8;9;10;11;12;13;14;15;16;17;18;19;20;21;22;23;24;25;26;27;28;29;30;32
meta-llama/Meta-Llama-3.1-8B,cnn_dailymail,1ds-Diff-long,md_mean_L28,ref,0.340235,0.0,3,0,0;1;2;3;4;5;6;7;8;9;10;11;12;13;14;15;16;17;18;19;20;21;22;23;24;25;26;27;28;29;30;32
meta-llama/Meta-Llama-3.1-8B,cnn_dailymail,1ds-Diff-long,md_mean_L29,ref,0.344579,0.0,3,0,0;1;2;3;4;5;6;7;8;9;10;11;12;13;14;15;16;17;18;19;20;21;22;23;24;25;26;27;28;29;30;32
meta-llama/Meta-Llama-3.1-8B,cnn_dailymail,1ds-Diff-long,md_mean_L3,ref,0.062901,0.0,3,0,0;1;2;3;4;5;6;7;8;9;10;11;12;13;14;15;16;17;18;19;20;21;22;23;24;25;26;27;28;29;30;32
meta-llama/Meta-Llama-3.1-8B,cnn_dailymail,1ds-Diff-long,md_mean_L30,ref,0.342482,0.0,3,0,0;1;2;3;4;5;6;7;8;9;10;11;12;13;14;15;16;17;18;19;20;21;22;23;24;25;26;27;28;29;30;32
meta-llama/Meta-Llama-3.1-8B,cnn_dailymail,1ds-Diff-long,md_mean_L32,ref,0.176978,0.0,3,0,0;1;2;3;4;5;6;7;8;9;10;11;12;13;14;15;16;17;18;19;20;21;22;23;24;25;26;27;28;29;30;32
meta-llama/Meta-Llama-3.1-8B,cnn_dailymail,1ds-Diff-long,md_mean_L4,ref,0.121143,0.0,3,0,0;1;2;3;4;5;6;7;8;9;10;11;12;13;14;15;16;17;18;19;20;21;22;23;24;25;26;27;28;29;30;32
meta-llama/Meta-Llama-3.1-8B,cnn_dailymail,1ds-Diff-long,md_mean_L5,ref,0.221515,0.0,3,0,0;1;2;3;4;5;6;7;8;9;10;11;12;13;14;15;16;17;18;19;20;21;22;23;24;25;26;27;28;29;30;32
meta-llama/Meta-Llama-3.1-8B,cnn_dailymail,1ds-Diff-long,md_mean_L6,ref,0.251549,0.0,3,0,0;1;2;3;4;5;6;7;8;9;10;11;12;13;14;15;16;17;18;19;20;21;22;23;24;25;26;27;28;29;30;32
meta-llama/Meta-Llama-3.1-8B,cnn_dailymail,1ds-Diff-long,md_mean_L7,ref,0.27678,0.0,3,0,0;1;2;3;4;5;6;7;8;9;10;11;12;13;14;15;16;17;18;19;20;21;22;23;24;25;26;27;28;29;30;32
meta-llama/Meta-Llama-3.1-8B,cnn_dailymail,1ds-Diff-long,md_mean_L8,ref,0.265343,0.0,3,0,0;1;2;3;4;5;6;7;8;9;10;11;12;13;14;15;16;17;18;19;20;21;22;23;24;25;26;27;28;29;30;32
meta-llama/Meta-Llama-3.1-8B,cnn_dailymail,1ds-Diff-long,md_mean_L9,ref,0.231585,0.0,3,0,0;1;2;3;4;5;6;7;8;9;10;11;12;13;14;15;16;17;18;19;20;21;22;23;24;25;26;27;28;29;30;32
meta-llama/Meta-Llama-3.1-8B,cnn_dailymail,1ds-Diff-long,msp_satmd_alllayer,ref,0.019079,0.0,3,0,0;1;2;3;4;5;6;7;8;9;10;11;12;13;14;15;16;17;18;19;20;21;22;23;24;25;26;27;28;29;30;32
meta-llama/Meta-Llama-3.1-8B,cnn_dailymail,1ds-Diff-long,msp_satrmd_alllayer,ref,0.265379,0.0,3,0,0;1;2;3;4;5;6;7;8;9;10;11;12;13;14;15;16;17;18;19;20;21;22;23;24;25;26;27;28;29;30;32
meta-llama/Meta-Llama-3.1-8B,cnn_dailymail,1ds-Diff-long,rmd_mean_L0,ref,0.011512,0.0,3,0,0;1;2;3;4;5;6;7;8;9;10;11;12;13;14;15;16;17;18;19;20;21;22;23;24;25;26;27;28;29;30;32
meta-llama/Meta-Llama-3.1-8B,cnn_dailymail,1ds-Diff-long,rmd_mean_L1,ref,0.055934,0.0,3,0,0;1;2;3;4;5;6;7;8;9;10;11;12;13;14;15;16;17;18;19;20;21;22;23;24;25;26;27;28;29;30;32
meta-llama/Meta-Llama-3.1-8B,cnn_dailymail,1ds-Diff-long,rmd_mean_L10,ref,0.144838,0.0,3,0,0;1;2;3;4;5;6;7;8;9;10;11;12;13;14;15;16;17;18;19;20;21;22;23;24;25;26;27;28;29;30;32
meta-llama/Meta-Llama-3.1-8B,cnn_dailymail,1ds-Diff-long,rmd_mean_L11,ref,0.129431,0.0,3,0,0;1;2;3;4;5;6;7;8;9;10;11;12;13;14;15;16;17;18;19;20;21;22;23;24;25;26;27;28;29;30;32
meta-llama/Meta-Llama-3.1-8B,cnn_dailymail,1ds-Diff-long,rmd_mean_L12,ref,0.142111,0.0,3,0,0;1;2;3;4;5;6;7;8;9;10;11;12;13;14;15;16;17;18;19;20;21;22;23;24;25;26;27;28;29;30;32
meta-llama/Meta-Llama-3.1-8B,cnn_dailymail,1ds-Diff-long,rmd_mean_L13,ref,0.096504,0.0,3,0,0;1;2;3;4;5;6;7;8;9;10;11;12;13;14;15;16;17;18;19;20;21;22;23;24;25;26;27;28;29;30;32
meta-llama/Meta-Llama-3.1-8B,cnn_dailymail,1ds-Diff-long,rmd_mean_L14,ref,0.093643,0.0,3,0,0;1;2;3;4;5;6;7;8;9;10;11;12;13;14;15;16;17;18;19;20;21;22;23;24;25;26;27;28;29;30;32
meta-llama/Meta-Llama-3.1-8B,cnn_dailymail,1ds-Diff-long,rmd_mean_L15,ref,0.141406,0.0,3,0,0;1;2;3;4;5;6;7;8;9;10;11;12;13;14;15;16;17;18;19;20;21;22;23;24;25;26;27;28;29;30;32
meta-llama/Meta-Llama-3.1-8B,cnn_dailymail,1ds-Diff-long,rmd_mean_L16,ref,0.17559,0.0,3,0,0;1;2;3;4;5;6;7;8;9;10;11;12;13;14;15;16;17;18;19;20;21;22;23;24;25;26;27;28;29;30;32
meta-llama/Meta-Llama-3.1-8B,cnn_dailymail,1ds-Diff-long,rmd_mean_L17,ref,0.18623,0.0,3,0,0;1;2;3;4;5;6;7;8;9;10;11;12;13;14;15;16;17;18;19;20;21;22;23;24;25;26;27;28;29;30;32
meta-llama/Meta-Llama-3.1-8B,cnn_dailymail,1ds-Diff-long,rmd_mean_L18,ref,0.210951,0.0,3,0,0;1;2;3;4;5;6;7;8;9;10;11;12;13;14;15;16;17;18;19;20;21;22;23;24;25;26;27;28;29;30;32
meta-llama/Meta-Llama-3.1-8B,cnn_dailymail,1ds-Diff-long,rmd_mean_L19,ref,0.204123,0.0,3,0,0;1;2;3;4;5;6;7;8;9;10;11;12;13;14;15;16;17;18;19;20;21;22;23;24;25;26;27;28;29;30;32
meta-llama/Meta-Llama-3.1-8B,cnn_dailymail,1ds-Diff-long,rmd_mean_L2,ref,0.038614,0.0,3,0,0;1;2;3;4;5;6;7;8;9;10;11;12;13;14;15;16;17;18;19;20;21;22;23;24;25;26;27;28;29;30;32
meta-llama/Meta-Llama-3.1-8B,cnn_dailymail,1ds-Diff-long,rmd_mean_L20,ref,0.215556,0.0,3,0,0;1;2;3;4;5;6;7;8;9;10;11;12;13;14;15;16;17;18;19;20;21;22;23;24;25;26;27;28;29;30;32
meta-llama/Meta-Llama-3.1-8B,cnn_dailymail,1ds-Diff-long,rmd_mean_L21,ref,0.223735,0.0,3,0,0;1;2;3;4;5;6;7;8;9;10;11;12;13;14;15;16;17;18;19;20;21;22;23;24;25;26;27;28;29;30;32
meta-llama/Meta-Llama-3.1-8B,cnn_dailymail,1ds-Diff-long,rmd_mean_L22,ref,0.236634,0.0,3,0,0;1;2;3;4;5;6;7;8;9;10;11;12;13;14;15;16;17;18;19;20;21;22;23;24;25;26;27;28;29;30;32
meta-llama/Meta-Llama-3.1-8B,cnn_dailymail,1ds-Diff-long,rmd_mean_L23,ref,0.250295,0.0,3,0,0;1;2;3;4;5;6;7;8;9;10;11;12;13;14;15;16;17;18;19;20;21;22;23;24;25;26;27;28;29;30;32
meta-llama/Meta-Llama-3.1-8B,cnn_dailymail,1ds-Diff-long,rmd_mean_L24,ref,0.26458,0.0,3,0,0;1;2;3;4;5;6;7;8;9;10;11;12;13;14;15;16;17;18;19;20;21;22;23;24;25;26;27;28;29;30;32
meta-llama/Meta-Llama-3.1-8B,cnn_dailymail,1ds-Diff-long,rmd_mean_L25,ref,0.277326,0.0,3,0,0;1;2;3;4;5;6;7;8;9;10;11;12;13;14;15;16;17;18;19;20;21;22;23;24;25;26;27;28;29;30;32
meta-llama/Meta-Llama-3.1-8B,cnn_dailymail,1ds-Diff-long,rmd_mean_L26,ref,0.286117,0.0,3,0,0;1;2;3;4;5;6;7;8;9;10;11;12;13;14;15;16;17;18;19;20;21;22;23;24;25;26;27;28;29;30;32
meta-llama/Meta-Llama-3.1-8B,cnn_dailymail,1ds-Diff-long,rmd_mean_L27,ref,0.29666,0.0,3,0,0;1;2;3;4;5;6;7;8;9;10;11;12;13;14;15;16;17;18;19;20;21;22;23;24;25;26;27;28;29;30;32
meta-llama/Meta-Llama-3.1-8B,cnn_dailymail,1ds-Diff-long,rmd_mean_L28,ref,0.299585,0.0,3,0,0;1;2;3;4;5;6;7;8;9;10;11;12;13;14;15;16;17;18;19;20;21;22;23;24;25;26;27;28;29;30;32
meta-llama/Meta-Llama-3.1-8B,cnn_dailymail,1ds-Diff-long,rmd_mean_L29,ref,0.303289,0.0,3,0,0;1;2;3;4;5;6;7;8;9;10;11;12;13;14;15;16;17;18;19;20;21;22;23;24;25;26;27;28;29;30;32
meta-llama/Meta-Llama-3.1-8B,cnn_dailymail,1ds-Diff-long,rmd_mean_L3,ref,0.029715,0.0,3,0,0;1;2;3;4;5;6;7;8;9;10;11;12;13;14;15;16;17;18;19;20;21;22;23;24;25;26;27;28;29;30;32
meta-llama/Meta-Llama-3.1-8B,cnn_dailymail,1ds-Diff-long,rmd_mean_L30,ref,0.298987,0.0,3,0,0;1;2;3;4;5;6;7;8;9;10;11;12;13;14;15;16;17;18;19;20;21;22;23;24;25;26;27;28;29;30;32
meta-llama/Meta-Llama-3.1-8B,cnn_dailymail,1ds-Diff-long,rmd_mean_L32,ref,0.233475,0.0,3,0,0;1;2;3;4;5;6;7;8;9;10;11;12;13;14;15;16;17;18;19;20;21;22;23;24;25;26;27;28;29;30;32
meta-llama/Meta-Llama-3.1-8B,cnn_dailymail,1ds-Diff-long,rmd_mean_L4,ref,0.084409,0.0,3,0,0;1;2;3;4;5;6;7;8;9;10;11;12;13;14;15;16;17;18;19;20;21;22;23;24;25;26;27;28;29;30;32
meta-llama/Meta-Llama-3.1-8B,cnn_dailymail,1ds-Diff-long,rmd_mean_L5,ref,0.156805,0.0,3,0,0;1;2;3;4;5;6;7;8;9;10;11;12;13;14;15;16;17;18;19;20;21;22;23;24;25;26;27;28;29;30;32
meta-llama/Meta-Llama-3.1-8B,cnn_dailymail,1ds-Diff-long,rmd_mean_L6,ref,0.164241,0.0,3,0,0;1;2;3;4;5;6;7;8;9;10;11;12;13;14;15;16;17;18;19;20;21;22;23;24;25;26;27;28;29;30;32
meta-llama/Meta-Llama-3.1-8B,cnn_dailymail,1ds-Diff-long,rmd_mean_L7,ref,0.187944,0.0,3,0,0;1;2;3;4;5;6;7;8;9;10;11;12;13;14;15;16;17;18;19;20;21;22;23;24;25;26;27;28;29;30;32
meta-llama/Meta-Llama-3.1-8B,cnn_dailymail,1ds-Diff-long,rmd_mean_L8,ref,0.166527,0.0,3,0,0;1;2;3;4;5;6;7;8;9;10;11;12;13;14;15;16;17;18;19;20;21;22;23;24;25;26;27;28;29;30;32
meta-llama/Meta-Llama-3.1-8B,cnn_dailymail,1ds-Diff-long,rmd_mean_L9,ref,0.162771,0.0,3,0,0;1;2;3;4;5;6;7;8;9;10;11;12;13;14;15;16;17;18;19;20;21;22;23;24;25;26;27;28;29;30;32
meta-llama/Meta-Llama-3.1-8B,cnn_dailymail,1ds-Diff-long,satmd_alllayer,ref,0.026857,0.0,3,0,0;1;2;3;4;5;6;7;8;9;10;11;12;13;14;15;16;17;18;19;20;21;22;23;24;25;26;27;28;29;30;32
meta-llama/Meta-Llama-3.1-8B,cnn_dailymail,1ds-Diff-long,satrmd_alllayer,ref,0.168508,0.0,3,0,0;1;2;3;4;5;6;7;8;9;10;11;12;13;14;15;16;17;18;19;20;21;22;23;24;25;26;27;28;29;30;32
meta-llama/Meta-Llama-3.1-8B,cnn_dailymail,DiffTask-long,huq_satmd_alllayer,ref,0.137064,0.046814,3,0,0;1;2;3;4;5;6;7;8;9;10;11;12;13;14;15;16;17;18;19;20;21;22;23;24;25;26;27;28;29;30;32
meta-llama/Meta-Llama-3.1-8B,cnn_dailymail,DiffTask-long,huq_satrmd_alllayer,ref,-0.115761,0.021312,3,0,0;1;2;3;4;5;6;7;8;9;10;11;12;13;14;15;16;17;18;19;20;21;22;23;24;25;26;27;28;29;30;32
meta-llama/Meta-Llama-3.1-8B,cnn_dailymail,DiffTask-long,md_mean_L0,ref,-0.041932,0.00147,3,0,0;1;2;3;4;5;6;7;8;9;10;11;12;13;14;15;16;17;18;19;20;21;22;23;24;25;26;27;28;29;30;32
meta-llama/Meta-Llama-3.1-8B,cnn_dailymail,DiffTask-long,md_mean_L1,ref,-0.022983,0.002954,3,0,0;1;2;3;4;5;6;7;8;9;10;11;12;13;14;15;16;17;18;19;20;21;22;23;24;25;26;27;28;29;30;32
meta-llama/Meta-Llama-3.1-8B,cnn_dailymail,DiffTask-long,md_mean_L10,ref,0.120833,0.012147,3,0,0;1;2;3;4;5;6;7;8;9;10;11;12;13;14;15;16;17;18;19;20;21;22;23;24;25;26;27;28;29;30;32
meta-llama/Meta-Llama-3.1-8B,cnn_dailymail,DiffTask-long,md_mean_L11,ref,0.145164,0.015211,3,0,0;1;2;3;4;5;6;7;8;9;10;11;12;13;14;15;16;17;18;19;20;21;22;23;24;25;26;27;28;29;30;32
meta-llama/Meta-Llama-3.1-8B,cnn_dailymail,DiffTask-long,md_mean_L12,ref,0.112514,0.016793,3,0,0;1;2;3;4;5;6;7;8;9;10;11;12;13;14;15;16;17;18;19;20;21;22;23;24;25;26;27;28;29;30;32
meta-llama/Meta-Llama-3.1-8B,cnn_dailymail,DiffTask-long,md_mean_L13,ref,0.07958,0.020194,3,0,0;1;2;3;4;5;6;7;8;9;10;11;12;13;14;15;16;17;18;19;20;21;22;23;24;25;26;27;28;29;30;32
meta-llama/Meta-Llama-3.1-8B,cnn_dailymail,DiffTask-long,md_mean_L14,ref,0.131804,0.021279,3,0,0;1;2;3;4;5;6;7;8;9;10;11;12;13;14;15;16;17;18;19;20;21;22;23;24;25;26;27;28;29;30;32
meta-llama/Meta-Llama-3.1-8B,cnn_dailymail,DiffTask-long,md_mean_L15,ref,0.196602,0.021632,3,0,0;1;2;3;4;5;6;7;8;9;10;11;12;13;14;15;16;17;18;19;20;21;22;23;24;25;26;27;28;29;30;32
meta-llama/Meta-Llama-3.1-8B,cnn_dailymail,DiffTask-long,md_mean_L16,ref,0.119268,0.021479,3,0,0;1;2;3;4;5;6;7;8;9;10;11;12;13;14;15;16;17;18;19;20;21;22;23;24;25;26;27;28;29;30;32
meta-llama/Meta-Llama-3.1-8B,cnn_dailymail,DiffTask-long,md_mean_L17,ref,0.072882,0.021976,3,0,0;1;2;3;4;5;6;7;8;9;10;11;12;13;14;15;16;17;18;19;20;21;22;23;24;25;26;27;28;29;30;32
meta-llama/Meta-Llama-3.1-8B,cnn_dailymail,DiffTask-long,md_mean_L18,ref,0.145306,0.020868,3,0,0;1;2;3;4;5;6;7;8;9;10;11;12;13;14;15;16;17;18;19;20;21;22;23;24;25;26;27;28;29;30;32
meta-llama/Meta-Llama-3.1-8B,cnn_dailymail,DiffTask-long,md_mean_L19,ref,0.197206,0.016987,3,0,0;1;2;3;4;5;6;7;8;9;10;11;12;13;14;15;16;17;18;19;20;21;22;23;24;25;26;27;28;29;30;32
meta-llama/Meta-Llama-3.1-8B,cnn_dailymail,DiffTask-long,md_mean_L2,ref,-0.002883,0.003629,3,0,0;1;2;3;4;5;6;7;8;9;10;11;12;13;14;15;16;17;18;19;20;21;22;23;24;25;26;27;28;29;30;32
meta-llama/Meta-Llama-3.1-8B,cnn_dailymail,DiffTask-long,md_mean_L20,ref,0.186966,0.014385,3,0,0;1;2;3;4;5;6;7;8;9;10;11;12;13;14;15;16;17;18;19;20;21;22;23;24;25;26;27;28;29;30;32
meta-llama/Meta-Llama-3.1-8B,cnn_dailymail,DiffTask-long,md_mean_L21,ref,0.174326,0.01338,3,0,0;1;2;3;4;5;6;7;8;9;10;11;12;13;14;15;16;17;18;19;20;21;22;23;24;25;26;27;28;29;30;32
meta-llama/Meta-Llama-3.1-8B,cnn_dailymail,DiffTask-long,md_mean_L22,ref,0.212446,0.011379,3,0,0;1;2;3;4;5;6;7;8;9;10;11;12;13;14;15;16;17;18;19;20;21;22;23;24;25;26;27;28;29;30;32
meta-llama/Meta-Llama-3.1-8B,cnn_dailymail,DiffTask-long,md_mean_L23,ref,0.248334,0.010381,3,0,0;1;2;3;4;5;6;7;8;9;10;11;12;13;14;15;16;17;18;19;20;21;22;23;24;25;26;27;28;29;30;32
meta-llama/Meta-Llama-3.1-8B,cnn_dailymail,DiffTask-long,md_mean_L24,ref,0.281351,0.00819,3,0,0;1;2;3;4;5;6;7;8;9;10;11;12;13;14;15;16;17;18;19;20;21;22;23;24;25;26;27;28;29;30;32
meta-llama/Meta-Llama-3.1-8B,cnn_dailymail,DiffTask-long,md_mean_L25,ref,0.29745,0.007714,3,0,0;1;2;3;4;5;6;7;8;9;10;11;12;13;14;15;16;17;18;19;20;21;22;23;24;25;26;27;28;29;30;32
meta-llama/Meta-Llama-3.1-8B,cnn_dailymail,DiffTask-long,md_mean_L26,ref,0.307314,0.00691,3,0,0;1;2;3;4;5;6;7;8;9;10;11;12;13;14;15;16;17;18;19;20;21;22;23;24;25;26;27;28;29;30;32
meta-llama/Meta-Llama-3.1-8B,cnn_dailymail,DiffTask-long,md_mean_L27,ref,0.305574,0.006912,3,0,0;1;2;3;4;5;6;7;8;9;10;11;12;13;14;15;16;17;18;19;20;21;22;23;24;25;26;27;28;29;30;32
meta-llama/Meta-Llama-3.1-8B,cnn_dailymail,DiffTask-long,md_mean_L28,ref,0.294991,0.007258,3,0,0;1;2;3;4;5;6;7;8;9;10;11;12;13;14;15;16;17;18;19;20;21;22;23;24;25;26;27;28;29;30;32
meta-llama/Meta-Llama-3.1-8B,cnn_dailymail,DiffTask-long,md_mean_L29,ref,0.29683,0.008011,3,0,0;1;2;3;4;5;6;7;8;9;10;11;12;13;14;15;16;17;18;19;20;21;22;23;24;25;26;27;28;29;30;32
meta-llama/Meta-Llama-3.1-8B,cnn_dailymail,DiffTask-long,md_mean_L3,ref,0.003123,0.004276,3,0,0;1;2;3;4;5;6;7;8;9;10;11;12;13;14;15;16;17;18;19;20;21;22;23;24;25;26;27;28;29;30;32
meta-llama/Meta-Llama-3.1-8B,cnn_dailymail,DiffTask-long,md_mean_L30,ref,0.281146,0.008021,3,0,0;1;2;3;4;5;6;7;8;9;10;11;12;13;14;15;16;17;18;19;20;21;22;23;24;25;26;27;28;29;30;32
meta-llama/Meta-Llama-3.1-8B,cnn_dailymail,DiffTask-long,md_mean_L32,ref,-0.147022,0.003707,3,0,0;1;2;3;4;5;6;7;8;9;10;11;12;13;14;15;16;17;18;19;20;21;22;23;24;25;26;27;28;29;30;32
meta-llama/Meta-Llama-3.1-8B,cnn_dailymail,DiffTask-long,md_mean_L4,ref,0.001483,0.008141,3,0,0;1;2;3;4;5;6;7;8;9;10;11;12;13;14;15;16;17;18;19;20;21;22;23;24;25;26;27;28;29;30;32
meta-llama/Meta-Llama-3.1-8B,cnn_dailymail,DiffTask-long,md_mean_L5,ref,0.15958,0.011769,3,0,0;1;2;3;4;5;6;7;8;9;10;11;12;13;14;15;16;17;18;19;20;21;22;23;24;25;26;27;28;29;30;32
meta-llama/Meta-Llama-3.1-8B,cnn_dailymail,DiffTask-long,md_mean_L6,ref,0.217131,0.010803,3,0,0;1;2;3;4;5;6;7;8;9;10;11;12;13;14;15;16;17;18;19;20;21;22;23;24;25;26;27;28;29;30;32
meta-llama/Meta-Llama-3.1-8B,cnn_dailymail,DiffTask-long,md_mean_L7,ref,0.271706,0.012613,3,0,0;1;2;3;4;5;6;7;8;9;10;11;12;13;14;15;16;17;18;19;20;21;22;23;24;25;26;27;28;29;30;32
meta-llama/Meta-Llama-3.1-8B,cnn_dailymail,DiffTask-long,md_mean_L8,ref,0.248815,0.010641,3,0,0;1;2;3;4;5;6;7;8;9;10;11;12;13;14;15;16;17;18;19;20;21;22;23;24;25;26;27;28;29;30;32
meta-llama/Meta-Llama-3.1-8B,cnn_dailymail,DiffTask-long,md_mean_L9,ref,0.190087,0.00853,3,0,0;1;2;3;4;5;6;7;8;9;10;11;12;13;14;15;16;17;18;19;20;21;22;23;24;25;26;27;28;29;30;32
meta-llama/Meta-Llama-3.1-8B,cnn_dailymail,DiffTask-long,rmd_mean_L0,ref,-0.085238,0.001281,3,0,0;1;2;3;4;5;6;7;8;9;10;11;12;13;14;15;16;17;18;19;20;21;22;23;24;25;26;27;28;29;30;32
meta-llama/Meta-Llama-3.1-8B,cnn_dailymail,DiffTask-long,rmd_mean_L1,ref,-0.095959,0.000837,3,0,0;1;2;3;4;5;6;7;8;9;10;11;12;13;14;15;16;17;18;19;20;21;22;23;24;25;26;27;28;29;30;32
meta-llama/Meta-Llama-3.1-8B,cnn_dailymail,DiffTask-long,rmd_mean_L10,ref,-0.126643,0.001933,3,0,0;1;2;3;4;5;6;7;8;9;10;11;12;13;14;15;16;17;18;19;20;21;22;23;24;25;26;27;28;29;30;32
meta-llama/Meta-Llama-3.1-8B,cnn_dailymail,DiffTask-long,rmd_mean_L11,ref,-0.124368,0.006013,3,0,0;1;2;3;4;5;6;7;8;9;10;11;12;13;14;15;16;17;18;19;20;21;22;23;24;25;26;27;28;29;30;32
meta-llama/Meta-Llama-3.1-8B,cnn_dailymail,DiffTask-long,rmd_mean_L12,ref,-0.130066,0.00574,3,0,0;1;2;3;4;5;6;7;8;9;10;11;12;13;14;15;16;17;18;19;20;21;22;23;24;25;26;27;28;29;30;32
meta-llama/Meta-Llama-3.1-8B,cnn_dailymail,DiffTask-long,rmd_mean_L13,ref,-0.149804,0.006781,3,0,0;1;2;3;4;5;6;7;8;9;10;11;12;13;14;15;16;17;18;19;20;21;22;23;24;25;26;27;28;29;30;32
meta-llama/Meta-Llama-3.1-8B,cnn_dailymail,DiffTask-long,rmd_mean_L14,ref,-0.182264,0.005715,3,0,0;1;2;3;4;5;6;7;8;9;10;11;12;13;14;15;16;17;18;19;20;21;22;23;24;25;26;27;28;29;30;32
meta-llama/Meta-Llama-3.1-8B,cnn_dailymail,DiffTask-long,rmd_mean_L15,ref,-0.174268,0.006145,3,0,0;1;2;3;4;5;6;7;8;9;10;11;12;13;14;15;16;17;18;19;20;21;22;23;24;25;26;27;28;29;30;32
meta-llama/Meta-Llama-3.1-8B,cnn_dailymail,DiffTask-long,rmd_mean_L16,ref,-0.147646,0.005584,3,0,0;1;2;3;4;5;6;7;8;9;10;11;12;13;14;15;16;17;18;19;20;21;22;23;24;25;26;27;28;29;30;32
meta-llama/Meta-Llama-3.1-8B,cnn_dailymail,DiffTask-long,rmd_mean_L17,ref,-0.127092,0.007948,3,0,0;1;2;3;4;5;6;7;8;9;10;11;12;13;14;15;16;17;18;19;20;21;22;23;24;25;26;27;28;29;30;32
meta-llama/Meta-Llama-3.1-8B,cnn_dailymail,DiffTask-long,rmd_mean_L18,ref,-0.130396,0.007833,3,0,0;1;2;3;4;5;6;7;8;9;10;11;12;13;14;15;16;17;18;19;20;21;22;23;24;25;26;27;28;29;30;32
meta-llama/Meta-Llama-3.1-8B,cnn_dailymail,DiffTask-long,rmd_mean_L19,ref,-0.120971,0.007081,3,0,0;1;2;3;4;5;6;7;8;9;10;11;12;13;14;15;16;17;18;19;20;21;22;23;24;25;26;27;28;29;30;32
meta-llama/Meta-Llama-3.1-8B,cnn_dailymail,DiffTask-long,rmd_mean_L2,ref,-0.10489,0.002199,3,0,0;1;2;3;4;5;6;7;8;9;10;11;12;13;14;15;16;17;18;19;20;21;22;23;24;25;26;27;28;29;30;32
meta-llama/Meta-Llama-3.1-8B,cnn_dailymail,DiffTask-long,rmd_mean_L20,ref,-0.123362,0.006658,3,0,0;1;2;3;4;5;6;7;8;9;10;11;12;13;14;15;16;17;18;19;20;21;22;23;24;25;26;27;28;29;30;32
meta-llama/Meta-Llama-3.1-8B,cnn_dailymail,DiffTask-long,rmd_mean_L21,ref,-0.120362,0.006362,3,0,0;1;2;3;4;5;6;7;8;9;10;11;12;13;14;15;16;17;18;19;20;21;22;23;24;25;26;27;28;29;30;32
meta-llama/Meta-Llama-3.1-8B,cnn_dailymail,DiffTask-long,rmd_mean_L22,ref,-0.117247,0.004495,3,0,0;1;2;3;4;5;6;7;8;9;10;11;12;13;14;15;16;17;18;19;20;21;22;23;24;25;26;27;28;29;30;32
meta-llama/Meta-Llama-3.1-8B,cnn_dailymail,DiffTask-long,rmd_mean_L23,ref,-0.123086,0.00347,3,0,0;1;2;3;4;5;6;7;8;9;10;11;12;13;14;15;16;17;18;19;20;21;22;23;24;25;26;27;28;29;30;32
meta-llama/Meta-Llama-3.1-8B,cnn_dailymail,DiffTask-long,rmd_mean_L24,ref,-0.118518,0.002395,3,0,0;1;2;3;4;5;6;7;8;9;10;11;12;13;14;15;16;17;18;19;20;21;22;23;24;25;26;27;28;29;30;32
meta-llama/Meta-Llama-3.1-8B,cnn_dailymail,DiffTask-long,rmd_mean_L25,ref,-0.120955,0.001984,3,0,0;1;2;3;4;5;6;7;8;9;10;11;12;13;14;15;16;17;18;19;20;21;22;23;24;25;26;27;28;29;30;32
meta-llama/Meta-Llama-3.1-8B,cnn_dailymail,DiffTask-long,rmd_mean_L26,ref,-0.117107,0.002412,3,0,0;1;2;3;4;5;6;7;8;9;10;11;12;13;14;15;16;17;18;19;20;21;22;23;24;25;26;27;28;29;30;32
meta-llama/Meta-Llama-3.1-8B,cnn_dailymail,DiffTask-long,rmd_mean_L27,ref,-0.125145,0.002083,3,0,0;1;2;3;4;5;6;7;8;9;10;11;12;13;14;15;16;17;18;19;20;21;22;23;24;25;26;27;28;29;30;32
meta-llama/Meta-Llama-3.1-8B,cnn_dailymail,DiffTask-long,rmd_mean_L28,ref,-0.123695,0.002557,3,0,0;1;2;3;4;5;6;7;8;9;10;11;12;13;14;15;16;17;18;19;20;21;22;23;24;25;26;27;28;29;30;32
meta-llama/Meta-Llama-3.1-8B,cnn_dailymail,DiffTask-long,rmd_mean_L29,ref,-0.128649,0.001971,3,0,0;1;2;3;4;5;6;7;8;9;10;11;12;13;14;15;16;17;18;19;20;21;22;23;24;25;26;27;28;29;30;32
meta-llama/Meta-Llama-3.1-8B,cnn_dailymail,DiffTask-long,rmd_mean_L3,ref,-0.075451,0.002134,3,0,0;1;2;3;4;5;6;7;8;9;10;11;12;13;14;15;16;17;18;19;20;21;22;23;24;25;26;27;28;29;30;32
meta-llama/Meta-Llama-3.1-8B,cnn_dailymail,DiffTask-long,rmd_mean_L30,ref,-0.126027,0.002442,3,0,0;1;2;3;4;5;6;7;8;9;10;11;12;13;14;15;16;17;18;19;20;21;22;23;24;25;26;27;28;29;30;32
meta-llama/Meta-Llama-3.1-8B,cnn_dailymail,DiffTask-long,rmd_mean_L32,ref,-0.11002,0.002286,3,0,0;1;2;3;4;5;6;7;8;9;10;11;12;13;14;15;16;17;18;19;20;21;22;23;24;25;26;27;28;29;30;32
meta-llama/Meta-Llama-3.1-8B,cnn_dailymail,DiffTask-long,rmd_mean_L4,ref,-0.112685,0.005769,3,0,0;1;2;3;4;5;6;7;8;9;10;11;12;13;14;15;16;17;18;19;20;21;22;23;24;25;26;27;28;29;30;32
meta-llama/Meta-Llama-3.1-8B,cnn_dailymail,DiffTask-long,rmd_mean_L5,ref,-0.104297,0.003609,3,0,0;1;2;3;4;5;6;7;8;9;10;11;12;13;14;15;16;17;18;19;20;21;22;23;24;25;26;27;28;29;30;32
meta-llama/Meta-Llama-3.1-8B,cnn_dailymail,DiffTask-long,rmd_mean_L6,ref,-0.128309,0.00329,3,0,0;1;2;3;4;5;6;7;8;9;10;11;12;13;14;15;16;17;18;19;20;21;22;23;24;25;26;27;28;29;30;32
meta-llama/Meta-Llama-3.1-8B,cnn_dailymail,DiffTask-long,rmd_mean_L7,ref,-0.103965,0.004093,3,0,0;1;2;3;4;5;6;7;8;9;10;11;12;13;14;15;16;17;18;19;20;21;22;23;24;25;26;27;28;29;30;32
meta-llama/Meta-Llama-3.1-8B,cnn_dailymail,DiffTask-long,rmd_mean_L8,ref,-0.11134,0.001742,3,0,0;1;2;3;4;5;6;7;8;9;10;11;12;13;14;15;16;17;18;19;20;21;22;23;24;25;26;27;28;29;30;32
meta-llama/Meta-Llama-3.1-8B,cnn_dailymail,DiffTask-long,rmd_mean_L9,ref,-0.095934,0.00247,3,0,0;1;2;3;4;5;6;7;8;9;10;11;12;13;14;15;16;17;18;19;20;21;22;23;24;25;26;27;28;29;30;32
meta-llama/Meta-Llama-3.1-8B,cnn_dailymail,DiffTask-long,satmd_alllayer,ref,0.147055,0.04475,3,0,0;1;2;3;4;5;6;7;8;9;10;11;12;13;14;15;16;17;18;19;20;21;22;23;24;25;26;27;28;29;30;32
meta-llama/Meta-Llama-3.1-8B,cnn_dailymail,DiffTask-long,satrmd_alllayer,ref,-0.11861,0.015093,3,0,0;1;2;3;4;5;6;7;8;9;10;11;12;13;14;15;16;17;18;19;20;21;22;23;24;25;26;27;28;29;30;32
meta-llama/Meta-Llama-3.1-8B,cnn_dailymail,ID,huq_satmd_alllayer,ref,0.264439,0.0,3,0,0;1;2;3;4;5;6;7;8;9;10;11;12;13;14;15;16;17;18;19;20;21;22;23;24;25;26;27;28;29;30;32
meta-llama/Meta-Llama-3.1-8B,cnn_dailymail,ID,huq_satrmd_alllayer,ref,0.22594,0.0,3,0,0;1;2;3;4;5;6;7;8;9;10;11;12;13;14;15;16;17;18;19;20;21;22;23;24;25;26;27;28;29;30;32
meta-llama/Meta-Llama-3.1-8B,cnn_dailymail,ID,md_mean_L0,ref,-0.076492,0.0,3,0,0;1;2;3;4;5;6;7;8;9;10;11;12;13;14;15;16;17;18;19;20;21;22;23;24;25;26;27;28;29;30;32
meta-llama/Meta-Llama-3.1-8B,cnn_dailymail,ID,md_mean_L1,ref,-0.060123,0.0,3,0,0;1;2;3;4;5;6;7;8;9;10;11;12;13;14;15;16;17;18;19;20;21;22;23;24;25;26;27;28;29;30;32
meta-llama/Meta-Llama-3.1-8B,cnn_dailymail,ID,md_mean_L10,ref,-0.026519,0.0,3,0,0;1;2;3;4;5;6;7;8;9;10;11;12;13;14;15;16;17;18;19;20;21;22;23;24;25;26;27;28;29;30;32
meta-llama/Meta-Llama-3.1-8B,cnn_dailymail,ID,md_mean_L11,ref,-0.057412,0.0,3,0,0;1;2;3;4;5;6;7;8;9;10;11;12;13;14;15;16;17;18;19;20;21;22;23;24;25;26;27;28;29;30;32
meta-llama/Meta-Llama-3.1-8B,cnn_dailymail,ID,md_mean_L12,ref,-0.071584,0.0,3,0,0;1;2;3;4;5;6;7;8;9;10;11;12;13;14;15;16;17;18;19;20;21;22;23;24;25;26;27;28;29;30;32
meta-llama/Meta-Llama-3.1-8B,cnn_dailymail,ID,md_mean_L13,ref,-0.082271,0.0,3,0,0;1;2;3;4;5;6;7;8;9;10;11;12;13;14;15;16;17;18;19;20;21;22;23;24;25;26;27;28;29;30;32
meta-llama/Meta-Llama-3.1-8B,cnn_dailymail,ID,md_mean_L14,ref,-0.079766,0.0,3,0,0;1;2;3;4;5;6;7;8;9;10;11;12;13;14;15;16;17;18;19;20;21;22;23;24;25;26;27;28;29;30;32
meta-llama/Meta-Llama-3.1-8B,cnn_dailymail,ID,md_mean_L15,ref,-0.049899,0.0,3,0,0;1;2;3;4;5;6;7;8;9;10;11;12;13;14;15;16;17;18;19;20;21;22;23;24;25;26;27;28;29;30;32
meta-llama/Meta-Llama-3.1-8B,cnn_dailymail,ID,md_mean_L16,ref,-0.03274,0.0,3,0,0;1;2;3;4;5;6;7;8;9;10;11;12;13;14;15;16;17;18;19;20;21;22;23;24;25;26;27;28;29;30;32
meta-llama/Meta-Llama-3.1-8B,cnn_dailymail,ID,md_mean_L17,ref,-0.040053,0.0,3,0,0;1;2;3;4;5;6;7;8;9;10;11;12;13;14;15;16;17;18;19;20;21;22;23;24;25;26;27;28;29;30;32
meta-llama/Meta-Llama-3.1-8B,cnn_dailymail,ID,md_mean_L18,ref,0.005171,0.0,3,0,0;1;2;3;4;5;6;7;8;9;10;11;12;13;14;15;16;17;18;19;20;21;22;23;24;25;26;27;28;29;30;32
meta-llama/Meta-Llama-3.1-8B,cnn_dailymail,ID,md_mean_L19,ref,0.034773,0.0,3,0,0;1;2;3;4;5;6;7;8;9;10;11;12;13;14;15;16;17;18;19;20;21;22;23;24;25;26;27;28;29;30;32
meta-llama/Meta-Llama-3.1-8B,cnn_dailymail,ID,md_mean_L2,ref,-0.060477,0.0,3,0,0;1;2;3;4;5;6;7;8;9;10;11;12;13;14;15;16;17;18;19;20;21;22;23;24;25;26;27;28;29;30;32
meta-llama/Meta-Llama-3.1-8B,cnn_dailymail,ID,md_mean_L20,ref,0.049132,0.0,3,0,0;1;2;3;4;5;6;7;8;9;10;11;12;13;14;15;16;17;18;19;20;21;22;23;24;25;26;27;28;29;30;32
meta-llama/Meta-Llama-3.1-8B,cnn_dailymail,ID,md_mean_L21,ref,0.056349,0.0,3,0,0;1;2;3;4;5;6;7;8;9;10;11;12;13;14;15;16;17;18;19;20;21;22;23;24;25;26;27;28;29;30;32
meta-llama/Meta-Llama-3.1-8B,cnn_dailymail,ID,md_mean_L22,ref,0.080181,0.0,3,0,0;1;2;3;4;5;6;7;8;9;10;11;12;13;14;15;16;17;18;19;20;21;22;23;24;25;26;27;28;29;30;32
meta-llama/Meta-Llama-3.1-8B,cnn_dailymail,ID,md_mean_L23,ref,0.100675,0.0,3,0,0;1;2;3;4;5;6;7;8;9;10;11;12;13;14;15;16;17;18;19;20;21;22;23;24;25;26;27;28;29;30;32
meta-llama/Meta-Llama-3.1-8B,cnn_dailymail,ID,md_mean_L24,ref,0.125619,0.0,3,0,0;1;2;3;4;5;6;7;8;9;10;11;12;13;14;15;16;17;18;19;20;21;22;23;24;25;26;27;28;29;30;32
meta-llama/Meta-Llama-3.1-8B,cnn_dailymail,ID,md_mean_L25,ref,0.142295,0.0,3,0,0;1;2;3;4;5;6;7;8;9;10;11;12;13;14;15;16;17;18;19;20;21;22;23;24;25;26;27;28;29;30;32
meta-llama/Meta-Llama-3.1-8B,cnn_dailymail,ID,md_mean_L26,ref,0.152167,0.0,3,0,0;1;2;3;4;5;6;7;8;9;10;11;12;13;14;15;16;17;18;19;20;21;22;23;24;25;26;27;28;29;30;32
meta-llama/Meta-Llama-3.1-8B,cnn_dailymail,ID,md_mean_L27,ref,0.15989,0.0,3,0,0;1;2;3;4;5;6;7;8;9;10;11;12;13;14;15;16;17;18;19;20;21;22;23;24;25;26;27;28;29;30;32
meta-llama/Meta-Llama-3.1-8B,cnn_dailymail,ID,md_mean_L28,ref,0.155746,0.0,3,0,0;1;2;3;4;5;6;7;8;9;10;11;12;13;14;15;16;17;18;19;20;21;22;23;24;25;26;27;28;29;30;32
meta-llama/Meta-Llama-3.1-8B,cnn_dailymail,ID,md_mean_L29,ref,0.153895,0.0,3,0,0;1;2;3;4;5;6;7;8;9;10;11;12;13;14;15;16;17;18;19;20;21;22;23;24;25;26;27;28;29;30;32
meta-llama/Meta-Llama-3.1-8B,cnn_dailymail,ID,md_mean_L3,ref,-0.077106,0.0,3,0,0;1;2;3;4;5;6;7;8;9;10;11;12;13;14;15;16;17;18;19;20;21;22;23;24;25;26;27;28;29;30;32
meta-llama/Meta-Llama-3.1-8B,cnn_dailymail,ID,md_mean_L30,ref,0.151757,0.0,3,0,0;1;2;3;4;5;6;7;8;9;10;11;12;13;14;15;16;17;18;19;20;21;22;23;24;25;26;27;28;29;30;32
meta-llama/Meta-Llama-3.1-8B,cnn_dailymail,ID,md_mean_L32,ref,0.005795,0.0,3,0,0;1;2;3;4;5;6;7;8;9;10;11;12;13;14;15;16;17;18;19;20;21;22;23;24;25;26;27;28;29;30;32
meta-llama/Meta-Llama-3.1-8B,cnn_dailymail,ID,md_mean_L4,ref,-0.059048,0.0,3,0,0;1;2;3;4;5;6;7;8;9;10;11;12;13;14;15;16;17;18;19;20;21;22;23;24;25;26;27;28;29;30;32
meta-llama/Meta-Llama-3.1-8B,cnn_dailymail,ID,md_mean_L5,ref,-0.006284,0.0,3,0,0;1;2;3;4;5;6;7;8;9;10;11;12;13;14;15;16;17;18;19;20;21;22;23;24;25;26;27;28;29;30;32
meta-llama/Meta-Llama-3.1-8B,cnn_dailymail,ID,md_mean_L6,ref,0.015248,0.0,3,0,0;1;2;3;4;5;6;7;8;9;10;11;12;13;14;15;16;17;18;19;20;21;22;23;24;25;26;27;28;29;30;32
meta-llama/Meta-Llama-3.1-8B,cnn_dailymail,ID,md_mean_L7,ref,0.031709,0.0,3,0,0;1;2;3;4;5;6;7;8;9;10;11;12;13;14;15;16;17;18;19;20;21;22;23;24;25;26;27;28;29;30;32
meta-llama/Meta-Llama-3.1-8B,cnn_dailymail,ID,md_mean_L8,ref,0.018656,0.0,3,0,0;1;2;3;4;5;6;7;8;9;10;11;12;13;14;15;16;17;18;19;20;21;22;23;24;25;26;27;28;29;30;32
meta-llama/Meta-Llama-3.1-8B,cnn_dailymail,ID,md_mean_L9,ref,-0.003785,0.0,3,0,0;1;2;3;4;5;6;7;8;9;10;11;12;13;14;15;16;17;18;19;20;21;22;23;24;25;26;27;28;29;30;32
meta-llama/Meta-Llama-3.1-8B,cnn_dailymail,ID,msp_satmd_alllayer,ref,0.329596,0.0,3,0,0;1;2;3;4;5;6;7;8;9;10;11;12;13;14;15;16;17;18;19;20;21;22;23;24;25;26;27;28;29;30;32
meta-llama/Meta-Llama-3.1-8B,cnn_dailymail,ID,msp_satrmd_alllayer,ref,0.292112,0.0,3,0,0;1;2;3;4;5;6;7;8;9;10;11;12;13;14;15;16;17;18;19;20;21;22;23;24;25;26;27;28;29;30;32
meta-llama/Meta-Llama-3.1-8B,cnn_dailymail,ID,rmd_mean_L0,ref,-0.144039,0.0,3,0,0;1;2;3;4;5;6;7;8;9;10;11;12;13;14;15;16;17;18;19;20;21;22;23;24;25;26;27;28;29;30;32
meta-llama/Meta-Llama-3.1-8B,cnn_dailymail,ID,rmd_mean_L1,ref,-0.135957,0.0,3,0,0;1;2;3;4;5;6;7;8;9;10;11;12;13;14;15;16;17;18;19;20;21;22;23;24;25;26;27;28;29;30;32
meta-llama/Meta-Llama-3.1-8B,cnn_dailymail,ID,rmd_mean_L10,ref,-0.149208,0.0,3,0,0;1;2;3;4;5;6;7;8;9;10;11;12;13;14;15;16;17;18;19;20;21;22;23;24;25;26;27;28;29;30;32
meta-llama/Meta-Llama-3.1-8B,cnn_dailymail,ID,rmd_mean_L11,ref,-0.173896,0.0,3,0,0;1;2;3;4;5;6;7;8;9;10;11;12;13;14;15;16;17;18;19;20;21;22;23;24;25;26;27;28;29;30;32
meta-llama/Meta-Llama-3.1-8B,cnn_dailymail,ID,rmd_mean_L12,ref,-0.17196,0.0,3,0,0;1;2;3;4;5;6;7;8;9;10;11;12;13;14;15;16;17;18;19;20;21;22;23;24;25;26;27;28;29;30;32
meta-llama/Meta-Llama-3.1-8B,cnn_dailymail,ID,rmd_mean_L13,ref,-0.182865,0.0,3,0,0;1;2;3;4;5;6;7;8;9;10;11;12;13;14;15;16;17;18;19;20;21;22;23;24;25;26;27;28;29;30;32
meta-llama/Meta-Llama-3.1-8B,cnn_dailymail,ID,rmd_mean_L14,ref,-0.189085,0.0,3,0,0;1;2;3;4;5;6;7;8;9;10;11;12;13;14;15;16;17;18;19;20;21;22;23;24;25;26;27;28;29;30;32
meta-llama/Meta-Llama-3.1-8B,cnn_dailymail,ID,rmd_mean_L15,ref,-0.175222,0.0,3,0,0;1;2;3;4;5;6;7;8;9;10;11;12;13;14;15;16;17;18;19;20;21;22;23;24;25;26;27;28;29;30;32
meta-llama/Meta-Llama-3.1-8B,cnn_dailymail,ID,rmd_mean_L16,ref,-0.138849,0.0,3,0,0;1;2;3;4;5;6;7;8;9;10;11;12;13;14;15;16;17;18;19;20;21;22;23;24;25;26;27;28;29;30;32
meta-llama/Meta-Llama-3.1-8B,cnn_dailymail,ID,rmd_mean_L17,ref,-0.134006,0.0,3,0,0;1;2;3;4;5;6;7;8;9;10;11;12;13;14;15;16;17;18;19;20;21;22;23;24;25;26;27;28;29;30;32
meta-llama/Meta-Llama-3.1-8B,cnn_dailymail,ID,rmd_mean_L18,ref,-0.113158,0.0,3,0,0;1;2;3;4;5;6;7;8;9;10;11;12;13;14;15;16;17;18;19;20;21;22;23;24;25;26;27;28;29;30;32
meta-llama/Meta-Llama-3.1-8B,cnn_dailymail,ID,rmd_mean_L19,ref,-0.097645,0.0,3,0,0;1;2;3;4;5;6;7;8;9;10;11;12;13;14;15;16;17;18;19;20;21;22;23;24;25;26;27;28;29;30;32
meta-llama/Meta-Llama-3.1-8B,cnn_dailymail,ID,rmd_mean_L2,ref,-0.142818,0.0,3,0,0;1;2;3;4;5;6;7;8;9;10;11;12;13;14;15;16;17;18;19;20;21;22;23;24;25;26;27;28;29;30;32
meta-llama/Meta-Llama-3.1-8B,cnn_dailymail,ID,rmd_mean_L20,ref,-0.081727,0.0,3,0,0;1;2;3;4;5;6;7;8;9;10;11;12;13;14;15;16;17;18;19;20;21;22;23;24;25;26;27;28;29;30;32
meta-llama/Meta-Llama-3.1-8B,cnn_dailymail,ID,rmd_mean_L21,ref,-0.071333,0.0,3,0,0;1;2;3;4;5;6;7;8;9;10;11;12;13;14;15;16;17;18;19;20;21;22;23;24;25;26;27;28;29;30;32
meta-llama/Meta-Llama-3.1-8B,cnn_dailymail,ID,rmd_mean_L22,ref,-0.061033,0.0,3,0,0;1;2;3;4;5;6;7;8;9;10;11;12;13;14;15;16;17;18;19;20;21;22;23;24;25;26;27;28;29;30;32
meta-llama/Meta-Llama-3.1-8B,cnn_dailymail,ID,rmd_mean_L23,ref,-0.053822,0.0,3,0,0;1;2;3;4;5;6;7;8;9;10;11;12;13;14;15;16;17;18;19;20;21;22;23;24;25;26;27;28;29;30;32
meta-llama/Meta-Llama-3.1-8B,cnn_dailymail,ID,rmd_mean_L24,ref,-0.047115,0.0,3,0,0;1;2;3;4;5;6;7;8;9;10;11;12;13;14;15;16;17;18;19;20;21;22;23;24;25;26;27;28;29;30;32
meta-llama/Meta-Llama-3.1-8B,cnn_dailymail,ID,rmd_mean_L25,ref,-0.048464,0.0,3,0,0;1;2;3;4;5;6;7;8;9;10;11;12;13;14;15;16;17;18;19;20;21;22;23;24;25;26;27;28;29;30;32
meta-llama/Meta-Llama-3.1-8B,cnn_dailymail,ID,rmd_mean_L26,ref,-0.044894,0.0,3,0,0;1;2;3;4;5;6;7;8;9;10;11;12;13;14;15;16;17;18;19;20;21;22;23;24;25;26;27;28;29;30;32
meta-llama/Meta-Llama-3.1-8B,cnn_dailymail,ID,rmd_mean_L27,ref,-0.040684,0.0,3,0,0;1;2;3;4;5;6;7;8;9;10;11;12;13;14;15;16;17;18;19;20;21;22;23;24;25;26;27;28;29;30;32
meta-llama/Meta-Llama-3.1-8B,cnn_dailymail,ID,rmd_mean_L28,ref,-0.037102,0.0,3,0,0;1;2;3;4;5;6;7;8;9;10;11;12;13;14;15;16;17;18;19;20;21;22;23;24;25;26;27;28;29;30;32
meta-llama/Meta-Llama-3.1-8B,cnn_dailymail,ID,rmd_mean_L29,ref,-0.037158,0.0,3,0,0;1;2;3;4;5;6;7;8;9;10;11;12;13;14;15;16;17;18;19;20;21;22;23;24;25;26;27;28;29;30;32
meta-llama/Meta-Llama-3.1-8B,cnn_dailymail,ID,rmd_mean_L3,ref,-0.13962,0.0,3,0,0;1;2;3;4;5;6;7;8;9;10;11;12;13;14;15;16;17;18;19;20;21;22;23;24;25;26;27;28;29;30;32
meta-llama/Meta-Llama-3.1-8B,cnn_dailymail,ID,rmd_mean_L30,ref,-0.022028,0.0,3,0,0;1;2;3;4;5;6;7;8;9;10;11;12;13;14;15;16;17;18;19;20;21;22;23;24;25;26;27;28;29;30;32
meta-llama/Meta-Llama-3.1-8B,cnn_dailymail,ID,rmd_mean_L32,ref,0.01508,0.0,3,0,0;1;2;3;4;5;6;7;8;9;10;11;12;13;14;15;16;17;18;19;20;21;22;23;24;25;26;27;28;29;30;32
meta-llama/Meta-Llama-3.1-8B,cnn_dailymail,ID,rmd_mean_L4,ref,-0.135342,0.0,3,0,0;1;2;3;4;5;6;7;8;9;10;11;12;13;14;15;16;17;18;19;20;21;22;23;24;25;26;27;28;29;30;32
meta-llama/Meta-Llama-3.1-8B,cnn_dailymail,ID,rmd_mean_L5,ref,-0.145189,0.0,3,0,0;1;2;3;4;5;6;7;8;9;10;11;12;13;14;15;16;17;18;19;20;21;22;23;24;25;26;27;28;29;30;32
meta-llama/Meta-Llama-3.1-8B,cnn_dailymail,ID,rmd_mean_L6,ref,-0.161558,0.0,3,0,0;1;2;3;4;5;6;7;8;9;10;11;12;13;14;15;16;17;18;19;20;21;22;23;24;25;26;27;28;29;30;32
meta-llama/Meta-Llama-3.1-8B,cnn_dailymail,ID,rmd_mean_L7,ref,-0.161057,0.0,3,0,0;1;2;3;4;5;6;7;8;9;10;11;12;13;14;15;16;17;18;19;20;21;22;23;24;25;26;27;28;29;30;32
meta-llama/Meta-Llama-3.1-8B,cnn_dailymail,ID,rmd_mean_L8,ref,-0.159848,0.0,3,0,0;1;2;3;4;5;6;7;8;9;10;11;12;13;14;15;16;17;18;19;20;21;22;23;24;25;26;27;28;29;30;32
meta-llama/Meta-Llama-3.1-8B,cnn_dailymail,ID,rmd_mean_L9,ref,-0.140217,0.0,3,0,0;1;2;3;4;5;6;7;8;9;10;11;12;13;14;15;16;17;18;19;20;21;22;23;24;25;26;27;28;29;30;32
meta-llama/Meta-Llama-3.1-8B,cnn_dailymail,ID,satmd_alllayer,ref,0.239696,0.0,3,0,0;1;2;3;4;5;6;7;8;9;10;11;12;13;14;15;16;17;18;19;20;21;22;23;24;25;26;27;28;29;30;32
meta-llama/Meta-Llama-3.1-8B,cnn_dailymail,ID,satrmd_alllayer,ref,0.16414,0.0,3,0,0;1;2;3;4;5;6;7;8;9;10;11;12;13;14;15;16;17;18;19;20;21;22;23;24;25;26;27;28;29;30;32
meta-llama/Meta-Llama-3.1-8B,cnn_dailymail,LOO-long,huq_satmd_alllayer,ref,0.001146,0.041494,3,0,0;1;2;3;4;5;6;7;8;9;10;11;12;13;14;15;16;17;18;19;20;21;22;23;24;25;26;27;28;29;30;32
meta-llama/Meta-Llama-3.1-8B,cnn_dailymail,LOO-long,huq_satrmd_alllayer,ref,-0.1737,0.013475,3,0,0;1;2;3;4;5;6;7;8;9;10;11;12;13;14;15;16;17;18;19;20;21;22;23;24;25;26;27;28;29;30;32
meta-llama/Meta-Llama-3.1-8B,cnn_dailymail,LOO-long,md_mean_L0,ref,-0.060311,0.001623,3,0,0;1;2;3;4;5;6;7;8;9;10;11;12;13;14;15;16;17;18;19;20;21;22;23;24;25;26;27;28;29;30;32
meta-llama/Meta-Llama-3.1-8B,cnn_dailymail,LOO-long,md_mean_L1,ref,-0.037536,0.001063,3,0,0;1;2;3;4;5;6;7;8;9;10;11;12;13;14;15;16;17;18;19;20;21;22;23;24;25;26;27;28;29;30;32
meta-llama/Meta-Llama-3.1-8B,cnn_dailymail,LOO-long,md_mean_L10,ref,-0.117678,0.00558,3,0,0;1;2;3;4;5;6;7;8;9;10;11;12;13;14;15;16;17;18;19;20;21;22;23;24;25;26;27;28;29;30;32
meta-llama/Meta-Llama-3.1-8B,cnn_dailymail,LOO-long,md_mean_L11,ref,-0.152863,0.002699,3,0,0;1;2;3;4;5;6;7;8;9;10;11;12;13;14;15;16;17;18;19;20;21;22;23;24;25;26;27;28;29;30;32
meta-llama/Meta-Llama-3.1-8B,cnn_dailymail,LOO-long,md_mean_L12,ref,-0.175176,0.002844,3,0,0;1;2;3;4;5;6;7;8;9;10;11;12;13;14;15;16;17;18;19;20;21;22;23;24;25;26;27;28;29;30;32
meta-llama/Meta-Llama-3.1-8B,cnn_dailymail,LOO-long,md_mean_L13,ref,-0.19491,0.003184,3,0,0;1;2;3;4;5;6;7;8;9;10;11;12;13;14;15;16;17;18;19;20;21;22;23;24;25;26;27;28;29;30;32
meta-llama/Meta-Llama-3.1-8B,cnn_dailymail,LOO-long,md_mean_L14,ref,-0.197095,0.002969,3,0,0;1;2;3;4;5;6;7;8;9;10;11;12;13;14;15;16;17;18;19;20;21;22;23;24;25;26;27;28;29;30;32
meta-llama/Meta-Llama-3.1-8B,cnn_dailymail,LOO-long,md_mean_L15,ref,-0.154172,0.003819,3,0,0;1;2;3;4;5;6;7;8;9;10;11;12;13;14;15;16;17;18;19;20;21;22;23;24;25;26;27;28;29;30;32
meta-llama/Meta-Llama-3.1-8B,cnn_dailymail,LOO-long,md_mean_L16,ref,-0.136958,0.005559,3,0,0;1;2;3;4;5;6;7;8;9;10;11;12;13;14;15;16;17;18;19;20;21;22;23;24;25;26;27;28;29;30;32
meta-llama/Meta-Llama-3.1-8B,cnn_dailymail,LOO-long,md_mean_L17,ref,-0.1463,0.004487,3,0,0;1;2;3;4;5;6;7;8;9;10;11;12;13;14;15;16;17;18;19;20;21;22;23;24;25;26;27;28;29;30;32
meta-llama/Meta-Llama-3.1-8B,cnn_dailymail,LOO-long,md_mean_L18,ref,-0.061901,0.001381,3,0,0;1;2;3;4;5;6;7;8;9;10;11;12;13;14;15;16;17;18;19;20;21;22;23;24;25;26;27;28;29;30;32
meta-llama/Meta-Llama-3.1-8B,cnn_dailymail,LOO-long,md_mean_L19,ref,0.006093,0.001895,3,0,0;1;2;3;4;5;6;7;8;9;10;11;12;13;14;15;16;17;18;19;20;21;22;23;24;25;26;27;28;29;30;32
meta-llama/Meta-Llama-3.1-8B,cnn_dailymail,LOO-long,md_mean_L2,ref,-0.032864,0.003024,3,0,0;1;2;3;4;5;6;7;8;9;10;11;12;13;14;15;16;17;18;19;20;21;22;23;24;25;26;27;28;29;30;32
meta-llama/Meta-Llama-3.1-8B,cnn_dailymail,LOO-long,md_mean_L20,ref,0.024808,0.001773,3,0,0;1;2;3;4;5;6;7;8;9;10;11;12;13;14;15;16;17;18;19;20;21;22;23;24;25;26;27;28;29;30;32
meta-llama/Meta-Llama-3.1-8B,cnn_dailymail,LOO-long,md_mean_L21,ref,0.040836,0.001108,3,0,0;1;2;3;4;5;6;7;8;9;10;11;12;13;14;15;16;17;18;19;20;21;22;23;24;25;26;27;28;29;30;32
meta-llama/Meta-Llama-3.1-8B,cnn_dailymail,LOO-long,md_mean_L22,ref,0.090641,0.001387,3,0,0;1;2;3;4;5;6;7;8;9;10;11;12;13;14;15;16;17;18;19;20;21;22;23;24;25;26;27;28;29;30;32
meta-llama/Meta-Llama-3.1-8B,cnn_dailymail,LOO-long,md_mean_L23,ref,0.140135,0.001717,3,0,0;1;2;3;4;5;6;7;8;9;10;11;12;13;14;15;16;17;18;19;20;21;22;23;24;25;26;27;28;29;30;32
meta-llama/Meta-Llama-3.1-8B,cnn_dailymail,LOO-long,md_mean_L24,ref,0.184076,0.003547,3,0,0;1;2;3;4;5;6;7;8;9;10;11;12;13;14;15;16;17;18;19;20;21;22;23;24;25;26;27;28;29;30;32
meta-llama/Meta-Llama-3.1-8B,cnn_dailymail,LOO-long,md_mean_L25,ref,0.205418,0.005636,3,0,0;1;2;3;4;5;6;7;8;9;10;11;12;13;14;15;16;17;18;19;20;21;22;23;24;25;26;27;28;29;30;32
meta-llama/Meta-Llama-3.1-8B,cnn_dailymail,LOO-long,md_mean_L26,ref,0.218057,0.006456,3,0,0;1;2;3;4;5;6;7;8;9;10;11;12;13;14;15;16;17;18;19;20;21;22;23;24;25;26;27;28;29;30;32
meta-llama/Meta-Llama-3.1-8B,cnn_dailymail,LOO-long,md_mean_L27,ref,0.21761,0.005244,3,0,0;1;2;3;4;5;6;7;8;9;10;11;12;13;14;15;16;17;18;19;20;21;22;23;24;25;26;27;28;29;30;32
meta-llama/Meta-Llama-3.1-8B,cnn_dailymail,LOO-long,md_mean_L28,ref,0.197285,0.004083,3,0,0;1;2;3;4;5;6;7;8;9;10;11;12;13;14;15;16;17;18;19;20;21;22;23;24;25;26;27;28;29;30;32
meta-llama/Meta-Llama-3.1-8B,cnn_dailymail,LOO-long,md_mean_L29,ref,0.190728,0.002999,3,0,0;1;2;3;4;5;6;7;8;9;10;11;12;13;14;15;16;17;18;19;20;21;22;23;24;25;26;27;28;29;30;32
meta-llama/Meta-Llama-3.1-8B,cnn_dailymail,LOO-long,md_mean_L3,ref,-0.049989,0.002904,3,0,0;1;2;3;4;5;6;7;8;9;10;11;12;13;14;15;16;17;18;19;20;21;22;23;24;25;26;27;28;29;30;32
meta-llama/Meta-Llama-3.1-8B,cnn_dailymail,LOO-long,md_mean_L30,ref,0.175771,0.001854,3,0,0;1;2;3;4;5;6;7;8;9;10;11;12;13;14;15;16;17;18;19;20;21;22;23;24;25;26;27;28;29;30;32
meta-llama/Meta-Llama-3.1-8B,cnn_dailymail,LOO-long,md_mean_L32,ref,-0.136715,0.00132,3,0,0;1;2;3;4;5;6;7;8;9;10;11;12;13;14;15;16;17;18;19;20;21;22;23;24;25;26;27;28;29;30;32
meta-llama/Meta-Llama-3.1-8B,cnn_dailymail,LOO-long,md_mean_L4,ref,-0.043992,0.003361,3,0,0;1;2;3;4;5;6;7;8;9;10;11;12;13;14;15;16;17;18;19;20;21;22;23;24;25;26;27;28;29;30;32
meta-llama/Meta-Llama-3.1-8B,cnn_dailymail,LOO-long,md_mean_L5,ref,0.028437,0.002793,3,0,0;1;2;3;4;5;6;7;8;9;10;11;12;13;14;15;16;17;18;19;20;21;22;23;24;25;26;27;28;29;30;32
meta-llama/Meta-Llama-3.1-8B,cnn_dailymail,LOO-long,md_mean_L6,ref,0.045627,0.00384,3,0,0;1;2;3;4;5;6;7;8;9;10;11;12;13;14;15;16;17;18;19;20;21;22;23;24;25;26;27;28;29;30;32
meta-llama/Meta-Llama-3.1-8B,cnn_dailymail,LOO-long,md_mean_L7,ref,0.079199,0.003394,3,0,0;1;2;3;4;5;6;7;8;9;10;11;12;13;14;15;16;17;18;19;20;21;22;23;24;25;26;27;28;29;30;32
meta-llama/Meta-Llama-3.1-8B,cnn_dailymail,LOO-long,md_mean_L8,ref,0.009746,0.003479,3,0,0;1;2;3;4;5;6;7;8;9;10;11;12;13;14;15;16;17;18;19;20;21;22;23;24;25;26;27;28;29;30;32
meta-llama/Meta-Llama-3.1-8B,cnn_dailymail,LOO-long,md_mean_L9,ref,-0.056447,0.006011,3,0,0;1;2;3;4;5;6;7;8;9;10;11;12;13;14;15;16;17;18;19;20;21;22;23;24;25;26;27;28;29;30;32
meta-llama/Meta-Llama-3.1-8B,cnn_dailymail,LOO-long,rmd_mean_L0,ref,-0.121263,0.001889,3,0,0;1;2;3;4;5;6;7;8;9;10;11;12;13;14;15;16;17;18;19;20;21;22;23;24;25;26;27;28;29;30;32
meta-llama/Meta-Llama-3.1-8B,cnn_dailymail,LOO-long,rmd_mean_L1,ref,-0.141801,0.00266,3,0,0;1;2;3;4;5;6;7;8;9;10;11;12;13;14;15;16;17;18;19;20;21;22;23;24;25;26;27;28;29;30;32
meta-llama/Meta-Llama-3.1-8B,cnn_dailymail,LOO-long,rmd_mean_L10,ref,-0.235468,0.004978,3,0,0;1;2;3;4;5;6;7;8;9;10;11;12;13;14;15;16;17;18;19;20;21;22;23;24;25;26;27;28;29;30;32
meta-llama/Meta-Llama-3.1-8B,cnn_dailymail,LOO-long,rmd_mean_L11,ref,-0.252506,0.003295,3,0,0;1;2;3;4;5;6;7;8;9;10;11;12;13;14;15;16;17;18;19;20;21;22;23;24;25;26;27;28;29;30;32
meta-llama/Meta-Llama-3.1-8B,cnn_dailymail,LOO-long,rmd_mean_L12,ref,-0.245794,0.002254,3,0,0;1;2;3;4;5;6;7;8;9;10;11;12;13;14;15;16;17;18;19;20;21;22;23;24;25;26;27;28;29;30;32
meta-llama/Meta-Llama-3.1-8B,cnn_dailymail,LOO-long,rmd_mean_L13,ref,-0.258154,0.003741,3,0,0;1;2;3;4;5;6;7;8;9;10;11;12;13;14;15;16;17;18;19;20;21;22;23;24;25;26;27;28;29;30;32
meta-llama/Meta-Llama-3.1-8B,cnn_dailymail,LOO-long,rmd_mean_L14,ref,-0.276691,0.003011,3,0,0;1;2;3;4;5;6;7;8;9;10;11;12;13;14;15;16;17;18;19;20;21;22;23;24;25;26;27;28;29;30;32
meta-llama/Meta-Llama-3.1-8B,cnn_dailymail,LOO-long,rmd_mean_L15,ref,-0.26309,0.003604,3,0,0;1;2;3;4;5;6;7;8;9;10;11;12;13;14;15;16;17;18;19;20;21;22;23;24;25;26;27;28;29;30;32
meta-llama/Meta-Llama-3.1-8B,cnn_dailymail,LOO-long,rmd_mean_L16,ref,-0.212359,0.005274,3,0,0;1;2;3;4;5;6;7;8;9;10;11;12;13;14;15;16;17;18;19;20;21;22;23;24;25;26;27;28;29;30;32
meta-llama/Meta-Llama-3.1-8B,cnn_dailymail,LOO-long,rmd_mean_L17,ref,-0.193185,0.003761,3,0,0;1;2;3;4;5;6;7;8;9;10;11;12;13;14;15;16;17;18;19;20;21;22;23;24;25;26;27;28;29;30;32
meta-llama/Meta-Llama-3.1-8B,cnn_dailymail,LOO-long,rmd_mean_L18,ref,-0.179667,0.004105,3,0,0;1;2;3;4;5;6;7;8;9;10;11;12;13;14;15;16;17;18;19;20;21;22;23;24;25;26;27;28;29;30;32
meta-llama/Meta-Llama-3.1-8B,cnn_dailymail,LOO-long,rmd_mean_L19,ref,-0.166429,0.003788,3,0,0;1;2;3;4;5;6;7;8;9;10;11;12;13;14;15;16;17;18;19;20;21;22;23;24;25;26;27;28;29;30;32
meta-llama/Meta-Llama-3.1-8B,cnn_dailymail,LOO-long,rmd_mean_L2,ref,-0.172263,0.003574,3,0,0;1;2;3;4;5;6;7;8;9;10;11;12;13;14;15;16;17;18;19;20;21;22;23;24;25;26;27;28;29;30;32
meta-llama/Meta-Llama-3.1-8B,cnn_dailymail,LOO-long,rmd_mean_L20,ref,-0.163926,0.002804,3,0,0;1;2;3;4;5;6;7;8;9;10;11;12;13;14;15;16;17;18;19;20;21;22;23;24;25;26;27;28;29;30;32
meta-llama/Meta-Llama-3.1-8B,cnn_dailymail,LOO-long,rmd_mean_L21,ref,-0.156692,0.00251,3,0,0;1;2;3;4;5;6;7;8;9;10;11;12;13;14;15;16;17;18;19;20;21;22;23;24;25;26;27;28;29;30;32
meta-llama/Meta-Llama-3.1-8B,cnn_dailymail,LOO-long,rmd_mean_L22,ref,-0.147812,0.001651,3,0,0;1;2;3;4;5;6;7;8;9;10;11;12;13;14;15;16;17;18;19;20;21;22;23;24;25;26;27;28;29;30;32
meta-llama/Meta-Llama-3.1-8B,cnn_dailymail,LOO-long,rmd_mean_L23,ref,-0.148832,0.001089,3,0,0;1;2;3;4;5;6;7;8;9;10;11;12;13;14;15;16;17;18;19;20;21;22;23;24;25;26;27;28;29;30;32
meta-llama/Meta-Llama-3.1-8B,cnn_dailymail,LOO-long,rmd_mean_L24,ref,-0.149502,0.002328,3,0,0;1;2;3;4;5;6;7;8;9;10;11;12;13;14;15;16;17;18;19;20;21;22;23;24;25;26;27;28;29;30;32
meta-llama/Meta-Llama-3.1-8B,cnn_dailymail,LOO-long,rmd_mean_L25,ref,-0.153035,0.002221,3,0,0;1;2;3;4;5;6;7;8;9;10;11;12;13;14;15;16;17;18;19;20;21;22;23;24;25;26;27;28;29;30;32
meta-llama/Meta-Llama-3.1-8B,cnn_dailymail,LOO-long,rmd_mean_L26,ref,-0.149883,0.002515,3,0,0;1;2;3;4;5;6;7;8;9;10;11;12;13;14;15;16;17;18;19;20;21;22;23;24;25;26;27;28;29;30;32
meta-llama/Meta-Llama-3.1-8B,cnn_dailymail,LOO-long,rmd_mean_L27,ref,-0.152406,0.002445,3,0,0;1;2;3;4;5;6;7;8;9;10;11;12;13;14;15;16;17;18;19;20;21;22;23;24;25;26;27;28;29;30;32
meta-llama/Meta-Llama-3.1-8B,cnn_dailymail,LOO-long,rmd_mean_L28,ref,-0.153873,0.00254,3,0,0;1;2;3;4;5;6;7;8;9;10;11;12;13;14;15;16;17;18;19;20;21;22;23;24;25;26;27;28;29;30;32
meta-llama/Meta-Llama-3.1-8B,cnn_dailymail,LOO-long,rmd_mean_L29,ref,-0.156784,0.003317,3,0,0;1;2;3;4;5;6;7;8;9;10;11;12;13;14;15;16;17;18;19;20;21;22;23;24;25;26;27;28;29;30;32
meta-llama/Meta-Llama-3.1-8B,cnn_dailymail,LOO-long,rmd_mean_L3,ref,-0.161867,0.004605,3,0,0;1;2;3;4;5;6;7;8;9;10;11;12;13;14;15;16;17;18;19;20;21;22;23;24;25;26;27;28;29;30;32
meta-llama/Meta-Llama-3.1-8B,cnn_dailymail,LOO-long,rmd_mean_L30,ref,-0.154752,0.00337,3,0,0;1;2;3;4;5;6;7;8;9;10;11;12;13;14;15;16;17;18;19;20;21;22;23;24;25;26;27;28;29;30;32
meta-llama/Meta-Llama-3.1-8B,cnn_dailymail,LOO-long,rmd_mean_L32,ref,-0.121663,0.001558,3,0,0;1;2;3;4;5;6;7;8;9;10;11;12;13;14;15;16;17;18;19;20;21;22;23;24;25;26;27;28;29;30;32
meta-llama/Meta-Llama-3.1-8B,cnn_dailymail,LOO-long,rmd_mean_L4,ref,-0.173107,0.005687,3,0,0;1;2;3;4;5;6;7;8;9;10;11;12;13;14;15;16;17;18;19;20;21;22;23;24;25;26;27;28;29;30;32
meta-llama/Meta-Llama-3.1-8B,cnn_dailymail,LOO-long,rmd_mean_L5,ref,-0.192345,0.005206,3,0,0;1;2;3;4;5;6;7;8;9;10;11;12;13;14;15;16;17;18;19;20;21;22;23;24;25;26;27;28;29;30;32
meta-llama/Meta-Llama-3.1-8B,cnn_dailymail,LOO-long,rmd_mean_L6,ref,-0.222879,0.007057,3,0,0;1;2;3;4;5;6;7;8;9;10;11;12;13;14;15;16;17;18;19;20;21;22;23;24;25;26;27;28;29;30;32
meta-llama/Meta-Llama-3.1-8B,cnn_dailymail,LOO-long,rmd_mean_L7,ref,-0.209047,0.00864,3,0,0;1;2;3;4;5;6;7;8;9;10;11;12;13;14;15;16;17;18;19;20;21;22;23;24;25;26;27;28;29;30;32
meta-llama/Meta-Llama-3.1-8B,cnn_dailymail,LOO-long,rmd_mean_L8,ref,-0.217008,0.006844,3,0,0;1;2;3;4;5;6;7;8;9;10;11;12;13;14;15;16;17;18;19;20;21;22;23;24;25;26;27;28;29;30;32
meta-llama/Meta-Llama-3.1-8B,cnn_dailymail,LOO-long,rmd_mean_L9,ref,-0.210409,0.007658,3,0,0;1;2;3;4;5;6;7;8;9;10;11;12;13;14;15;16;17;18;19;20;21;22;23;24;25;26;27;28;29;30;32
meta-llama/Meta-Llama-3.1-8B,cnn_dailymail,LOO-long,satmd_alllayer,ref,-0.0135,0.048603,3,0,0;1;2;3;4;5;6;7;8;9;10;11;12;13;14;15;16;17;18;19;20;21;22;23;24;25;26;27;28;29;30;32
meta-llama/Meta-Llama-3.1-8B,cnn_dailymail,LOO-long,satrmd_alllayer,ref,-0.182725,0.006542,3,0,0;1;2;3;4;5;6;7;8;9;10;11;12;13;14;15;16;17;18;19;20;21;22;23;24;25;26;27;28;29;30;32
meta-llama/Meta-Llama-3.1-8B,cnn_dailymail,SameTask-long,huq_satmd_alllayer,ref,-0.254363,0.006424,3,0,0;1;2;3;4;5;6;7;8;9;10;11;12;13;14;15;16;17;18;19;20;21;22;23;24;25;26;27;28;29;30;32
meta-llama/Meta-Llama-3.1-8B,cnn_dailymail,SameTask-long,huq_satrmd_alllayer,ref,-0.163453,0.001468,3,0,0;1;2;3;4;5;6;7;8;9;10;11;12;13;14;15;16;17;18;19;20;21;22;23;24;25;26;27;28;29;30;32
meta-llama/Meta-Llama-3.1-8B,cnn_dailymail,SameTask-long,md_mean_L0,ref,-0.07767,0.003447,3,0,0;1;2;3;4;5;6;7;8;9;10;11;12;13;14;15;16;17;18;19;20;21;22;23;24;25;26;27;28;29;30;32
meta-llama/Meta-Llama-3.1-8B,cnn_dailymail,SameTask-long,md_mean_L1,ref,-0.060132,0.001939,3,0,0;1;2;3;4;5;6;7;8;9;10;11;12;13;14;15;16;17;18;19;20;21;22;23;24;25;26;27;28;29;30;32
meta-llama/Meta-Llama-3.1-8B,cnn_dailymail,SameTask-long,md_mean_L10,ref,-0.099905,0.003199,3,0,0;1;2;3;4;5;6;7;8;9;10;11;12;13;14;15;16;17;18;19;20;21;22;23;24;25;26;27;28;29;30;32
meta-llama/Meta-Llama-3.1-8B,cnn_dailymail,SameTask-long,md_mean_L11,ref,-0.138256,0.002542,3,0,0;1;2;3;4;5;6;7;8;9;10;11;12;13;14;15;16;17;18;19;20;21;22;23;24;25;26;27;28;29;30;32
meta-llama/Meta-Llama-3.1-8B,cnn_dailymail,SameTask-long,md_mean_L12,ref,-0.162204,0.001959,3,0,0;1;2;3;4;5;6;7;8;9;10;11;12;13;14;15;16;17;18;19;20;21;22;23;24;25;26;27;28;29;30;32
meta-llama/Meta-Llama-3.1-8B,cnn_dailymail,SameTask-long,md_mean_L13,ref,-0.176856,0.001626,3,0,0;1;2;3;4;5;6;7;8;9;10;11;12;13;14;15;16;17;18;19;20;21;22;23;24;25;26;27;28;29;30;32
meta-llama/Meta-Llama-3.1-8B,cnn_dailymail,SameTask-long,md_mean_L14,ref,-0.178687,0.002177,3,0,0;1;2;3;4;5;6;7;8;9;10;11;12;13;14;15;16;17;18;19;20;21;22;23;24;25;26;27;28;29;30;32
meta-llama/Meta-Llama-3.1-8B,cnn_dailymail,SameTask-long,md_mean_L15,ref,-0.14989,0.002812,3,0,0;1;2;3;4;5;6;7;8;9;10;11;12;13;14;15;16;17;18;19;20;21;22;23;24;25;26;27;28;29;30;32
meta-llama/Meta-Llama-3.1-8B,cnn_dailymail,SameTask-long,md_mean_L16,ref,-0.121784,0.00365,3,0,0;1;2;3;4;5;6;7;8;9;10;11;12;13;14;15;16;17;18;19;20;21;22;23;24;25;26;27;28;29;30;32
meta-llama/Meta-Llama-3.1-8B,cnn_dailymail,SameTask-long,md_mean_L17,ref,-0.123379,0.002717,3,0,0;1;2;3;4;5;6;7;8;9;10;11;12;13;14;15;16;17;18;19;20;21;22;23;24;25;26;27;28;29;30;32
meta-llama/Meta-Llama-3.1-8B,cnn_dailymail,SameTask-long,md_mean_L18,ref,-0.067869,0.003142,3,0,0;1;2;3;4;5;6;7;8;9;10;11;12;13;14;15;16;17;18;19;20;21;22;23;24;25;26;27;28;29;30;32
meta-llama/Meta-Llama-3.1-8B,cnn_dailymail,SameTask-long,md_mean_L19,ref,-0.029798,0.003189,3,0,0;1;2;3;4;5;6;7;8;9;10;11;12;13;14;15;16;17;18;19;20;21;22;23;24;25;26;27;28;29;30;32
meta-llama/Meta-Llama-3.1-8B,cnn_dailymail,SameTask-long,md_mean_L2,ref,-0.059612,0.001539,3,0,0;1;2;3;4;5;6;7;8;9;10;11;12;13;14;15;16;17;18;19;20;21;22;23;24;25;26;27;28;29;30;32
meta-llama/Meta-Llama-3.1-8B,cnn_dailymail,SameTask-long,md_mean_L20,ref,-0.009724,0.003517,3,0,0;1;2;3;4;5;6;7;8;9;10;11;12;13;14;15;16;17;18;19;20;21;22;23;24;25;26;27;28;29;30;32
meta-llama/Meta-Llama-3.1-8B,cnn_dailymail,SameTask-long,md_mean_L21,ref,0.004928,0.003788,3,0,0;1;2;3;4;5;6;7;8;9;10;11;12;13;14;15;16;17;18;19;20;21;22;23;24;25;26;27;28;29;30;32
meta-llama/Meta-Llama-3.1-8B,cnn_dailymail,SameTask-long,md_mean_L22,ref,0.041528,0.004181,3,0,0;1;2;3;4;5;6;7;8;9;10;11;12;13;14;15;16;17;18;19;20;21;22;23;24;25;26;27;28;29;30;32
meta-llama/Meta-Llama-3.1-8B,cnn_dailymail,SameTask-long,md_mean_L23,ref,0.075431,0.004918,3,0,0;1;2;3;4;5;6;7;8;9;10;11;12;13;14;15;16;17;18;19;20;21;22;23;24;25;26;27;28;29;30;32
meta-llama/Meta-Llama-3.1-8B,cnn_dailymail,SameTask-long,md_mean_L24,ref,0.112704,0.005216,3,0,0;1;2;3;4;5;6;7;8;9;10;11;12;13;14;15;16;17;18;19;20;21;22;23;24;25;26;27;28;29;30;32
meta-llama/Meta-Llama-3.1-8B,cnn_dailymail,SameTask-long,md_mean_L25,ref,0.136033,0.004765,3,0,0;1;2;3;4;5;6;7;8;9;10;11;12;13;14;15;16;17;18;19;20;21;22;23;24;25;26;27;28;29;30;32
meta-llama/Meta-Llama-3.1-8B,cnn_dailymail,SameTask-long,md_mean_L26,ref,0.149676,0.004614,3,0,0;1;2;3;4;5;6;7;8;9;10;11;12;13;14;15;16;17;18;19;20;21;22;23;24;25;26;27;28;29;30;32
meta-llama/Meta-Llama-3.1-8B,cnn_dailymail,SameTask-long,md_mean_L27,ref,0.155498,0.004163,3,0,0;1;2;3;4;5;6;7;8;9;10;11;12;13;14;15;16;17;18;19;20;21;22;23;24;25;26;27;28;29;30;32
meta-llama/Meta-Llama-3.1-8B,cnn_dailymail,SameTask-long,md_mean_L28,ref,0.142597,0.003724,3,0,0;1;2;3;4;5;6;7;8;9;10;11;12;13;14;15;16;17;18;19;20;21;22;23;24;25;26;27;28;29;30;32
meta-llama/Meta-Llama-3.1-8B,cnn_dailymail,SameTask-long,md_mean_L29,ref,0.131254,0.003643,3,0,0;1;2;3;4;5;6;7;8;9;10;11;12;13;14;15;16;17;18;19;20;21;22;23;24;25;26;27;28;29;30;32
meta-llama/Meta-Llama-3.1-8B,cnn_dailymail,SameTask-long,md_mean_L3,ref,-0.079363,0.000991,3,0,0;1;2;3;4;5;6;7;8;9;10;11;12;13;14;15;16;17;18;19;20;21;22;23;24;25;26;27;28;29;30;32
meta-llama/Meta-Llama-3.1-8B,cnn_dailymail,SameTask-long,md_mean_L30,ref,0.118144,0.004734,3,0,0;1;2;3;4;5;6;7;8;9;10;11;12;13;14;15;16;17;18;19;20;21;22;23;24;25;26;27;28;29;30;32
meta-llama/Meta-Llama-3.1-8B,cnn_dailymail,SameTask-long,md_mean_L32,ref,-0.10237,0.004036,3,0,0;1;2;3;4;5;6;7;8;9;10;11;12;13;14;15;16;17;18;19;20;21;22;23;24;25;26;27;28;29;30;32
meta-llama/Meta-Llama-3.1-8B,cnn_dailymail,SameTask-long,md_mean_L4,ref,-0.045293,0.001018,3,0,0;1;2;3;4;5;6;7;8;9;10;11;12;13;14;15;16;17;18;19;20;21;22;23;24;25;26;27;28;29;30;32
meta-llama/Meta-Llama-3.1-8B,cnn_dailymail,SameTask-long,md_mean_L5,ref,0.004511,0.002922,3,0,0;1;2;3;4;5;6;7;8;9;10;11;12;13;14;15;16;17;18;19;20;21;22;23;24;25;26;27;28;29;30;32
meta-llama/Meta-Llama-3.1-8B,cnn_dailymail,SameTask-long,md_mean_L6,ref,0.015778,0.003613,3,0,0;1;2;3;4;5;6;7;8;9;10;11;12;13;14;15;16;17;18;19;20;21;22;23;24;25;26;27;28;29;30;32
meta-llama/Meta-Llama-3.1-8B,cnn_dailymail,SameTask-long,md_mean_L7,ref,0.030638,0.00313,3,0,0;1;2;3;4;5;6;7;8;9;10;11;12;13;14;15;16;17;18;19;20;21;22;23;24;25;26;27;28;29;30;32
meta-llama/Meta-Llama-3.1-8B,cnn_dailymail,SameTask-long,md_mean_L8,ref,-0.010692,0.0037,3,0,0;1;2;3;4;5;6;7;8;9;10;11;12;13;14;15;16;17;18;19;20;21;22;23;24;25;26;27;28;29;30;32
meta-llama/Meta-Llama-3.1-8B,cnn_dailymail,SameTask-long,md_mean_L9,ref,-0.054827,0.003142,3,0,0;1;2;3;4;5;6;7;8;9;10;11;12;13;14;15;16;17;18;19;20;21;22;23;24;25;26;27;28;29;30;32
meta-llama/Meta-Llama-3.1-8B,cnn_dailymail,SameTask-long,rmd_mean_L0,ref,-0.142952,0.003898,3,0,0;1;2;3;4;5;6;7;8;9;10;11;12;13;14;15;16;17;18;19;20;21;22;23;24;25;26;27;28;29;30;32
meta-llama/Meta-Llama-3.1-8B,cnn_dailymail,SameTask-long,rmd_mean_L1,ref,-0.121997,0.001574,3,0,0;1;2;3;4;5;6;7;8;9;10;11;12;13;14;15;16;17;18;19;20;21;22;23;24;25;26;27;28;29;30;32
meta-llama/Meta-Llama-3.1-8B,cnn_dailymail,SameTask-long,rmd_mean_L10,ref,-0.196565,0.000822,3,0,0;1;2;3;4;5;6;7;8;9;10;11;12;13;14;15;16;17;18;19;20;21;22;23;24;25;26;27;28;29;30;32
meta-llama/Meta-Llama-3.1-8B,cnn_dailymail,SameTask-long,rmd_mean_L11,ref,-0.21919,0.001016,3,0,0;1;2;3;4;5;6;7;8;9;10;11;12;13;14;15;16;17;18;19;20;21;22;23;24;25;26;27;28;29;30;32
meta-llama/Meta-Llama-3.1-8B,cnn_dailymail,SameTask-long,rmd_mean_L12,ref,-0.220733,0.001117,3,0,0;1;2;3;4;5;6;7;8;9;10;11;12;13;14;15;16;17;18;19;20;21;22;23;24;25;26;27;28;29;30;32
meta-llama/Meta-Llama-3.1-8B,cnn_dailymail,SameTask-long,rmd_mean_L13,ref,-0.230051,0.000817,3,0,0;1;2;3;4;5;6;7;8;9;10;11;12;13;14;15;16;17;18;19;20;21;22;23;24;25;26;27;28;29;30;32
meta-llama/Meta-Llama-3.1-8B,cnn_dailymail,SameTask-long,rmd_mean_L14,ref,-0.239072,0.00115,3,0,0;1;2;3;4;5;6;7;8;9;10;11;12;13;14;15;16;17;18;19;20;21;22;23;24;25;26;27;28;29;30;32
meta-llama/Meta-Llama-3.1-8B,cnn_dailymail,SameTask-long,rmd_mean_L15,ref,-0.226327,0.000493,3,0,0;1;2;3;4;5;6;7;8;9;10;11;12;13;14;15;16;17;18;19;20;21;22;23;24;25;26;27;28;29;30;32
meta-llama/Meta-Llama-3.1-8B,cnn_dailymail,SameTask-long,rmd_mean_L16,ref,-0.18665,0.002168,3,0,0;1;2;3;4;5;6;7;8;9;10;11;12;13;14;15;16;17;18;19;20;21;22;23;24;25;26;27;28;29;30;32
meta-llama/Meta-Llama-3.1-8B,cnn_dailymail,SameTask-long,rmd_mean_L17,ref,-0.177468,0.002432,3,0,0;1;2;3;4;5;6;7;8;9;10;11;12;13;14;15;16;17;18;19;20;21;22;23;24;25;26;27;28;29;30;32
meta-llama/Meta-Llama-3.1-8B,cnn_dailymail,SameTask-long,rmd_mean_L18,ref,-0.155784,0.001708,3,0,0;1;2;3;4;5;6;7;8;9;10;11;12;13;14;15;16;17;18;19;20;21;22;23;24;25;26;27;28;29;30;32
meta-llama/Meta-Llama-3.1-8B,cnn_dailymail,SameTask-long,rmd_mean_L19,ref,-0.139339,0.001812,3,0,0;1;2;3;4;5;6;7;8;9;10;11;12;13;14;15;16;17;18;19;20;21;22;23;24;25;26;27;28;29;30;32
meta-llama/Meta-Llama-3.1-8B,cnn_dailymail,SameTask-long,rmd_mean_L2,ref,-0.119323,0.002308,3,0,0;1;2;3;4;5;6;7;8;9;10;11;12;13;14;15;16;17;18;19;20;21;22;23;24;25;26;27;28;29;30;32
meta-llama/Meta-Llama-3.1-8B,cnn_dailymail,SameTask-long,rmd_mean_L20,ref,-0.130876,0.000764,3,0,0;1;2;3;4;5;6;7;8;9;10;11;12;13;14;15;16;17;18;19;20;21;22;23;24;25;26;27;28;29;30;32
meta-llama/Meta-Llama-3.1-8B,cnn_dailymail,SameTask-long,rmd_mean_L21,ref,-0.122275,0.00055,3,0,0;1;2;3;4;5;6;7;8;9;10;11;12;13;14;15;16;17;18;19;20;21;22;23;24;25;26;27;28;29;30;32
meta-llama/Meta-Llama-3.1-8B,cnn_dailymail,SameTask-long,rmd_mean_L22,ref,-0.111006,0.000803,3,0,0;1;2;3;4;5;6;7;8;9;10;11;12;13;14;15;16;17;18;19;20;21;22;23;24;25;26;27;28;29;30;32
meta-llama/Meta-Llama-3.1-8B,cnn_dailymail,SameTask-long,rmd_mean_L23,ref,-0.106351,0.000703,3,0,0;1;2;3;4;5;6;7;8;9;10;11;12;13;14;15;16;17;18;19;20;21;22;23;24;25;26;27;28;29;30;32
meta-llama/Meta-Llama-3.1-8B,cnn_dailymail,SameTask-long,rmd_mean_L24,ref,-0.105275,0.000453,3,0,0;1;2;3;4;5;6;7;8;9;10;11;12;13;14;15;16;17;18;19;20;21;22;23;24;25;26;27;28;29;30;32
meta-llama/Meta-Llama-3.1-8B,cnn_dailymail,SameTask-long,rmd_mean_L25,ref,-0.106669,0.000589,3,0,0;1;2;3;4;5;6;7;8;9;10;11;12;13;14;15;16;17;18;19;20;21;22;23;24;25;26;27;28;29;30;32
meta-llama/Meta-Llama-3.1-8B,cnn_dailymail,SameTask-long,rmd_mean_L26,ref,-0.102241,0.000558,3,0,0;1;2;3;4;5;6;7;8;9;10;11;12;13;14;15;16;17;18;19;20;21;22;23;24;25;26;27;28;29;30;32
meta-llama/Meta-Llama-3.1-8B,cnn_dailymail,SameTask-long,rmd_mean_L27,ref,-0.101159,0.000576,3,0,0;1;2;3;4;5;6;7;8;9;10;11;12;13;14;15;16;17;18;19;20;21;22;23;24;25;26;27;28;29;30;32
meta-llama/Meta-Llama-3.1-8B,cnn_dailymail,SameTask-long,rmd_mean_L28,ref,-0.103172,0.000449,3,0,0;1;2;3;4;5;6;7;8;9;10;11;12;13;14;15;16;17;18;19;20;21;22;23;24;25;26;27;28;29;30;32
meta-llama/Meta-Llama-3.1-8B,cnn_dailymail,SameTask-long,rmd_mean_L29,ref,-0.108453,0.000421,3,0,0;1;2;3;4;5;6;7;8;9;10;11;12;13;14;15;16;17;18;19;20;21;22;23;24;25;26;27;28;29;30;32
meta-llama/Meta-Llama-3.1-8B,cnn_dailymail,SameTask-long,rmd_mean_L3,ref,-0.120818,0.001372,3,0,0;1;2;3;4;5;6;7;8;9;10;11;12;13;14;15;16;17;18;19;20;21;22;23;24;25;26;27;28;29;30;32
meta-llama/Meta-Llama-3.1-8B,cnn_dailymail,SameTask-long,rmd_mean_L30,ref,-0.104121,0.001026,3,0,0;1;2;3;4;5;6;7;8;9;10;11;12;13;14;15;16;17;18;19;20;21;22;23;24;25;26;27;28;29;30;32
meta-llama/Meta-Llama-3.1-8B,cnn_dailymail,SameTask-long,rmd_mean_L32,ref,-0.097618,0.001994,3,0,0;1;2;3;4;5;6;7;8;9;10;11;12;13;14;15;16;17;18;19;20;21;22;23;24;25;26;27;28;29;30;32
meta-llama/Meta-Llama-3.1-8B,cnn_dailymail,SameTask-long,rmd_mean_L4,ref,-0.115303,0.004063,3,0,0;1;2;3;4;5;6;7;8;9;10;11;12;13;14;15;16;17;18;19;20;21;22;23;24;25;26;27;28;29;30;32
meta-llama/Meta-Llama-3.1-8B,cnn_dailymail,SameTask-long,rmd_mean_L5,ref,-0.132684,0.003442,3,0,0;1;2;3;4;5;6;7;8;9;10;11;12;13;14;15;16;17;18;19;20;21;22;23;24;25;26;27;28;29;30;32
meta-llama/Meta-Llama-3.1-8B,cnn_dailymail,SameTask-long,rmd_mean_L6,ref,-0.161451,0.002765,3,0,0;1;2;3;4;5;6;7;8;9;10;11;12;13;14;15;16;17;18;19;20;21;22;23;24;25;26;27;28;29;30;32
meta-llama/Meta-Llama-3.1-8B,cnn_dailymail,SameTask-long,rmd_mean_L7,ref,-0.160924,0.002028,3,0,0;1;2;3;4;5;6;7;8;9;10;11;12;13;14;15;16;17;18;19;20;21;22;23;24;25;26;27;28;29;30;32
meta-llama/Meta-Llama-3.1-8B,cnn_dailymail,SameTask-long,rmd_mean_L8,ref,-0.171458,0.000427,3,0,0;1;2;3;4;5;6;7;8;9;10;11;12;13;14;15;16;17;18;19;20;21;22;23;24;25;26;27;28;29;30;32
meta-llama/Meta-Llama-3.1-8B,cnn_dailymail,SameTask-long,rmd_mean_L9,ref,-0.173139,0.000396,3,0,0;1;2;3;4;5;6;7;8;9;10;11;12;13;14;15;16;17;18;19;20;21;22;23;24;25;26;27;28;29;30;32
meta-llama/Meta-Llama-3.1-8B,cnn_dailymail,SameTask-long,satmd_alllayer,ref,-0.254363,0.006424,3,0,0;1;2;3;4;5;6;7;8;9;10;11;12;13;14;15;16;17;18;19;20;21;22;23;24;25;26;27;28;29;30;32
meta-llama/Meta-Llama-3.1-8B,cnn_dailymail,SameTask-long,satrmd_alllayer,ref,-0.163069,0.007901,3,0,0;1;2;3;4;5;6;7;8;9;10;11;12;13;14;15;16;17;18;19;20;21;22;23;24;25;26;27;28;29;30;32
meta-llama/Meta-Llama-3.1-8B,expertqa,1ds-Diff-long,huq_satmd_alllayer,ref,-0.155849,0.0,3,0,0;1;2;3;4;5;6;7;8;9;10;11;12;13;14;15;16;17;18;19;20;21;22;23;24;25;26;27;28;29;30;32
meta-llama/Meta-Llama-3.1-8B,expertqa,1ds-Diff-long,huq_satrmd_alllayer,ref,-0.031812,0.0,3,0,0;1;2;3;4;5;6;7;8;9;10;11;12;13;14;15;16;17;18;19;20;21;22;23;24;25;26;27;28;29;30;32
meta-llama/Meta-Llama-3.1-8B,expertqa,1ds-Diff-long,md_mean_L0,ref,0.164388,0.0,3,0,0;1;2;3;4;5;6;7;8;9;10;11;12;13;14;15;16;17;18;19;20;21;22;23;24;25;26;27;28;29;30;32
meta-llama/Meta-Llama-3.1-8B,expertqa,1ds-Diff-long,md_mean_L1,ref,0.174961,0.0,3,0,0;1;2;3;4;5;6;7;8;9;10;11;12;13;14;15;16;17;18;19;20;21;22;23;24;25;26;27;28;29;30;32
meta-llama/Meta-Llama-3.1-8B,expertqa,1ds-Diff-long,md_mean_L10,ref,0.096954,0.0,3,0,0;1;2;3;4;5;6;7;8;9;10;11;12;13;14;15;16;17;18;19;20;21;22;23;24;25;26;27;28;29;30;32
meta-llama/Meta-Llama-3.1-8B,expertqa,1ds-Diff-long,md_mean_L11,ref,0.125932,0.0,3,0,0;1;2;3;4;5;6;7;8;9;10;11;12;13;14;15;16;17;18;19;20;21;22;23;24;25;26;27;28;29;30;32
meta-llama/Meta-Llama-3.1-8B,expertqa,1ds-Diff-long,md_mean_L12,ref,0.121274,0.0,3,0,0;1;2;3;4;5;6;7;8;9;10;11;12;13;14;15;16;17;18;19;20;21;22;23;24;25;26;27;28;29;30;32
meta-llama/Meta-Llama-3.1-8B,expertqa,1ds-Diff-long,md_mean_L13,ref,0.108463,0.0,3,0,0;1;2;3;4;5;6;7;8;9;10;11;12;13;14;15;16;17;18;19;20;21;22;23;24;25;26;27;28;29;30;32
meta-llama/Meta-Llama-3.1-8B,expertqa,1ds-Diff-long,md_mean_L14,ref,0.05481,0.0,3,0,0;1;2;3;4;5;6;7;8;9;10;11;12;13;14;15;16;17;18;19;20;21;22;23;24;25;26;27;28;29;30;32
meta-llama/Meta-Llama-3.1-8B,expertqa,1ds-Diff-long,md_mean_L15,ref,-0.033094,0.0,3,0,0;1;2;3;4;5;6;7;8;9;10;11;12;13;14;15;16;17;18;19;20;21;22;23;24;25;26;27;28;29;30;32
meta-llama/Meta-Llama-3.1-8B,expertqa,1ds-Diff-long,md_mean_L16,ref,-0.067144,0.0,3,0,0;1;2;3;4;5;6;7;8;9;10;11;12;13;14;15;16;17;18;19;20;21;22;23;24;25;26;27;28;29;30;32
meta-llama/Meta-Llama-3.1-8B,expertqa,1ds-Diff-long,md_mean_L17,ref,-0.082773,0.0,3,0,0;1;2;3;4;5;6;7;8;9;10;11;12;13;14;15;16;17;18;19;20;21;22;23;24;25;26;27;28;29;30;32
meta-llama/Meta-Llama-3.1-8B,expertqa,1ds-Diff-long,md_mean_L18,ref,-0.059627,0.0,3,0,0;1;2;3;4;5;6;7;8;9;10;11;12;13;14;15;16;17;18;19;20;21;22;23;24;25;26;27;28;29;30;32
meta-llama/Meta-Llama-3.1-8B,expertqa,1ds-Diff-long,md_mean_L19,ref,-0.024691,0.0,3,0,0;1;2;3;4;5;6;7;8;9;10;11;12;13;14;15;16;17;18;19;20;21;22;23;24;25;26;27;28;29;30;32
meta-llama/Meta-Llama-3.1-8B,expertqa,1ds-Diff-long,md_mean_L2,ref,0.178941,0.0,3,0,0;1;2;3;4;5;6;7;8;9;10;11;12;13;14;15;16;17;18;19;20;21;22;23;24;25;26;27;28;29;30;32
meta-llama/Meta-Llama-3.1-8B,expertqa,1ds-Diff-long,md_mean_L20,ref,-0.019875,0.0,3,0,0;1;2;3;4;5;6;7;8;9;10;11;12;13;14;15;16;17;18;19;20;21;22;23;24;25;26;27;28;29;30;32
meta-llama/Meta-Llama-3.1-8B,expertqa,1ds-Diff-long,md_mean_L21,ref,-0.034205,0.0,3,0,0;1;2;3;4;5;6;7;8;9;10;11;12;13;14;15;16;17;18;19;20;21;22;23;24;25;26;27;28;29;30;32
meta-llama/Meta-Llama-3.1-8B,expertqa,1ds-Diff-long,md_mean_L22,ref,-0.018873,0.0,3,0,0;1;2;3;4;5;6;7;8;9;10;11;12;13;14;15;16;17;18;19;20;21;22;23;24;25;26;27;28;29;30;32
meta-llama/Meta-Llama-3.1-8B,expertqa,1ds-Diff-long,md_mean_L23,ref,0.014714,0.0,3,0,0;1;2;3;4;5;6;7;8;9;10;11;12;13;14;15;16;17;18;19;20;21;22;23;24;25;26;27;28;29;30;32
meta-llama/Meta-Llama-3.1-8B,expertqa,1ds-Diff-long,md_mean_L24,ref,0.021155,0.0,3,0,0;1;2;3;4;5;6;7;8;9;10;11;12;13;14;15;16;17;18;19;20;21;22;23;24;25;26;27;28;29;30;32
meta-llama/Meta-Llama-3.1-8B,expertqa,1ds-Diff-long,md_mean_L25,ref,0.03484,0.0,3,0,0;1;2;3;4;5;6;7;8;9;10;11;12;13;14;15;16;17;18;19;20;21;22;23;24;25;26;27;28;29;30;32
meta-llama/Meta-Llama-3.1-8B,expertqa,1ds-Diff-long,md_mean_L26,ref,0.031957,0.0,3,0,0;1;2;3;4;5;6;7;8;9;10;11;12;13;14;15;16;17;18;19;20;21;22;23;24;25;26;27;28;29;30;32
meta-llama/Meta-Llama-3.1-8B,expertqa,1ds-Diff-long,md_mean_L27,ref,0.035352,0.0,3,0,0;1;2;3;4;5;6;7;8;9;10;11;12;13;14;15;16;17;18;19;20;21;22;23;24;25;26;27;28;29;30;32
meta-llama/Meta-Llama-3.1-8B,expertqa,1ds-Diff-long,md_mean_L28,ref,0.029911,0.0,3,0,0;1;2;3;4;5;6;7;8;9;10;11;12;13;14;15;16;17;18;19;20;21;22;23;24;25;26;27;28;29;30;32
meta-llama/Meta-Llama-3.1-8B,expertqa,1ds-Diff-long,md_mean_L29,ref,0.037783,0.0,3,0,0;1;2;3;4;5;6;7;8;9;10;11;12;13;14;15;16;17;18;19;20;21;22;23;24;25;26;27;28;29;30;32
meta-llama/Meta-Llama-3.1-8B,expertqa,1ds-Diff-long,md_mean_L3,ref,0.140138,0.0,3,0,0;1;2;3;4;5;6;7;8;9;10;11;12;13;14;15;16;17;18;19;20;21;22;23;24;25;26;27;28;29;30;32
meta-llama/Meta-Llama-3.1-8B,expertqa,1ds-Diff-long,md_mean_L30,ref,0.032509,0.0,3,0,0;1;2;3;4;5;6;7;8;9;10;11;12;13;14;15;16;17;18;19;20;21;22;23;24;25;26;27;28;29;30;32
meta-llama/Meta-Llama-3.1-8B,expertqa,1ds-Diff-long,md_mean_L32,ref,-0.010426,0.0,3,0,0;1;2;3;4;5;6;7;8;9;10;11;12;13;14;15;16;17;18;19;20;21;22;23;24;25;26;27;28;29;30;32
meta-llama/Meta-Llama-3.1-8B,expertqa,1ds-Diff-long,md_mean_L4,ref,0.073038,0.0,3,0,0;1;2;3;4;5;6;7;8;9;10;11;12;13;14;15;16;17;18;19;20;21;22;23;24;25;26;27;28;29;30;32
meta-llama/Meta-Llama-3.1-8B,expertqa,1ds-Diff-long,md_mean_L5,ref,0.043018,0.0,3,0,0;1;2;3;4;5;6;7;8;9;10;11;12;13;14;15;16;17;18;19;20;21;22;23;24;25;26;27;28;29;30;32
meta-llama/Meta-Llama-3.1-8B,expertqa,1ds-Diff-long,md_mean_L6,ref,0.058101,0.0,3,0,0;1;2;3;4;5;6;7;8;9;10;11;12;13;14;15;16;17;18;19;20;21;22;23;24;25;26;27;28;29;30;32
meta-llama/Meta-Llama-3.1-8B,expertqa,1ds-Diff-long,md_mean_L7,ref,0.044929,0.0,3,0,0;1;2;3;4;5;6;7;8;9;10;11;12;13;14;15;16;17;18;19;20;21;22;23;24;25;26;27;28;29;30;32
meta-llama/Meta-Llama-3.1-8B,expertqa,1ds-Diff-long,md_mean_L8,ref,0.0586,0.0,3,0,0;1;2;3;4;5;6;7;8;9;10;11;12;13;14;15;16;17;18;19;20;21;22;23;24;25;26;27;28;29;30;32
meta-llama/Meta-Llama-3.1-8B,expertqa,1ds-Diff-long,md_mean_L9,ref,0.088025,0.0,3,0,0;1;2;3;4;5;6;7;8;9;10;11;12;13;14;15;16;17;18;19;20;21;22;23;24;25;26;27;28;29;30;32
meta-llama/Meta-Llama-3.1-8B,expertqa,1ds-Diff-long,msp_satmd_alllayer,ref,-0.308086,0.0,3,0,0;1;2;3;4;5;6;7;8;9;10;11;12;13;14;15;16;17;18;19;20;21;22;23;24;25;26;27;28;29;30;32
meta-llama/Meta-Llama-3.1-8B,expertqa,1ds-Diff-long,msp_satrmd_alllayer,ref,-0.138345,0.0,3,0,0;1;2;3;4;5;6;7;8;9;10;11;12;13;14;15;16;17;18;19;20;21;22;23;24;25;26;27;28;29;30;32
meta-llama/Meta-Llama-3.1-8B,expertqa,1ds-Diff-long,rmd_mean_L0,ref,-0.310009,0.0,3,0,0;1;2;3;4;5;6;7;8;9;10;11;12;13;14;15;16;17;18;19;20;21;22;23;24;25;26;27;28;29;30;32
meta-llama/Meta-Llama-3.1-8B,expertqa,1ds-Diff-long,rmd_mean_L1,ref,-0.177689,0.0,3,0,0;1;2;3;4;5;6;7;8;9;10;11;12;13;14;15;16;17;18;19;20;21;22;23;24;25;26;27;28;29;30;32
meta-llama/Meta-Llama-3.1-8B,expertqa,1ds-Diff-long,rmd_mean_L10,ref,0.026467,0.0,3,0,0;1;2;3;4;5;6;7;8;9;10;11;12;13;14;15;16;17;18;19;20;21;22;23;24;25;26;27;28;29;30;32
meta-llama/Meta-Llama-3.1-8B,expertqa,1ds-Diff-long,rmd_mean_L11,ref,0.029586,0.0,3,0,0;1;2;3;4;5;6;7;8;9;10;11;12;13;14;15;16;17;18;19;20;21;22;23;24;25;26;27;28;29;30;32
meta-llama/Meta-Llama-3.1-8B,expertqa,1ds-Diff-long,rmd_mean_L12,ref,0.036866,0.0,3,0,0;1;2;3;4;5;6;7;8;9;10;11;12;13;14;15;16;17;18;19;20;21;22;23;24;25;26;27;28;29;30;32
meta-llama/Meta-Llama-3.1-8B,expertqa,1ds-Diff-long,rmd_mean_L13,ref,0.028332,0.0,3,0,0;1;2;3;4;5;6;7;8;9;10;11;12;13;14;15;16;17;18;19;20;21;22;23;24;25;26;27;28;29;30;32
meta-llama/Meta-Llama-3.1-8B,expertqa,1ds-Diff-long,rmd_mean_L14,ref,0.009961,0.0,3,0,0;1;2;3;4;5;6;7;8;9;10;11;12;13;14;15;16;17;18;19;20;21;22;23;24;25;26;27;28;29;30;32
meta-llama/Meta-Llama-3.1-8B,expertqa,1ds-Diff-long,rmd_mean_L15,ref,-0.022749,0.0,3,0,0;1;2;3;4;5;6;7;8;9;10;11;12;13;14;15;16;17;18;19;20;21;22;23;24;25;26;27;28;29;30;32
meta-llama/Meta-Llama-3.1-8B,expertqa,1ds-Diff-long,rmd_mean_L16,ref,-0.008531,0.0,3,0,0;1;2;3;4;5;6;7;8;9;10;11;12;13;14;15;16;17;18;19;20;21;22;23;24;25;26;27;28;29;30;32
meta-llama/Meta-Llama-3.1-8B,expertqa,1ds-Diff-long,rmd_mean_L17,ref,-0.045849,0.0,3,0,0;1;2;3;4;5;6;7;8;9;10;11;12;13;14;15;16;17;18;19;20;21;22;23;24;25;26;27;28;29;30;32
meta-llama/Meta-Llama-3.1-8B,expertqa,1ds-Diff-long,rmd_mean_L18,ref,-0.041694,0.0,3,0,0;1;2;3;4;5;6;7;8;9;10;11;12;13;14;15;16;17;18;19;20;21;22;23;24;25;26;27;28;29;30;32
meta-llama/Meta-Llama-3.1-8B,expertqa,1ds-Diff-long,rmd_mean_L19,ref,-0.014122,0.0,3,0,0;1;2;3;4;5;6;7;8;9;10;11;12;13;14;15;16;17;18;19;20;21;22;23;24;25;26;27;28;29;30;32
meta-llama/Meta-Llama-3.1-8B,expertqa,1ds-Diff-long,rmd_mean_L2,ref,-0.186864,0.0,3,0,0;1;2;3;4;5;6;7;8;9;10;11;12;13;14;15;16;17;18;19;20;21;22;23;24;25;26;27;28;29;30;32
meta-llama/Meta-Llama-3.1-8B,expertqa,1ds-Diff-long,rmd_mean_L20,ref,-0.018894,0.0,3,0,0;1;2;3;4;5;6;7;8;9;10;11;12;13;14;15;16;17;18;19;20;21;22;23;24;25;26;27;28;29;30;32
meta-llama/Meta-Llama-3.1-8B,expertqa,1ds-Diff-long,rmd_mean_L21,ref,-0.024634,0.0,3,0,0;1;2;3;4;5;6;7;8;9;10;11;12;13;14;15;16;17;18;19;20;21;22;23;24;25;26;27;28;29;30;32
meta-llama/Meta-Llama-3.1-8B,expertqa,1ds-Diff-long,rmd_mean_L22,ref,-0.016027,0.0,3,0,0;1;2;3;4;5;6;7;8;9;10;11;12;13;14;15;16;17;18;19;20;21;22;23;24;25;26;27;28;29;30;32
meta-llama/Meta-Llama-3.1-8B,expertqa,1ds-Diff-long,rmd_mean_L23,ref,-0.005287,0.0,3,0,0;1;2;3;4;5;6;7;8;9;10;11;12;13;14;15;16;17;18;19;20;21;22;23;24;25;26;27;28;29;30;32
meta-llama/Meta-Llama-3.1-8B,expertqa,1ds-Diff-long,rmd_mean_L24,ref,-0.001362,0.0,3,0,0;1;2;3;4;5;6;7;8;9;10;11;12;13;14;15;16;17;18;19;20;21;22;23;24;25;26;27;28;29;30;32
meta-llama/Meta-Llama-3.1-8B,expertqa,1ds-Diff-long,rmd_mean_L25,ref,-0.003879,0.0,3,0,0;1;2;3;4;5;6;7;8;9;10;11;12;13;14;15;16;17;18;19;20;21;22;23;24;25;26;27;28;29;30;32
meta-llama/Meta-Llama-3.1-8B,expertqa,1ds-Diff-long,rmd_mean_L26,ref,-0.005925,0.0,3,0,0;1;2;3;4;5;6;7;8;9;10;11;12;13;14;15;16;17;18;19;20;21;22;23;24;25;26;27;28;29;30;32
meta-llama/Meta-Llama-3.1-8B,expertqa,1ds-Diff-long,rmd_mean_L27,ref,-0.006287,0.0,3,0,0;1;2;3;4;5;6;7;8;9;10;11;12;13;14;15;16;17;18;19;20;21;22;23;24;25;26;27;28;29;30;32
meta-llama/Meta-Llama-3.1-8B,expertqa,1ds-Diff-long,rmd_mean_L28,ref,-0.009813,0.0,3,0,0;1;2;3;4;5;6;7;8;9;10;11;12;13;14;15;16;17;18;19;20;21;22;23;24;25;26;27;28;29;30;32
meta-llama/Meta-Llama-3.1-8B,expertqa,1ds-Diff-long,rmd_mean_L29,ref,-0.013694,0.0,3,0,0;1;2;3;4;5;6;7;8;9;10;11;12;13;14;15;16;17;18;19;20;21;22;23;24;25;26;27;28;29;30;32
meta-llama/Meta-Llama-3.1-8B,expertqa,1ds-Diff-long,rmd_mean_L3,ref,-0.120922,0.0,3,0,0;1;2;3;4;5;6;7;8;9;10;11;12;13;14;15;16;17;18;19;20;21;22;23;24;25;26;27;28;29;30;32
meta-llama/Meta-Llama-3.1-8B,expertqa,1ds-Diff-long,rmd_mean_L30,ref,-0.011214,0.0,3,0,0;1;2;3;4;5;6;7;8;9;10;11;12;13;14;15;16;17;18;19;20;21;22;23;24;25;26;27;28;29;30;32
meta-llama/Meta-Llama-3.1-8B,expertqa,1ds-Diff-long,rmd_mean_L32,ref,-0.025573,0.0,3,0,0;1;2;3;4;5;6;7;8;9;10;11;12;13;14;15;16;17;18;19;20;21;22;23;24;25;26;27;28;29;30;32
meta-llama/Meta-Llama-3.1-8B,expertqa,1ds-Diff-long,rmd_mean_L4,ref,-0.077427,0.0,3,0,0;1;2;3;4;5;6;7;8;9;10;11;12;13;14;15;16;17;18;19;20;21;22;23;24;25;26;27;28;29;30;32
meta-llama/Meta-Llama-3.1-8B,expertqa,1ds-Diff-long,rmd_mean_L5,ref,-0.048156,0.0,3,0,0;1;2;3;4;5;6;7;8;9;10;11;12;13;14;15;16;17;18;19;20;21;22;23;24;25;26;27;28;29;30;32
meta-llama/Meta-Llama-3.1-8B,expertqa,1ds-Diff-long,rmd_mean_L6,ref,-0.021402,0.0,3,0,0;1;2;3;4;5;6;7;8;9;10;11;12;13;14;15;16;17;18;19;20;21;22;23;24;25;26;27;28;29;30;32
meta-llama/Meta-Llama-3.1-8B,expertqa,1ds-Diff-long,rmd_mean_L7,ref,-0.020838,0.0,3,0,0;1;2;3;4;5;6;7;8;9;10;11;12;13;14;15;16;17;18;19;20;21;22;23;24;25;26;27;28;29;30;32
meta-llama/Meta-Llama-3.1-8B,expertqa,1ds-Diff-long,rmd_mean_L8,ref,-0.014845,0.0,3,0,0;1;2;3;4;5;6;7;8;9;10;11;12;13;14;15;16;17;18;19;20;21;22;23;24;25;26;27;28;29;30;32
meta-llama/Meta-Llama-3.1-8B,expertqa,1ds-Diff-long,rmd_mean_L9,ref,0.014996,0.0,3,0,0;1;2;3;4;5;6;7;8;9;10;11;12;13;14;15;16;17;18;19;20;21;22;23;24;25;26;27;28;29;30;32
meta-llama/Meta-Llama-3.1-8B,expertqa,1ds-Diff-long,satmd_alllayer,ref,-0.334308,0.0,3,0,0;1;2;3;4;5;6;7;8;9;10;11;12;13;14;15;16;17;18;19;20;21;22;23;24;25;26;27;28;29;30;32
meta-llama/Meta-Llama-3.1-8B,expertqa,1ds-Diff-long,satrmd_alllayer,ref,-0.052396,0.0,3,0,0;1;2;3;4;5;6;7;8;9;10;11;12;13;14;15;16;17;18;19;20;21;22;23;24;25;26;27;28;29;30;32
meta-llama/Meta-Llama-3.1-8B,expertqa,DiffTask-long,huq_satmd_alllayer,ref,-0.195079,0.090874,3,0,0;1;2;3;4;5;6;7;8;9;10;11;12;13;14;15;16;17;18;19;20;21;22;23;24;25;26;27;28;29;30;32
meta-llama/Meta-Llama-3.1-8B,expertqa,DiffTask-long,huq_satrmd_alllayer,ref,-0.290408,0.045411,3,0,0;1;2;3;4;5;6;7;8;9;10;11;12;13;14;15;16;17;18;19;20;21;22;23;24;25;26;27;28;29;30;32
meta-llama/Meta-Llama-3.1-8B,expertqa,DiffTask-long,md_mean_L0,ref,0.242764,0.008241,3,0,0;1;2;3;4;5;6;7;8;9;10;11;12;13;14;15;16;17;18;19;20;21;22;23;24;25;26;27;28;29;30;32
meta-llama/Meta-Llama-3.1-8B,expertqa,DiffTask-long,md_mean_L1,ref,0.243516,0.004235,3,0,0;1;2;3;4;5;6;7;8;9;10;11;12;13;14;15;16;17;18;19;20;21;22;23;24;25;26;27;28;29;30;32
meta-llama/Meta-Llama-3.1-8B,expertqa,DiffTask-long,md_mean_L10,ref,0.118798,0.009811,3,0,0;1;2;3;4;5;6;7;8;9;10;11;12;13;14;15;16;17;18;19;20;21;22;23;24;25;26;27;28;29;30;32
meta-llama/Meta-Llama-3.1-8B,expertqa,DiffTask-long,md_mean_L11,ref,0.151375,0.004136,3,0,0;1;2;3;4;5;6;7;8;9;10;11;12;13;14;15;16;17;18;19;20;21;22;23;24;25;26;27;28;29;30;32
meta-llama/Meta-Llama-3.1-8B,expertqa,DiffTask-long,md_mean_L12,ref,0.112526,0.007988,3,0,0;1;2;3;4;5;6;7;8;9;10;11;12;13;14;15;16;17;18;19;20;21;22;23;24;25;26;27;28;29;30;32
meta-llama/Meta-Llama-3.1-8B,expertqa,DiffTask-long,md_mean_L13,ref,0.066209,0.009123,3,0,0;1;2;3;4;5;6;7;8;9;10;11;12;13;14;15;16;17;18;19;20;21;22;23;24;25;26;27;28;29;30;32
meta-llama/Meta-Llama-3.1-8B,expertqa,DiffTask-long,md_mean_L14,ref,-0.026252,0.009519,3,0,0;1;2;3;4;5;6;7;8;9;10;11;12;13;14;15;16;17;18;19;20;21;22;23;24;25;26;27;28;29;30;32
meta-llama/Meta-Llama-3.1-8B,expertqa,DiffTask-long,md_mean_L15,ref,-0.10562,0.008779,3,0,0;1;2;3;4;5;6;7;8;9;10;11;12;13;14;15;16;17;18;19;20;21;22;23;24;25;26;27;28;29;30;32
meta-llama/Meta-Llama-3.1-8B,expertqa,DiffTask-long,md_mean_L16,ref,-0.086687,0.001561,3,0,0;1;2;3;4;5;6;7;8;9;10;11;12;13;14;15;16;17;18;19;20;21;22;23;24;25;26;27;28;29;30;32
meta-llama/Meta-Llama-3.1-8B,expertqa,DiffTask-long,md_mean_L17,ref,-0.105933,0.00099,3,0,0;1;2;3;4;5;6;7;8;9;10;11;12;13;14;15;16;17;18;19;20;21;22;23;24;25;26;27;28;29;30;32
meta-llama/Meta-Llama-3.1-8B,expertqa,DiffTask-long,md_mean_L18,ref,-0.075473,0.004884,3,0,0;1;2;3;4;5;6;7;8;9;10;11;12;13;14;15;16;17;18;19;20;21;22;23;24;25;26;27;28;29;30;32
meta-llama/Meta-Llama-3.1-8B,expertqa,DiffTask-long,md_mean_L19,ref,-0.045026,0.006997,3,0,0;1;2;3;4;5;6;7;8;9;10;11;12;13;14;15;16;17;18;19;20;21;22;23;24;25;26;27;28;29;30;32
meta-llama/Meta-Llama-3.1-8B,expertqa,DiffTask-long,md_mean_L2,ref,0.2354,0.008839,3,0,0;1;2;3;4;5;6;7;8;9;10;11;12;13;14;15;16;17;18;19;20;21;22;23;24;25;26;27;28;29;30;32
meta-llama/Meta-Llama-3.1-8B,expertqa,DiffTask-long,md_mean_L20,ref,-0.010261,0.008405,3,0,0;1;2;3;4;5;6;7;8;9;10;11;12;13;14;15;16;17;18;19;20;21;22;23;24;25;26;27;28;29;30;32
meta-llama/Meta-Llama-3.1-8B,expertqa,DiffTask-long,md_mean_L21,ref,-0.029244,0.006463,3,0,0;1;2;3;4;5;6;7;8;9;10;11;12;13;14;15;16;17;18;19;20;21;22;23;24;25;26;27;28;29;30;32
meta-llama/Meta-Llama-3.1-8B,expertqa,DiffTask-long,md_mean_L22,ref,-0.006486,0.005376,3,0,0;1;2;3;4;5;6;7;8;9;10;11;12;13;14;15;16;17;18;19;20;21;22;23;24;25;26;27;28;29;30;32
meta-llama/Meta-Llama-3.1-8B,expertqa,DiffTask-long,md_mean_L23,ref,0.043455,0.002247,3,0,0;1;2;3;4;5;6;7;8;9;10;11;12;13;14;15;16;17;18;19;20;21;22;23;24;25;26;27;28;29;30;32
meta-llama/Meta-Llama-3.1-8B,expertqa,DiffTask-long,md_mean_L24,ref,0.042119,0.000886,3,0,0;1;2;3;4;5;6;7;8;9;10;11;12;13;14;15;16;17;18;19;20;21;22;23;24;25;26;27;28;29;30;32
meta-llama/Meta-Llama-3.1-8B,expertqa,DiffTask-long,md_mean_L25,ref,0.053338,0.003272,3,0,0;1;2;3;4;5;6;7;8;9;10;11;12;13;14;15;16;17;18;19;20;21;22;23;24;25;26;27;28;29;30;32
meta-llama/Meta-Llama-3.1-8B,expertqa,DiffTask-long,md_mean_L26,ref,0.054303,0.000982,3,0,0;1;2;3;4;5;6;7;8;9;10;11;12;13;14;15;16;17;18;19;20;21;22;23;24;25;26;27;28;29;30;32
meta-llama/Meta-Llama-3.1-8B,expertqa,DiffTask-long,md_mean_L27,ref,0.064226,0.009465,3,0,0;1;2;3;4;5;6;7;8;9;10;11;12;13;14;15;16;17;18;19;20;21;22;23;24;25;26;27;28;29;30;32
meta-llama/Meta-Llama-3.1-8B,expertqa,DiffTask-long,md_mean_L28,ref,0.085146,0.006245,3,0,0;1;2;3;4;5;6;7;8;9;10;11;12;13;14;15;16;17;18;19;20;21;22;23;24;25;26;27;28;29;30;32
meta-llama/Meta-Llama-3.1-8B,expertqa,DiffTask-long,md_mean_L29,ref,0.091926,0.005631,3,0,0;1;2;3;4;5;6;7;8;9;10;11;12;13;14;15;16;17;18;19;20;21;22;23;24;25;26;27;28;29;30;32
meta-llama/Meta-Llama-3.1-8B,expertqa,DiffTask-long,md_mean_L3,ref,0.194301,0.005258,3,0,0;1;2;3;4;5;6;7;8;9;10;11;12;13;14;15;16;17;18;19;20;21;22;23;24;25;26;27;28;29;30;32
meta-llama/Meta-Llama-3.1-8B,expertqa,DiffTask-long,md_mean_L30,ref,0.11377,0.006071,3,0,0;1;2;3;4;5;6;7;8;9;10;11;12;13;14;15;16;17;18;19;20;21;22;23;24;25;26;27;28;29;30;32
meta-llama/Meta-Llama-3.1-8B,expertqa,DiffTask-long,md_mean_L32,ref,0.016723,0.004984,3,0,0;1;2;3;4;5;6;7;8;9;10;11;12;13;14;15;16;17;18;19;20;21;22;23;24;25;26;27;28;29;30;32
meta-llama/Meta-Llama-3.1-8B,expertqa,DiffTask-long,md_mean_L4,ref,0.153277,0.005604,3,0,0;1;2;3;4;5;6;7;8;9;10;11;12;13;14;15;16;17;18;19;20;21;22;23;24;25;26;27;28;29;30;32
meta-llama/Meta-Llama-3.1-8B,expertqa,DiffTask-long,md_mean_L5,ref,0.132545,0.010267,3,0,0;1;2;3;4;5;6;7;8;9;10;11;12;13;14;15;16;17;18;19;20;21;22;23;24;25;26;27;28;29;30;32
meta-llama/Meta-Llama-3.1-8B,expertqa,DiffTask-long,md_mean_L6,ref,0.117882,0.012465,3,0,0;1;2;3;4;5;6;7;8;9;10;11;12;13;14;15;16;17;18;19;20;21;22;23;24;25;26;27;28;29;30;32
meta-llama/Meta-Llama-3.1-8B,expertqa,DiffTask-long,md_mean_L7,ref,0.110186,0.010888,3,0,0;1;2;3;4;5;6;7;8;9;10;11;12;13;14;15;16;17;18;19;20;21;22;23;24;25;26;27;28;29;30;32
meta-llama/Meta-Llama-3.1-8B,expertqa,DiffTask-long,md_mean_L8,ref,0.135819,0.003834,3,0,0;1;2;3;4;5;6;7;8;9;10;11;12;13;14;15;16;17;18;19;20;21;22;23;24;25;26;27;28;29;30;32
meta-llama/Meta-Llama-3.1-8B,expertqa,DiffTask-long,md_mean_L9,ref,0.14245,0.005869,3,0,0;1;2;3;4;5;6;7;8;9;10;11;12;13;14;15;16;17;18;19;20;21;22;23;24;25;26;27;28;29;30;32
meta-llama/Meta-Llama-3.1-8B,expertqa,DiffTask-long,rmd_mean_L0,ref,-0.51369,0.008214,3,0,0;1;2;3;4;5;6;7;8;9;10;11;12;13;14;15;16;17;18;19;20;21;22;23;24;25;26;27;28;29;30;32
meta-llama/Meta-Llama-3.1-8B,expertqa,DiffTask-long,rmd_mean_L1,ref,-0.325594,0.010125,3,0,0;1;2;3;4;5;6;7;8;9;10;11;12;13;14;15;16;17;18;19;20;21;22;23;24;25;26;27;28;29;30;32
meta-llama/Meta-Llama-3.1-8B,expertqa,DiffTask-long,rmd_mean_L10,ref,-0.008662,0.007097,3,0,0;1;2;3;4;5;6;7;8;9;10;11;12;13;14;15;16;17;18;19;20;21;22;23;24;25;26;27;28;29;30;32
meta-llama/Meta-Llama-3.1-8B,expertqa,DiffTask-long,rmd_mean_L11,ref,-0.00473,0.014051,3,0,0;1;2;3;4;5;6;7;8;9;10;11;12;13;14;15;16;17;18;19;20;21;22;23;24;25;26;27;28;29;30;32
meta-llama/Meta-Llama-3.1-8B,expertqa,DiffTask-long,rmd_mean_L12,ref,-0.012924,0.012628,3,0,0;1;2;3;4;5;6;7;8;9;10;11;12;13;14;15;16;17;18;19;20;21;22;23;24;25;26;27;28;29;30;32
meta-llama/Meta-Llama-3.1-8B,expertqa,DiffTask-long,rmd_mean_L13,ref,-0.021596,0.01216,3,0,0;1;2;3;4;5;6;7;8;9;10;11;12;13;14;15;16;17;18;19;20;21;22;23;24;25;26;27;28;29;30;32
meta-llama/Meta-Llama-3.1-8B,expertqa,DiffTask-long,rmd_mean_L14,ref,-0.008947,0.008272,3,0,0;1;2;3;4;5;6;7;8;9;10;11;12;13;14;15;16;17;18;19;20;21;22;23;24;25;26;27;28;29;30;32
meta-llama/Meta-Llama-3.1-8B,expertqa,DiffTask-long,rmd_mean_L15,ref,0.006902,0.006899,3,0,0;1;2;3;4;5;6;7;8;9;10;11;12;13;14;15;16;17;18;19;20;21;22;23;24;25;26;27;28;29;30;32
meta-llama/Meta-Llama-3.1-8B,expertqa,DiffTask-long,rmd_mean_L16,ref,0.127074,0.00466,3,0,0;1;2;3;4;5;6;7;8;9;10;11;12;13;14;15;16;17;18;19;20;21;22;23;24;25;26;27;28;29;30;32
meta-llama/Meta-Llama-3.1-8B,expertqa,DiffTask-long,rmd_mean_L17,ref,0.057144,0.005332,3,0,0;1;2;3;4;5;6;7;8;9;10;11;12;13;14;15;16;17;18;19;20;21;22;23;24;25;26;27;28;29;30;32
meta-llama/Meta-Llama-3.1-8B,expertqa,DiffTask-long,rmd_mean_L18,ref,0.035434,0.005024,3,0,0;1;2;3;4;5;6;7;8;9;10;11;12;13;14;15;16;17;18;19;20;21;22;23;24;25;26;27;28;29;30;32
meta-llama/Meta-Llama-3.1-8B,expertqa,DiffTask-long,rmd_mean_L19,ref,0.03899,0.005542,3,0,0;1;2;3;4;5;6;7;8;9;10;11;12;13;14;15;16;17;18;19;20;21;22;23;24;25;26;27;28;29;30;32
meta-llama/Meta-Llama-3.1-8B,expertqa,DiffTask-long,rmd_mean_L2,ref,-0.300983,0.008471,3,0,0;1;2;3;4;5;6;7;8;9;10;11;12;13;14;15;16;17;18;19;20;21;22;23;24;25;26;27;28;29;30;32
meta-llama/Meta-Llama-3.1-8B,expertqa,DiffTask-long,rmd_mean_L20,ref,0.038111,0.007664,3,0,0;1;2;3;4;5;6;7;8;9;10;11;12;13;14;15;16;17;18;19;20;21;22;23;24;25;26;27;28;29;30;32
meta-llama/Meta-Llama-3.1-8B,expertqa,DiffTask-long,rmd_mean_L21,ref,0.037461,0.007818,3,0,0;1;2;3;4;5;6;7;8;9;10;11;12;13;14;15;16;17;18;19;20;21;22;23;24;25;26;27;28;29;30;32
meta-llama/Meta-Llama-3.1-8B,expertqa,DiffTask-long,rmd_mean_L22,ref,0.018183,0.005072,3,0,0;1;2;3;4;5;6;7;8;9;10;11;12;13;14;15;16;17;18;19;20;21;22;23;24;25;26;27;28;29;30;32
meta-llama/Meta-Llama-3.1-8B,expertqa,DiffTask-long,rmd_mean_L23,ref,0.018094,0.008366,3,0,0;1;2;3;4;5;6;7;8;9;10;11;12;13;14;15;16;17;18;19;20;21;22;23;24;25;26;27;28;29;30;32
meta-llama/Meta-Llama-3.1-8B,expertqa,DiffTask-long,rmd_mean_L24,ref,0.022112,0.007773,3,0,0;1;2;3;4;5;6;7;8;9;10;11;12;13;14;15;16;17;18;19;20;21;22;23;24;25;26;27;28;29;30;32
meta-llama/Meta-Llama-3.1-8B,expertqa,DiffTask-long,rmd_mean_L25,ref,0.009824,0.00884,3,0,0;1;2;3;4;5;6;7;8;9;10;11;12;13;14;15;16;17;18;19;20;21;22;23;24;25;26;27;28;29;30;32
meta-llama/Meta-Llama-3.1-8B,expertqa,DiffTask-long,rmd_mean_L26,ref,0.024268,0.011822,3,0,0;1;2;3;4;5;6;7;8;9;10;11;12;13;14;15;16;17;18;19;20;21;22;23;24;25;26;27;28;29;30;32
meta-llama/Meta-Llama-3.1-8B,expertqa,DiffTask-long,rmd_mean_L27,ref,0.018501,0.011657,3,0,0;1;2;3;4;5;6;7;8;9;10;11;12;13;14;15;16;17;18;19;20;21;22;23;24;25;26;27;28;29;30;32
meta-llama/Meta-Llama-3.1-8B,expertqa,DiffTask-long,rmd_mean_L28,ref,0.037687,0.010896,3,0,0;1;2;3;4;5;6;7;8;9;10;11;12;13;14;15;16;17;18;19;20;21;22;23;24;25;26;27;28;29;30;32
meta-llama/Meta-Llama-3.1-8B,expertqa,DiffTask-long,rmd_mean_L29,ref,0.033545,0.010646,3,0,0;1;2;3;4;5;6;7;8;9;10;11;12;13;14;15;16;17;18;19;20;21;22;23;24;25;26;27;28;29;30;32
meta-llama/Meta-Llama-3.1-8B,expertqa,DiffTask-long,rmd_mean_L3,ref,-0.223161,0.012577,3,0,0;1;2;3;4;5;6;7;8;9;10;11;12;13;14;15;16;17;18;19;20;21;22;23;24;25;26;27;28;29;30;32
meta-llama/Meta-Llama-3.1-8B,expertqa,DiffTask-long,rmd_mean_L30,ref,0.045107,0.012389,3,0,0;1;2;3;4;5;6;7;8;9;10;11;12;13;14;15;16;17;18;19;20;21;22;23;24;25;26;27;28;29;30;32
meta-llama/Meta-Llama-3.1-8B,expertqa,DiffTask-long,rmd_mean_L32,ref,0.056606,0.011222,3,0,0;1;2;3;4;5;6;7;8;9;10;11;12;13;14;15;16;17;18;19;20;21;22;23;24;25;26;27;28;29;30;32
meta-llama/Meta-Llama-3.1-8B,expertqa,DiffTask-long,rmd_mean_L4,ref,-0.105757,0.006511,3,0,0;1;2;3;4;5;6;7;8;9;10;11;12;13;14;15;16;17;18;19;20;21;22;23;24;25;26;27;28;29;30;32
meta-llama/Meta-Llama-3.1-8B,expertqa,DiffTask-long,rmd_mean_L5,ref,-0.013088,0.003871,3,0,0;1;2;3;4;5;6;7;8;9;10;11;12;13;14;15;16;17;18;19;20;21;22;23;24;25;26;27;28;29;30;32
meta-llama/Meta-Llama-3.1-8B,expertqa,DiffTask-long,rmd_mean_L6,ref,0.030873,0.008696,3,0,0;1;2;3;4;5;6;7;8;9;10;11;12;13;14;15;16;17;18;19;20;21;22;23;24;25;26;27;28;29;30;32
meta-llama/Meta-Llama-3.1-8B,expertqa,DiffTask-long,rmd_mean_L7,ref,0.002151,0.005838,3,0,0;1;2;3;4;5;6;7;8;9;10;11;12;13;14;15;16;17;18;19;20;21;22;23;24;25;26;27;28;29;30;32
meta-llama/Meta-Llama-3.1-8B,expertqa,DiffTask-long,rmd_mean_L8,ref,0.003582,0.004726,3,0,0;1;2;3;4;5;6;7;8;9;10;11;12;13;14;15;16;17;18;19;20;21;22;23;24;25;26;27;28;29;30;32
meta-llama/Meta-Llama-3.1-8B,expertqa,DiffTask-long,rmd_mean_L9,ref,0.011591,0.006367,3,0,0;1;2;3;4;5;6;7;8;9;10;11;12;13;14;15;16;17;18;19;20;21;22;23;24;25;26;27;28;29;30;32
meta-llama/Meta-Llama-3.1-8B,expertqa,DiffTask-long,satmd_alllayer,ref,-0.236363,0.075972,3,0,0;1;2;3;4;5;6;7;8;9;10;11;12;13;14;15;16;17;18;19;20;21;22;23;24;25;26;27;28;29;30;32
meta-llama/Meta-Llama-3.1-8B,expertqa,DiffTask-long,satrmd_alllayer,ref,-0.329327,0.10004,3,0,0;1;2;3;4;5;6;7;8;9;10;11;12;13;14;15;16;17;18;19;20;21;22;23;24;25;26;27;28;29;30;32
meta-llama/Meta-Llama-3.1-8B,expertqa,ID,huq_satmd_alllayer,ref,0.367095,0.0,3,0,0;1;2;3;4;5;6;7;8;9;10;11;12;13;14;15;16;17;18;19;20;21;22;23;24;25;26;27;28;29;30;32
meta-llama/Meta-Llama-3.1-8B,expertqa,ID,huq_satrmd_alllayer,ref,0.421429,0.0,3,0,0;1;2;3;4;5;6;7;8;9;10;11;12;13;14;15;16;17;18;19;20;21;22;23;24;25;26;27;28;29;30;32
meta-llama/Meta-Llama-3.1-8B,expertqa,ID,md_mean_L0,ref,0.323444,0.0,3,0,0;1;2;3;4;5;6;7;8;9;10;11;12;13;14;15;16;17;18;19;20;21;22;23;24;25;26;27;28;29;30;32
meta-llama/Meta-Llama-3.1-8B,expertqa,ID,md_mean_L1,ref,0.355778,0.0,3,0,0;1;2;3;4;5;6;7;8;9;10;11;12;13;14;15;16;17;18;19;20;21;22;23;24;25;26;27;28;29;30;32
meta-llama/Meta-Llama-3.1-8B,expertqa,ID,md_mean_L10,ref,0.259466,0.0,3,0,0;1;2;3;4;5;6;7;8;9;10;11;12;13;14;15;16;17;18;19;20;21;22;23;24;25;26;27;28;29;30;32
meta-llama/Meta-Llama-3.1-8B,expertqa,ID,md_mean_L11,ref,0.247606,0.0,3,0,0;1;2;3;4;5;6;7;8;9;10;11;12;13;14;15;16;17;18;19;20;21;22;23;24;25;26;27;28;29;30;32
meta-llama/Meta-Llama-3.1-8B,expertqa,ID,md_mean_L12,ref,0.18464,0.0,3,0,0;1;2;3;4;5;6;7;8;9;10;11;12;13;14;15;16;17;18;19;20;21;22;23;24;25;26;27;28;29;30;32
meta-llama/Meta-Llama-3.1-8B,expertqa,ID,md_mean_L13,ref,0.160572,0.0,3,0,0;1;2;3;4;5;6;7;8;9;10;11;12;13;14;15;16;17;18;19;20;21;22;23;24;25;26;27;28;29;30;32
meta-llama/Meta-Llama-3.1-8B,expertqa,ID,md_mean_L14,ref,0.096241,0.0,3,0,0;1;2;3;4;5;6;7;8;9;10;11;12;13;14;15;16;17;18;19;20;21;22;23;24;25;26;27;28;29;30;32
meta-llama/Meta-Llama-3.1-8B,expertqa,ID,md_mean_L15,ref,0.058314,0.0,3,0,0;1;2;3;4;5;6;7;8;9;10;11;12;13;14;15;16;17;18;19;20;21;22;23;24;25;26;27;28;29;30;32
meta-llama/Meta-Llama-3.1-8B,expertqa,ID,md_mean_L16,ref,0.116757,0.0,3,0,0;1;2;3;4;5;6;7;8;9;10;11;12;13;14;15;16;17;18;19;20;21;22;23;24;25;26;27;28;29;30;32
meta-llama/Meta-Llama-3.1-8B,expertqa,ID,md_mean_L17,ref,0.148114,0.0,3,0,0;1;2;3;4;5;6;7;8;9;10;11;12;13;14;15;16;17;18;19;20;21;22;23;24;25;26;27;28;29;30;32
meta-llama/Meta-Llama-3.1-8B,expertqa,ID,md_mean_L18,ref,0.196306,0.0,3,0,0;1;2;3;4;5;6;7;8;9;10;11;12;13;14;15;16;17;18;19;20;21;22;23;24;25;26;27;28;29;30;32
meta-llama/Meta-Llama-3.1-8B,expertqa,ID,md_mean_L19,ref,0.212471,0.0,3,0,0;1;2;3;4;5;6;7;8;9;10;11;12;13;14;15;16;17;18;19;20;21;22;23;24;25;26;27;28;29;30;32
meta-llama/Meta-Llama-3.1-8B,expertqa,ID,md_mean_L2,ref,0.344679,0.0,3,0,0;1;2;3;4;5;6;7;8;9;10;11;12;13;14;15;16;17;18;19;20;21;22;23;24;25;26;27;28;29;30;32
meta-llama/Meta-Llama-3.1-8B,expertqa,ID,md_mean_L20,ref,0.233079,0.0,3,0,0;1;2;3;4;5;6;7;8;9;10;11;12;13;14;15;16;17;18;19;20;21;22;23;24;25;26;27;28;29;30;32
meta-llama/Meta-Llama-3.1-8B,expertqa,ID,md_mean_L21,ref,0.216527,0.0,3,0,0;1;2;3;4;5;6;7;8;9;10;11;12;13;14;15;16;17;18;19;20;21;22;23;24;25;26;27;28;29;30;32
meta-llama/Meta-Llama-3.1-8B,expertqa,ID,md_mean_L22,ref,0.223951,0.0,3,0,0;1;2;3;4;5;6;7;8;9;10;11;12;13;14;15;16;17;18;19;20;21;22;23;24;25;26;27;28;29;30;32
meta-llama/Meta-Llama-3.1-8B,expertqa,ID,md_mean_L23,ref,0.249485,0.0,3,0,0;1;2;3;4;5;6;7;8;9;10;11;12;13;14;15;16;17;18;19;20;21;22;23;24;25;26;27;28;29;30;32
meta-llama/Meta-Llama-3.1-8B,expertqa,ID,md_mean_L24,ref,0.252888,0.0,3,0,0;1;2;3;4;5;6;7;8;9;10;11;12;13;14;15;16;17;18;19;20;21;22;23;24;25;26;27;28;29;30;32
meta-llama/Meta-Llama-3.1-8B,expertqa,ID,md_mean_L25,ref,0.256699,0.0,3,0,0;1;2;3;4;5;6;7;8;9;10;11;12;13;14;15;16;17;18;19;20;21;22;23;24;25;26;27;28;29;30;32
meta-llama/Meta-Llama-3.1-8B,expertqa,ID,md_mean_L26,ref,0.254157,0.0,3,0,0;1;2;3;4;5;6;7;8;9;10;11;12;13;14;15;16;17;18;19;20;21;22;23;24;25;26;27;28;29;30;32
meta-llama/Meta-Llama-3.1-8B,expertqa,ID,md_mean_L27,ref,0.25172,0.0,3,0,0;1;2;3;4;5;6;7;8;9;10;11;12;13;14;15;16;17;18;19;20;21;22;23;24;25;26;27;28;29;30;32
meta-llama/Meta-Llama-3.1-8B,expertqa,ID,md_mean_L28,ref,0.251314,0.0,3,0,0;1;2;3;4;5;6;7;8;9;10;11;12;13;14;15;16;17;18;19;20;21;22;23;24;25;26;27;28;29;30;32
meta-llama/Meta-Llama-3.1-8B,expertqa,ID,md_mean_L29,ref,0.256434,0.0,3,0,0;1;2;3;4;5;6;7;8;9;10;11;12;13;14;15;16;17;18;19;20;21;22;23;24;25;26;27;28;29;30;32
meta-llama/Meta-Llama-3.1-8B,expertqa,ID,md_mean_L3,ref,0.310958,0.0,3,0,0;1;2;3;4;5;6;7;8;9;10;11;12;13;14;15;16;17;18;19;20;21;22;23;24;25;26;27;28;29;30;32
meta-llama/Meta-Llama-3.1-8B,expertqa,ID,md_mean_L30,ref,0.260565,0.0,3,0,0;1;2;3;4;5;6;7;8;9;10;11;12;13;14;15;16;17;18;19;20;21;22;23;24;25;26;27;28;29;30;32
meta-llama/Meta-Llama-3.1-8B,expertqa,ID,md_mean_L32,ref,0.214311,0.0,3,0,0;1;2;3;4;5;6;7;8;9;10;11;12;13;14;15;16;17;18;19;20;21;22;23;24;25;26;27;28;29;30;32
meta-llama/Meta-Llama-3.1-8B,expertqa,ID,md_mean_L4,ref,0.292567,0.0,3,0,0;1;2;3;4;5;6;7;8;9;10;11;12;13;14;15;16;17;18;19;20;21;22;23;24;25;26;27;28;29;30;32
meta-llama/Meta-Llama-3.1-8B,expertqa,ID,md_mean_L5,ref,0.331856,0.0,3,0,0;1;2;3;4;5;6;7;8;9;10;11;12;13;14;15;16;17;18;19;20;21;22;23;24;25;26;27;28;29;30;32
meta-llama/Meta-Llama-3.1-8B,expertqa,ID,md_mean_L6,ref,0.340682,0.0,3,0,0;1;2;3;4;5;6;7;8;9;10;11;12;13;14;15;16;17;18;19;20;21;22;23;24;25;26;27;28;29;30;32
meta-llama/Meta-Llama-3.1-8B,expertqa,ID,md_mean_L7,ref,0.295724,0.0,3,0,0;1;2;3;4;5;6;7;8;9;10;11;12;13;14;15;16;17;18;19;20;21;22;23;24;25;26;27;28;29;30;32
meta-llama/Meta-Llama-3.1-8B,expertqa,ID,md_mean_L8,ref,0.301134,0.0,3,0,0;1;2;3;4;5;6;7;8;9;10;11;12;13;14;15;16;17;18;19;20;21;22;23;24;25;26;27;28;29;30;32
meta-llama/Meta-Llama-3.1-8B,expertqa,ID,md_mean_L9,ref,0.292168,0.0,3,0,0;1;2;3;4;5;6;7;8;9;10;11;12;13;14;15;16;17;18;19;20;21;22;23;24;25;26;27;28;29;30;32
meta-llama/Meta-Llama-3.1-8B,expertqa,ID,msp_satmd_alllayer,ref,0.454407,0.0,3,0,0;1;2;3;4;5;6;7;8;9;10;11;12;13;14;15;16;17;18;19;20;21;22;23;24;25;26;27;28;29;30;32
meta-llama/Meta-Llama-3.1-8B,expertqa,ID,msp_satrmd_alllayer,ref,0.419653,0.0,3,0,0;1;2;3;4;5;6;7;8;9;10;11;12;13;14;15;16;17;18;19;20;21;22;23;24;25;26;27;28;29;30;32
meta-llama/Meta-Llama-3.1-8B,expertqa,ID,rmd_mean_L0,ref,-0.520705,0.0,3,0,0;1;2;3;4;5;6;7;8;9;10;11;12;13;14;15;16;17;18;19;20;21;22;23;24;25;26;27;28;29;30;32
meta-llama/Meta-Llama-3.1-8B,expertqa,ID,rmd_mean_L1,ref,-0.220269,0.0,3,0,0;1;2;3;4;5;6;7;8;9;10;11;12;13;14;15;16;17;18;19;20;21;22;23;24;25;26;27;28;29;30;32
meta-llama/Meta-Llama-3.1-8B,expertqa,ID,rmd_mean_L10,ref,0.229955,0.0,3,0,0;1;2;3;4;5;6;7;8;9;10;11;12;13;14;15;16;17;18;19;20;21;22;23;24;25;26;27;28;29;30;32
meta-llama/Meta-Llama-3.1-8B,expertqa,ID,rmd_mean_L11,ref,0.188742,0.0,3,0,0;1;2;3;4;5;6;7;8;9;10;11;12;13;14;15;16;17;18;19;20;21;22;23;24;25;26;27;28;29;30;32
meta-llama/Meta-Llama-3.1-8B,expertqa,ID,rmd_mean_L12,ref,0.131997,0.0,3,0,0;1;2;3;4;5;6;7;8;9;10;11;12;13;14;15;16;17;18;19;20;21;22;23;24;25;26;27;28;29;30;32
meta-llama/Meta-Llama-3.1-8B,expertqa,ID,rmd_mean_L13,ref,0.153698,0.0,3,0,0;1;2;3;4;5;6;7;8;9;10;11;12;13;14;15;16;17;18;19;20;21;22;23;24;25;26;27;28;29;30;32
meta-llama/Meta-Llama-3.1-8B,expertqa,ID,rmd_mean_L14,ref,0.193486,0.0,3,0,0;1;2;3;4;5;6;7;8;9;10;11;12;13;14;15;16;17;18;19;20;21;22;23;24;25;26;27;28;29;30;32
meta-llama/Meta-Llama-3.1-8B,expertqa,ID,rmd_mean_L15,ref,0.243011,0.0,3,0,0;1;2;3;4;5;6;7;8;9;10;11;12;13;14;15;16;17;18;19;20;21;22;23;24;25;26;27;28;29;30;32
meta-llama/Meta-Llama-3.1-8B,expertqa,ID,rmd_mean_L16,ref,0.317125,0.0,3,0,0;1;2;3;4;5;6;7;8;9;10;11;12;13;14;15;16;17;18;19;20;21;22;23;24;25;26;27;28;29;30;32
meta-llama/Meta-Llama-3.1-8B,expertqa,ID,rmd_mean_L17,ref,0.321958,0.0,3,0,0;1;2;3;4;5;6;7;8;9;10;11;12;13;14;15;16;17;18;19;20;21;22;23;24;25;26;27;28;29;30;32
meta-llama/Meta-Llama-3.1-8B,expertqa,ID,rmd_mean_L18,ref,0.286107,0.0,3,0,0;1;2;3;4;5;6;7;8;9;10;11;12;13;14;15;16;17;18;19;20;21;22;23;24;25;26;27;28;29;30;32
meta-llama/Meta-Llama-3.1-8B,expertqa,ID,rmd_mean_L19,ref,0.294832,0.0,3,0,0;1;2;3;4;5;6;7;8;9;10;11;12;13;14;15;16;17;18;19;20;21;22;23;24;25;26;27;28;29;30;32
meta-llama/Meta-Llama-3.1-8B,expertqa,ID,rmd_mean_L2,ref,-0.076096,0.0,3,0,0;1;2;3;4;5;6;7;8;9;10;11;12;13;14;15;16;17;18;19;20;21;22;23;24;25;26;27;28;29;30;32
meta-llama/Meta-Llama-3.1-8B,expertqa,ID,rmd_mean_L20,ref,0.266898,0.0,3,0,0;1;2;3;4;5;6;7;8;9;10;11;12;13;14;15;16;17;18;19;20;21;22;23;24;25;26;27;28;29;30;32
meta-llama/Meta-Llama-3.1-8B,expertqa,ID,rmd_mean_L21,ref,0.274684,0.0,3,0,0;1;2;3;4;5;6;7;8;9;10;11;12;13;14;15;16;17;18;19;20;21;22;23;24;25;26;27;28;29;30;32
meta-llama/Meta-Llama-3.1-8B,expertqa,ID,rmd_mean_L22,ref,0.243395,0.0,3,0,0;1;2;3;4;5;6;7;8;9;10;11;12;13;14;15;16;17;18;19;20;21;22;23;24;25;26;27;28;29;30;32
meta-llama/Meta-Llama-3.1-8B,expertqa,ID,rmd_mean_L23,ref,0.221192,0.0,3,0,0;1;2;3;4;5;6;7;8;9;10;11;12;13;14;15;16;17;18;19;20;21;22;23;24;25;26;27;28;29;30;32
meta-llama/Meta-Llama-3.1-8B,expertqa,ID,rmd_mean_L24,ref,0.233631,0.0,3,0,0;1;2;3;4;5;6;7;8;9;10;11;12;13;14;15;16;17;18;19;20;21;22;23;24;25;26;27;28;29;30;32
meta-llama/Meta-Llama-3.1-8B,expertqa,ID,rmd_mean_L25,ref,0.224662,0.0,3,0,0;1;2;3;4;5;6;7;8;9;10;11;12;13;14;15;16;17;18;19;20;21;22;23;24;25;26;27;28;29;30;32
meta-llama/Meta-Llama-3.1-8B,expertqa,ID,rmd_mean_L26,ref,0.255896,0.0,3,0,0;1;2;3;4;5;6;7;8;9;10;11;12;13;14;15;16;17;18;19;20;21;22;23;24;25;26;27;28;29;30;32
meta-llama/Meta-Llama-3.1-8B,expertqa,ID,rmd_mean_L27,ref,0.257312,0.0,3,0,0;1;2;3;4;5;6;7;8;9;10;11;12;13;14;15;16;17;18;19;20;21;22;23;24;25;26;27;28;29;30;32
meta-llama/Meta-Llama-3.1-8B,expertqa,ID,rmd_mean_L28,ref,0.275011,0.0,3,0,0;1;2;3;4;5;6;7;8;9;10;11;12;13;14;15;16;17;18;19;20;21;22;23;24;25;26;27;28;29;30;32
meta-llama/Meta-Llama-3.1-8B,expertqa,ID,rmd_mean_L29,ref,0.282719,0.0,3,0,0;1;2;3;4;5;6;7;8;9;10;11;12;13;14;15;16;17;18;19;20;21;22;23;24;25;26;27;28;29;30;32
meta-llama/Meta-Llama-3.1-8B,expertqa,ID,rmd_mean_L3,ref,0.026512,0.0,3,0,0;1;2;3;4;5;6;7;8;9;10;11;12;13;14;15;16;17;18;19;20;21;22;23;24;25;26;27;28;29;30;32
meta-llama/Meta-Llama-3.1-8B,expertqa,ID,rmd_mean_L30,ref,0.298218,0.0,3,0,0;1;2;3;4;5;6;7;8;9;10;11;12;13;14;15;16;17;18;19;20;21;22;23;24;25;26;27;28;29;30;32
meta-llama/Meta-Llama-3.1-8B,expertqa,ID,rmd_mean_L32,ref,0.288909,0.0,3,0,0;1;2;3;4;5;6;7;8;9;10;11;12;13;14;15;16;17;18;19;20;21;22;23;24;25;26;27;28;29;30;32
meta-llama/Meta-Llama-3.1-8B,expertqa,ID,rmd_mean_L4,ref,0.116852,0.0,3,0,0;1;2;3;4;5;6;7;8;9;10;11;12;13;14;15;16;17;18;19;20;21;22;23;24;25;26;27;28;29;30;32
meta-llama/Meta-Llama-3.1-8B,expertqa,ID,rmd_mean_L5,ref,0.228696,0.0,3,0,0;1;2;3;4;5;6;7;8;9;10;11;12;13;14;15;16;17;18;19;20;21;22;23;24;25;26;27;28;29;30;32
meta-llama/Meta-Llama-3.1-8B,expertqa,ID,rmd_mean_L6,ref,0.246773,0.0,3,0,0;1;2;3;4;5;6;7;8;9;10;11;12;13;14;15;16;17;18;19;20;21;22;23;24;25;26;27;28;29;30;32
meta-llama/Meta-Llama-3.1-8B,expertqa,ID,rmd_mean_L7,ref,0.263152,0.0,3,0,0;1;2;3;4;5;6;7;8;9;10;11;12;13;14;15;16;17;18;19;20;21;22;23;24;25;26;27;28;29;30;32
meta-llama/Meta-Llama-3.1-8B,expertqa,ID,rmd_mean_L8,ref,0.261195,0.0,3,0,0;1;2;3;4;5;6;7;8;9;10;11;12;13;14;15;16;17;18;19;20;21;22;23;24;25;26;27;28;29;30;32
meta-llama/Meta-Llama-3.1-8B,expertqa,ID,rmd_mean_L9,ref,0.272074,0.0,3,0,0;1;2;3;4;5;6;7;8;9;10;11;12;13;14;15;16;17;18;19;20;21;22;23;24;25;26;27;28;29;30;32
meta-llama/Meta-Llama-3.1-8B,expertqa,ID,satmd_alllayer,ref,0.40382,0.0,3,0,0;1;2;3;4;5;6;7;8;9;10;11;12;13;14;15;16;17;18;19;20;21;22;23;24;25;26;27;28;29;30;32
meta-llama/Meta-Llama-3.1-8B,expertqa,ID,satrmd_alllayer,ref,0.356544,0.0,3,0,0;1;2;3;4;5;6;7;8;9;10;11;12;13;14;15;16;17;18;19;20;21;22;23;24;25;26;27;28;29;30;32
meta-llama/Meta-Llama-3.1-8B,expertqa,LOO-long,huq_satmd_alllayer,ref,-0.125515,0.016262,3,0,0;1;2;3;4;5;6;7;8;9;10;11;12;13;14;15;16;17;18;19;20;21;22;23;24;25;26;27;28;29;30;32
meta-llama/Meta-Llama-3.1-8B,expertqa,LOO-long,huq_satrmd_alllayer,ref,-0.376481,0.04353,3,0,0;1;2;3;4;5;6;7;8;9;10;11;12;13;14;15;16;17;18;19;20;21;22;23;24;25;26;27;28;29;30;32
meta-llama/Meta-Llama-3.1-8B,expertqa,LOO-long,md_mean_L0,ref,0.243845,0.007183,3,0,0;1;2;3;4;5;6;7;8;9;10;11;12;13;14;15;16;17;18;19;20;21;22;23;24;25;26;27;28;29;30;32
meta-llama/Meta-Llama-3.1-8B,expertqa,LOO-long,md_mean_L1,ref,0.239866,0.004124,3,0,0;1;2;3;4;5;6;7;8;9;10;11;12;13;14;15;16;17;18;19;20;21;22;23;24;25;26;27;28;29;30;32
meta-llama/Meta-Llama-3.1-8B,expertqa,LOO-long,md_mean_L10,ref,0.118028,0.018997,3,0,0;1;2;3;4;5;6;7;8;9;10;11;12;13;14;15;16;17;18;19;20;21;22;23;24;25;26;27;28;29;30;32
meta-llama/Meta-Llama-3.1-8B,expertqa,LOO-long,md_mean_L11,ref,0.152189,0.020251,3,0,0;1;2;3;4;5;6;7;8;9;10;11;12;13;14;15;16;17;18;19;20;21;22;23;24;25;26;27;28;29;30;32
meta-llama/Meta-Llama-3.1-8B,expertqa,LOO-long,md_mean_L12,ref,0.105021,0.022419,3,0,0;1;2;3;4;5;6;7;8;9;10;11;12;13;14;15;16;17;18;19;20;21;22;23;24;25;26;27;28;29;30;32
meta-llama/Meta-Llama-3.1-8B,expertqa,LOO-long,md_mean_L13,ref,0.044436,0.026796,3,0,0;1;2;3;4;5;6;7;8;9;10;11;12;13;14;15;16;17;18;19;20;21;22;23;24;25;26;27;28;29;30;32
meta-llama/Meta-Llama-3.1-8B,expertqa,LOO-long,md_mean_L14,ref,-0.049191,0.028105,3,0,0;1;2;3;4;5;6;7;8;9;10;11;12;13;14;15;16;17;18;19;20;21;22;23;24;25;26;27;28;29;30;32
meta-llama/Meta-Llama-3.1-8B,expertqa,LOO-long,md_mean_L15,ref,-0.120381,0.017205,3,0,0;1;2;3;4;5;6;7;8;9;10;11;12;13;14;15;16;17;18;19;20;21;22;23;24;25;26;27;28;29;30;32
meta-llama/Meta-Llama-3.1-8B,expertqa,LOO-long,md_mean_L16,ref,-0.107588,0.016585,3,0,0;1;2;3;4;5;6;7;8;9;10;11;12;13;14;15;16;17;18;19;20;21;22;23;24;25;26;27;28;29;30;32
meta-llama/Meta-Llama-3.1-8B,expertqa,LOO-long,md_mean_L17,ref,-0.123201,0.01554,3,0,0;1;2;3;4;5;6;7;8;9;10;11;12;13;14;15;16;17;18;19;20;21;22;23;24;25;26;27;28;29;30;32
meta-llama/Meta-Llama-3.1-8B,expertqa,LOO-long,md_mean_L18,ref,-0.089494,0.012005,3,0,0;1;2;3;4;5;6;7;8;9;10;11;12;13;14;15;16;17;18;19;20;21;22;23;24;25;26;27;28;29;30;32
meta-llama/Meta-Llama-3.1-8B,expertqa,LOO-long,md_mean_L19,ref,-0.060171,0.007449,3,0,0;1;2;3;4;5;6;7;8;9;10;11;12;13;14;15;16;17;18;19;20;21;22;23;24;25;26;27;28;29;30;32
meta-llama/Meta-Llama-3.1-8B,expertqa,LOO-long,md_mean_L2,ref,0.234227,0.004507,3,0,0;1;2;3;4;5;6;7;8;9;10;11;12;13;14;15;16;17;18;19;20;21;22;23;24;25;26;27;28;29;30;32
meta-llama/Meta-Llama-3.1-8B,expertqa,LOO-long,md_mean_L20,ref,-0.023743,0.006506,3,0,0;1;2;3;4;5;6;7;8;9;10;11;12;13;14;15;16;17;18;19;20;21;22;23;24;25;26;27;28;29;30;32
meta-llama/Meta-Llama-3.1-8B,expertqa,LOO-long,md_mean_L21,ref,-0.044865,0.007971,3,0,0;1;2;3;4;5;6;7;8;9;10;11;12;13;14;15;16;17;18;19;20;21;22;23;24;25;26;27;28;29;30;32
meta-llama/Meta-Llama-3.1-8B,expertqa,LOO-long,md_mean_L22,ref,-0.011108,0.004526,3,0,0;1;2;3;4;5;6;7;8;9;10;11;12;13;14;15;16;17;18;19;20;21;22;23;24;25;26;27;28;29;30;32
meta-llama/Meta-Llama-3.1-8B,expertqa,LOO-long,md_mean_L23,ref,0.039978,0.003255,3,0,0;1;2;3;4;5;6;7;8;9;10;11;12;13;14;15;16;17;18;19;20;21;22;23;24;25;26;27;28;29;30;32
meta-llama/Meta-Llama-3.1-8B,expertqa,LOO-long,md_mean_L24,ref,0.035946,0.00235,3,0,0;1;2;3;4;5;6;7;8;9;10;11;12;13;14;15;16;17;18;19;20;21;22;23;24;25;26;27;28;29;30;32
meta-llama/Meta-Llama-3.1-8B,expertqa,LOO-long,md_mean_L25,ref,0.039592,0.001312,3,0,0;1;2;3;4;5;6;7;8;9;10;11;12;13;14;15;16;17;18;19;20;21;22;23;24;25;26;27;28;29;30;32
meta-llama/Meta-Llama-3.1-8B,expertqa,LOO-long,md_mean_L26,ref,0.044908,0.004111,3,0,0;1;2;3;4;5;6;7;8;9;10;11;12;13;14;15;16;17;18;19;20;21;22;23;24;25;26;27;28;29;30;32
meta-llama/Meta-Llama-3.1-8B,expertqa,LOO-long,md_mean_L27,ref,0.058991,0.004525,3,0,0;1;2;3;4;5;6;7;8;9;10;11;12;13;14;15;16;17;18;19;20;21;22;23;24;25;26;27;28;29;30;32
meta-llama/Meta-Llama-3.1-8B,expertqa,LOO-long,md_mean_L28,ref,0.07997,0.005971,3,0,0;1;2;3;4;5;6;7;8;9;10;11;12;13;14;15;16;17;18;19;20;21;22;23;24;25;26;27;28;29;30;32
meta-llama/Meta-Llama-3.1-8B,expertqa,LOO-long,md_mean_L29,ref,0.087231,0.0051,3,0,0;1;2;3;4;5;6;7;8;9;10;11;12;13;14;15;16;17;18;19;20;21;22;23;24;25;26;27;28;29;30;32
meta-llama/Meta-Llama-3.1-8B,expertqa,LOO-long,md_mean_L3,ref,0.189665,0.005046,3,0,0;1;2;3;4;5;6;7;8;9;10;11;12;13;14;15;16;17;18;19;20;21;22;23;24;25;26;27;28;29;30;32
meta-llama/Meta-Llama-3.1-8B,expertqa,LOO-long,md_mean_L30,ref,0.110918,0.001112,3,0,0;1;2;3;4;5;6;7;8;9;10;11;12;13;14;15;16;17;18;19;20;21;22;23;24;25;26;27;28;29;30;32
meta-llama/Meta-Llama-3.1-8B,expertqa,LOO-long,md_mean_L32,ref,0.009369,0.007231,3,0,0;1;2;3;4;5;6;7;8;9;10;11;12;13;14;15;16;17;18;19;20;21;22;23;24;25;26;27;28;29;30;32
meta-llama/Meta-Llama-3.1-8B,expertqa,LOO-long,md_mean_L4,ref,0.151257,0.004512,3,0,0;1;2;3;4;5;6;7;8;9;10;11;12;13;14;15;16;17;18;19;20;21;22;23;24;25;26;27;28;29;30;32
meta-llama/Meta-Llama-3.1-8B,expertqa,LOO-long,md_mean_L5,ref,0.12918,0.011957,3,0,0;1;2;3;4;5;6;7;8;9;10;11;12;13;14;15;16;17;18;19;20;21;22;23;24;25;26;27;28;29;30;32
meta-llama/Meta-Llama-3.1-8B,expertqa,LOO-long,md_mean_L6,ref,0.117864,0.007689,3,0,0;1;2;3;4;5;6;7;8;9;10;11;12;13;14;15;16;17;18;19;20;21;22;23;24;25;26;27;28;29;30;32
meta-llama/Meta-Llama-3.1-8B,expertqa,LOO-long,md_mean_L7,ref,0.108281,0.011554,3,0,0;1;2;3;4;5;6;7;8;9;10;11;12;13;14;15;16;17;18;19;20;21;22;23;24;25;26;27;28;29;30;32
meta-llama/Meta-Llama-3.1-8B,expertqa,LOO-long,md_mean_L8,ref,0.140027,0.009869,3,0,0;1;2;3;4;5;6;7;8;9;10;11;12;13;14;15;16;17;18;19;20;21;22;23;24;25;26;27;28;29;30;32
meta-llama/Meta-Llama-3.1-8B,expertqa,LOO-long,md_mean_L9,ref,0.151119,0.013173,3,0,0;1;2;3;4;5;6;7;8;9;10;11;12;13;14;15;16;17;18;19;20;21;22;23;24;25;26;27;28;29;30;32
meta-llama/Meta-Llama-3.1-8B,expertqa,LOO-long,rmd_mean_L0,ref,-0.533225,0.003433,3,0,0;1;2;3;4;5;6;7;8;9;10;11;12;13;14;15;16;17;18;19;20;21;22;23;24;25;26;27;28;29;30;32
meta-llama/Meta-Llama-3.1-8B,expertqa,LOO-long,rmd_mean_L1,ref,-0.353482,0.008816,3,0,0;1;2;3;4;5;6;7;8;9;10;11;12;13;14;15;16;17;18;19;20;21;22;23;24;25;26;27;28;29;30;32
meta-llama/Meta-Llama-3.1-8B,expertqa,LOO-long,rmd_mean_L10,ref,-0.024825,0.002071,3,0,0;1;2;3;4;5;6;7;8;9;10;11;12;13;14;15;16;17;18;19;20;21;22;23;24;25;26;27;28;29;30;32
meta-llama/Meta-Llama-3.1-8B,expertqa,LOO-long,rmd_mean_L11,ref,-0.01568,0.0132,3,0,0;1;2;3;4;5;6;7;8;9;10;11;12;13;14;15;16;17;18;19;20;21;22;23;24;25;26;27;28;29;30;32
meta-llama/Meta-Llama-3.1-8B,expertqa,LOO-long,rmd_mean_L12,ref,-0.029503,0.019154,3,0,0;1;2;3;4;5;6;7;8;9;10;11;12;13;14;15;16;17;18;19;20;21;22;23;24;25;26;27;28;29;30;32
meta-llama/Meta-Llama-3.1-8B,expertqa,LOO-long,rmd_mean_L13,ref,-0.042165,0.020638,3,0,0;1;2;3;4;5;6;7;8;9;10;11;12;13;14;15;16;17;18;19;20;21;22;23;24;25;26;27;28;29;30;32
meta-llama/Meta-Llama-3.1-8B,expertqa,LOO-long,rmd_mean_L14,ref,-0.030696,0.01628,3,0,0;1;2;3;4;5;6;7;8;9;10;11;12;13;14;15;16;17;18;19;20;21;22;23;24;25;26;27;28;29;30;32
meta-llama/Meta-Llama-3.1-8B,expertqa,LOO-long,rmd_mean_L15,ref,-0.006352,0.013305,3,0,0;1;2;3;4;5;6;7;8;9;10;11;12;13;14;15;16;17;18;19;20;21;22;23;24;25;26;27;28;29;30;32
meta-llama/Meta-Llama-3.1-8B,expertqa,LOO-long,rmd_mean_L16,ref,0.124328,0.010845,3,0,0;1;2;3;4;5;6;7;8;9;10;11;12;13;14;15;16;17;18;19;20;21;22;23;24;25;26;27;28;29;30;32
meta-llama/Meta-Llama-3.1-8B,expertqa,LOO-long,rmd_mean_L17,ref,0.051589,0.012188,3,0,0;1;2;3;4;5;6;7;8;9;10;11;12;13;14;15;16;17;18;19;20;21;22;23;24;25;26;27;28;29;30;32
meta-llama/Meta-Llama-3.1-8B,expertqa,LOO-long,rmd_mean_L18,ref,0.02614,0.011739,3,0,0;1;2;3;4;5;6;7;8;9;10;11;12;13;14;15;16;17;18;19;20;21;22;23;24;25;26;27;28;29;30;32
meta-llama/Meta-Llama-3.1-8B,expertqa,LOO-long,rmd_mean_L19,ref,0.029909,0.004454,3,0,0;1;2;3;4;5;6;7;8;9;10;11;12;13;14;15;16;17;18;19;20;21;22;23;24;25;26;27;28;29;30;32
meta-llama/Meta-Llama-3.1-8B,expertqa,LOO-long,rmd_mean_L2,ref,-0.325867,0.006523,3,0,0;1;2;3;4;5;6;7;8;9;10;11;12;13;14;15;16;17;18;19;20;21;22;23;24;25;26;27;28;29;30;32
meta-llama/Meta-Llama-3.1-8B,expertqa,LOO-long,rmd_mean_L20,ref,0.027681,0.005046,3,0,0;1;2;3;4;5;6;7;8;9;10;11;12;13;14;15;16;17;18;19;20;21;22;23;24;25;26;27;28;29;30;32
meta-llama/Meta-Llama-3.1-8B,expertqa,LOO-long,rmd_mean_L21,ref,0.025466,0.009103,3,0,0;1;2;3;4;5;6;7;8;9;10;11;12;13;14;15;16;17;18;19;20;21;22;23;24;25;26;27;28;29;30;32
meta-llama/Meta-Llama-3.1-8B,expertqa,LOO-long,rmd_mean_L22,ref,0.01338,0.008197,3,0,0;1;2;3;4;5;6;7;8;9;10;11;12;13;14;15;16;17;18;19;20;21;22;23;24;25;26;27;28;29;30;32
meta-llama/Meta-Llama-3.1-8B,expertqa,LOO-long,rmd_mean_L23,ref,0.008081,0.011129,3,0,0;1;2;3;4;5;6;7;8;9;10;11;12;13;14;15;16;17;18;19;20;21;22;23;24;25;26;27;28;29;30;32
meta-llama/Meta-Llama-3.1-8B,expertqa,LOO-long,rmd_mean_L24,ref,0.009664,0.011449,3,0,0;1;2;3;4;5;6;7;8;9;10;11;12;13;14;15;16;17;18;19;20;21;22;23;24;25;26;27;28;29;30;32
meta-llama/Meta-Llama-3.1-8B,expertqa,LOO-long,rmd_mean_L25,ref,-0.008976,0.010734,3,0,0;1;2;3;4;5;6;7;8;9;10;11;12;13;14;15;16;17;18;19;20;21;22;23;24;25;26;27;28;29;30;32
meta-llama/Meta-Llama-3.1-8B,expertqa,LOO-long,rmd_mean_L26,ref,0.011004,0.012895,3,0,0;1;2;3;4;5;6;7;8;9;10;11;12;13;14;15;16;17;18;19;20;21;22;23;24;25;26;27;28;29;30;32
meta-llama/Meta-Llama-3.1-8B,expertqa,LOO-long,rmd_mean_L27,ref,0.0037,0.01488,3,0,0;1;2;3;4;5;6;7;8;9;10;11;12;13;14;15;16;17;18;19;20;21;22;23;24;25;26;27;28;29;30;32
meta-llama/Meta-Llama-3.1-8B,expertqa,LOO-long,rmd_mean_L28,ref,0.028502,0.013219,3,0,0;1;2;3;4;5;6;7;8;9;10;11;12;13;14;15;16;17;18;19;20;21;22;23;24;25;26;27;28;29;30;32
meta-llama/Meta-Llama-3.1-8B,expertqa,LOO-long,rmd_mean_L29,ref,0.024582,0.011351,3,0,0;1;2;3;4;5;6;7;8;9;10;11;12;13;14;15;16;17;18;19;20;21;22;23;24;25;26;27;28;29;30;32
meta-llama/Meta-Llama-3.1-8B,expertqa,LOO-long,rmd_mean_L3,ref,-0.241114,0.002552,3,0,0;1;2;3;4;5;6;7;8;9;10;11;12;13;14;15;16;17;18;19;20;21;22;23;24;25;26;27;28;29;30;32
meta-llama/Meta-Llama-3.1-8B,expertqa,LOO-long,rmd_mean_L30,ref,0.038187,0.013702,3,0,0;1;2;3;4;5;6;7;8;9;10;11;12;13;14;15;16;17;18;19;20;21;22;23;24;25;26;27;28;29;30;32
meta-llama/Meta-Llama-3.1-8B,expertqa,LOO-long,rmd_mean_L32,ref,0.045105,0.011445,3,0,0;1;2;3;4;5;6;7;8;9;10;11;12;13;14;15;16;17;18;19;20;21;22;23;24;25;26;27;28;29;30;32
meta-llama/Meta-Llama-3.1-8B,expertqa,LOO-long,rmd_mean_L4,ref,-0.130393,0.00444,3,0,0;1;2;3;4;5;6;7;8;9;10;11;12;13;14;15;16;17;18;19;20;21;22;23;24;25;26;27;28;29;30;32
meta-llama/Meta-Llama-3.1-8B,expertqa,LOO-long,rmd_mean_L5,ref,-0.026032,0.007498,3,0,0;1;2;3;4;5;6;7;8;9;10;11;12;13;14;15;16;17;18;19;20;21;22;23;24;25;26;27;28;29;30;32
meta-llama/Meta-Llama-3.1-8B,expertqa,LOO-long,rmd_mean_L6,ref,0.013283,0.00709,3,0,0;1;2;3;4;5;6;7;8;9;10;11;12;13;14;15;16;17;18;19;20;21;22;23;24;25;26;27;28;29;30;32
meta-llama/Meta-Llama-3.1-8B,expertqa,LOO-long,rmd_mean_L7,ref,-0.014049,0.003038,3,0,0;1;2;3;4;5;6;7;8;9;10;11;12;13;14;15;16;17;18;19;20;21;22;23;24;25;26;27;28;29;30;32
meta-llama/Meta-Llama-3.1-8B,expertqa,LOO-long,rmd_mean_L8,ref,-0.011928,0.006751,3,0,0;1;2;3;4;5;6;7;8;9;10;11;12;13;14;15;16;17;18;19;20;21;22;23;24;25;26;27;28;29;30;32
meta-llama/Meta-Llama-3.1-8B,expertqa,LOO-long,rmd_mean_L9,ref,-0.005489,0.003927,3,0,0;1;2;3;4;5;6;7;8;9;10;11;12;13;14;15;16;17;18;19;20;21;22;23;24;25;26;27;28;29;30;32
meta-llama/Meta-Llama-3.1-8B,expertqa,LOO-long,satmd_alllayer,ref,-0.171285,0.02418,3,0,0;1;2;3;4;5;6;7;8;9;10;11;12;13;14;15;16;17;18;19;20;21;22;23;24;25;26;27;28;29;30;32
meta-llama/Meta-Llama-3.1-8B,expertqa,LOO-long,satrmd_alllayer,ref,-0.422433,0.043953,3,0,0;1;2;3;4;5;6;7;8;9;10;11;12;13;14;15;16;17;18;19;20;21;22;23;24;25;26;27;28;29;30;32
meta-llama/Meta-Llama-3.1-8B,expertqa,SameTask-long,huq_satmd_alllayer,ref,0.348077,0.0,3,0,0;1;2;3;4;5;6;7;8;9;10;11;12;13;14;15;16;17;18;19;20;21;22;23;24;25;26;27;28;29;30;32
meta-llama/Meta-Llama-3.1-8B,expertqa,SameTask-long,huq_satrmd_alllayer,ref,-0.03838,0.0,3,0,0;1;2;3;4;5;6;7;8;9;10;11;12;13;14;15;16;17;18;19;20;21;22;23;24;25;26;27;28;29;30;32
meta-llama/Meta-Llama-3.1-8B,expertqa,SameTask-long,md_mean_L0,ref,0.246513,0.0,3,0,0;1;2;3;4;5;6;7;8;9;10;11;12;13;14;15;16;17;18;19;20;21;22;23;24;25;26;27;28;29;30;32
meta-llama/Meta-Llama-3.1-8B,expertqa,SameTask-long,md_mean_L1,ref,0.25275,0.0,3,0,0;1;2;3;4;5;6;7;8;9;10;11;12;13;14;15;16;17;18;19;20;21;22;23;24;25;26;27;28;29;30;32
meta-llama/Meta-Llama-3.1-8B,expertqa,SameTask-long,md_mean_L10,ref,0.003628,0.0,3,0,0;1;2;3;4;5;6;7;8;9;10;11;12;13;14;15;16;17;18;19;20;21;22;23;24;25;26;27;28;29;30;32
meta-llama/Meta-Llama-3.1-8B,expertqa,SameTask-long,md_mean_L11,ref,0.027694,0.0,3,0,0;1;2;3;4;5;6;7;8;9;10;11;12;13;14;15;16;17;18;19;20;21;22;23;24;25;26;27;28;29;30;32
meta-llama/Meta-Llama-3.1-8B,expertqa,SameTask-long,md_mean_L12,ref,-0.031214,0.0,3,0,0;1;2;3;4;5;6;7;8;9;10;11;12;13;14;15;16;17;18;19;20;21;22;23;24;25;26;27;28;29;30;32
meta-llama/Meta-Llama-3.1-8B,expertqa,SameTask-long,md_mean_L13,ref,-0.087486,0.0,3,0,0;1;2;3;4;5;6;7;8;9;10;11;12;13;14;15;16;17;18;19;20;21;22;23;24;25;26;27;28;29;30;32
meta-llama/Meta-Llama-3.1-8B,expertqa,SameTask-long,md_mean_L14,ref,-0.162396,0.0,3,0,0;1;2;3;4;5;6;7;8;9;10;11;12;13;14;15;16;17;18;19;20;21;22;23;24;25;26;27;28;29;30;32
meta-llama/Meta-Llama-3.1-8B,expertqa,SameTask-long,md_mean_L15,ref,-0.204538,0.0,3,0,0;1;2;3;4;5;6;7;8;9;10;11;12;13;14;15;16;17;18;19;20;21;22;23;24;25;26;27;28;29;30;32
meta-llama/Meta-Llama-3.1-8B,expertqa,SameTask-long,md_mean_L16,ref,-0.193412,0.0,3,0,0;1;2;3;4;5;6;7;8;9;10;11;12;13;14;15;16;17;18;19;20;21;22;23;24;25;26;27;28;29;30;32
meta-llama/Meta-Llama-3.1-8B,expertqa,SameTask-long,md_mean_L17,ref,-0.183028,0.0,3,0,0;1;2;3;4;5;6;7;8;9;10;11;12;13;14;15;16;17;18;19;20;21;22;23;24;25;26;27;28;29;30;32
meta-llama/Meta-Llama-3.1-8B,expertqa,SameTask-long,md_mean_L18,ref,-0.149537,0.0,3,0,0;1;2;3;4;5;6;7;8;9;10;11;12;13;14;15;16;17;18;19;20;21;22;23;24;25;26;27;28;29;30;32
meta-llama/Meta-Llama-3.1-8B,expertqa,SameTask-long,md_mean_L19,ref,-0.128511,0.0,3,0,0;1;2;3;4;5;6;7;8;9;10;11;12;13;14;15;16;17;18;19;20;21;22;23;24;25;26;27;28;29;30;32
meta-llama/Meta-Llama-3.1-8B,expertqa,SameTask-long,md_mean_L2,ref,0.227037,0.0,3,0,0;1;2;3;4;5;6;7;8;9;10;11;12;13;14;15;16;17;18;19;20;21;22;23;24;25;26;27;28;29;30;32
meta-llama/Meta-Llama-3.1-8B,expertqa,SameTask-long,md_mean_L20,ref,-0.087458,0.0,3,0,0;1;2;3;4;5;6;7;8;9;10;11;12;13;14;15;16;17;18;19;20;21;22;23;24;25;26;27;28;29;30;32
meta-llama/Meta-Llama-3.1-8B,expertqa,SameTask-long,md_mean_L21,ref,-0.093327,0.0,3,0,0;1;2;3;4;5;6;7;8;9;10;11;12;13;14;15;16;17;18;19;20;21;22;23;24;25;26;27;28;29;30;32
meta-llama/Meta-Llama-3.1-8B,expertqa,SameTask-long,md_mean_L22,ref,-0.056721,0.0,3,0,0;1;2;3;4;5;6;7;8;9;10;11;12;13;14;15;16;17;18;19;20;21;22;23;24;25;26;27;28;29;30;32
meta-llama/Meta-Llama-3.1-8B,expertqa,SameTask-long,md_mean_L23,ref,-0.003939,0.0,3,0,0;1;2;3;4;5;6;7;8;9;10;11;12;13;14;15;16;17;18;19;20;21;22;23;24;25;26;27;28;29;30;32
meta-llama/Meta-Llama-3.1-8B,expertqa,SameTask-long,md_mean_L24,ref,-0.000905,0.0,3,0,0;1;2;3;4;5;6;7;8;9;10;11;12;13;14;15;16;17;18;19;20;21;22;23;24;25;26;27;28;29;30;32
meta-llama/Meta-Llama-3.1-8B,expertqa,SameTask-long,md_mean_L25,ref,0.009105,0.0,3,0,0;1;2;3;4;5;6;7;8;9;10;11;12;13;14;15;16;17;18;19;20;21;22;23;24;25;26;27;28;29;30;32
meta-llama/Meta-Llama-3.1-8B,expertqa,SameTask-long,md_mean_L26,ref,0.007903,0.0,3,0,0;1;2;3;4;5;6;7;8;9;10;11;12;13;14;15;16;17;18;19;20;21;22;23;24;25;26;27;28;29;30;32
meta-llama/Meta-Llama-3.1-8B,expertqa,SameTask-long,md_mean_L27,ref,0.010767,0.0,3,0,0;1;2;3;4;5;6;7;8;9;10;11;12;13;14;15;16;17;18;19;20;21;22;23;24;25;26;27;28;29;30;32
meta-llama/Meta-Llama-3.1-8B,expertqa,SameTask-long,md_mean_L28,ref,0.022914,0.0,3,0,0;1;2;3;4;5;6;7;8;9;10;11;12;13;14;15;16;17;18;19;20;21;22;23;24;25;26;27;28;29;30;32
meta-llama/Meta-Llama-3.1-8B,expertqa,SameTask-long,md_mean_L29,ref,0.028695,0.0,3,0,0;1;2;3;4;5;6;7;8;9;10;11;12;13;14;15;16;17;18;19;20;21;22;23;24;25;26;27;28;29;30;32
meta-llama/Meta-Llama-3.1-8B,expertqa,SameTask-long,md_mean_L3,ref,0.214396,0.0,3,0,0;1;2;3;4;5;6;7;8;9;10;11;12;13;14;15;16;17;18;19;20;21;22;23;24;25;26;27;28;29;30;32
meta-llama/Meta-Llama-3.1-8B,expertqa,SameTask-long,md_mean_L30,ref,0.042038,0.0,3,0,0;1;2;3;4;5;6;7;8;9;10;11;12;13;14;15;16;17;18;19;20;21;22;23;24;25;26;27;28;29;30;32
meta-llama/Meta-Llama-3.1-8B,expertqa,SameTask-long,md_mean_L32,ref,-0.009936,0.0,3,0,0;1;2;3;4;5;6;7;8;9;10;11;12;13;14;15;16;17;18;19;20;21;22;23;24;25;26;27;28;29;30;32
meta-llama/Meta-Llama-3.1-8B,expertqa,SameTask-long,md_mean_L4,ref,0.134231,0.0,3,0,0;1;2;3;4;5;6;7;8;9;10;11;12;13;14;15;16;17;18;19;20;21;22;23;24;25;26;27;28;29;30;32
meta-llama/Meta-Llama-3.1-8B,expertqa,SameTask-long,md_mean_L5,ref,0.088314,0.0,3,0,0;1;2;3;4;5;6;7;8;9;10;11;12;13;14;15;16;17;18;19;20;21;22;23;24;25;26;27;28;29;30;32
meta-llama/Meta-Llama-3.1-8B,expertqa,SameTask-long,md_mean_L6,ref,0.072176,0.0,3,0,0;1;2;3;4;5;6;7;8;9;10;11;12;13;14;15;16;17;18;19;20;21;22;23;24;25;26;27;28;29;30;32
meta-llama/Meta-Llama-3.1-8B,expertqa,SameTask-long,md_mean_L7,ref,0.052618,0.0,3,0,0;1;2;3;4;5;6;7;8;9;10;11;12;13;14;15;16;17;18;19;20;21;22;23;24;25;26;27;28;29;30;32
meta-llama/Meta-Llama-3.1-8B,expertqa,SameTask-long,md_mean_L8,ref,0.0595,0.0,3,0,0;1;2;3;4;5;6;7;8;9;10;11;12;13;14;15;16;17;18;19;20;21;22;23;24;25;26;27;28;29;30;32
meta-llama/Meta-Llama-3.1-8B,expertqa,SameTask-long,md_mean_L9,ref,0.047658,0.0,3,0,0;1;2;3;4;5;6;7;8;9;10;11;12;13;14;15;16;17;18;19;20;21;22;23;24;25;26;27;28;29;30;32
meta-llama/Meta-Llama-3.1-8B,expertqa,SameTask-long,rmd_mean_L0,ref,-0.212058,0.0,3,0,0;1;2;3;4;5;6;7;8;9;10;11;12;13;14;15;16;17;18;19;20;21;22;23;24;25;26;27;28;29;30;32
meta-llama/Meta-Llama-3.1-8B,expertqa,SameTask-long,rmd_mean_L1,ref,-0.194438,0.0,3,0,0;1;2;3;4;5;6;7;8;9;10;11;12;13;14;15;16;17;18;19;20;21;22;23;24;25;26;27;28;29;30;32
meta-llama/Meta-Llama-3.1-8B,expertqa,SameTask-long,rmd_mean_L10,ref,-0.079997,0.0,3,0,0;1;2;3;4;5;6;7;8;9;10;11;12;13;14;15;16;17;18;19;20;21;22;23;24;25;26;27;28;29;30;32
meta-llama/Meta-Llama-3.1-8B,expertqa,SameTask-long,rmd_mean_L11,ref,-0.081268,0.0,3,0,0;1;2;3;4;5;6;7;8;9;10;11;12;13;14;15;16;17;18;19;20;21;22;23;24;25;26;27;28;29;30;32
meta-llama/Meta-Llama-3.1-8B,expertqa,SameTask-long,rmd_mean_L12,ref,-0.116909,0.0,3,0,0;1;2;3;4;5;6;7;8;9;10;11;12;13;14;15;16;17;18;19;20;21;22;23;24;25;26;27;28;29;30;32
meta-llama/Meta-Llama-3.1-8B,expertqa,SameTask-long,rmd_mean_L13,ref,-0.127416,0.0,3,0,0;1;2;3;4;5;6;7;8;9;10;11;12;13;14;15;16;17;18;19;20;21;22;23;24;25;26;27;28;29;30;32
meta-llama/Meta-Llama-3.1-8B,expertqa,SameTask-long,rmd_mean_L14,ref,-0.162327,0.0,3,0,0;1;2;3;4;5;6;7;8;9;10;11;12;13;14;15;16;17;18;19;20;21;22;23;24;25;26;27;28;29;30;32
meta-llama/Meta-Llama-3.1-8B,expertqa,SameTask-long,rmd_mean_L15,ref,-0.154308,0.0,3,0,0;1;2;3;4;5;6;7;8;9;10;11;12;13;14;15;16;17;18;19;20;21;22;23;24;25;26;27;28;29;30;32
meta-llama/Meta-Llama-3.1-8B,expertqa,SameTask-long,rmd_mean_L16,ref,-0.066968,0.0,3,0,0;1;2;3;4;5;6;7;8;9;10;11;12;13;14;15;16;17;18;19;20;21;22;23;24;25;26;27;28;29;30;32
meta-llama/Meta-Llama-3.1-8B,expertqa,SameTask-long,rmd_mean_L17,ref,-0.062951,0.0,3,0,0;1;2;3;4;5;6;7;8;9;10;11;12;13;14;15;16;17;18;19;20;21;22;23;24;25;26;27;28;29;30;32
meta-llama/Meta-Llama-3.1-8B,expertqa,SameTask-long,rmd_mean_L18,ref,-0.067463,0.0,3,0,0;1;2;3;4;5;6;7;8;9;10;11;12;13;14;15;16;17;18;19;20;21;22;23;24;25;26;27;28;29;30;32
meta-llama/Meta-Llama-3.1-8B,expertqa,SameTask-long,rmd_mean_L19,ref,-0.062715,0.0,3,0,0;1;2;3;4;5;6;7;8;9;10;11;12;13;14;15;16;17;18;19;20;21;22;23;24;25;26;27;28;29;30;32
meta-llama/Meta-Llama-3.1-8B,expertqa,SameTask-long,rmd_mean_L2,ref,-0.240086,0.0,3,0,0;1;2;3;4;5;6;7;8;9;10;11;12;13;14;15;16;17;18;19;20;21;22;23;24;25;26;27;28;29;30;32
meta-llama/Meta-Llama-3.1-8B,expertqa,SameTask-long,rmd_mean_L20,ref,-0.031439,0.0,3,0,0;1;2;3;4;5;6;7;8;9;10;11;12;13;14;15;16;17;18;19;20;21;22;23;24;25;26;27;28;29;30;32
meta-llama/Meta-Llama-3.1-8B,expertqa,SameTask-long,rmd_mean_L21,ref,-0.046088,0.0,3,0,0;1;2;3;4;5;6;7;8;9;10;11;12;13;14;15;16;17;18;19;20;21;22;23;24;25;26;27;28;29;30;32
meta-llama/Meta-Llama-3.1-8B,expertqa,SameTask-long,rmd_mean_L22,ref,-0.042094,0.0,3,0,0;1;2;3;4;5;6;7;8;9;10;11;12;13;14;15;16;17;18;19;20;21;22;23;24;25;26;27;28;29;30;32
meta-llama/Meta-Llama-3.1-8B,expertqa,SameTask-long,rmd_mean_L23,ref,-0.028864,0.0,3,0,0;1;2;3;4;5;6;7;8;9;10;11;12;13;14;15;16;17;18;19;20;21;22;23;24;25;26;27;28;29;30;32
meta-llama/Meta-Llama-3.1-8B,expertqa,SameTask-long,rmd_mean_L24,ref,-0.037644,0.0,3,0,0;1;2;3;4;5;6;7;8;9;10;11;12;13;14;15;16;17;18;19;20;21;22;23;24;25;26;27;28;29;30;32
meta-llama/Meta-Llama-3.1-8B,expertqa,SameTask-long,rmd_mean_L25,ref,-0.049042,0.0,3,0,0;1;2;3;4;5;6;7;8;9;10;11;12;13;14;15;16;17;18;19;20;21;22;23;24;25;26;27;28;29;30;32
meta-llama/Meta-Llama-3.1-8B,expertqa,SameTask-long,rmd_mean_L26,ref,-0.023128,0.0,3,0,0;1;2;3;4;5;6;7;8;9;10;11;12;13;14;15;16;17;18;19;20;21;22;23;24;25;26;27;28;29;30;32
meta-llama/Meta-Llama-3.1-8B,expertqa,SameTask-long,rmd_mean_L27,ref,-0.024127,0.0,3,0,0;1;2;3;4;5;6;7;8;9;10;11;12;13;14;15;16;17;18;19;20;21;22;23;24;25;26;27;28;29;30;32
meta-llama/Meta-Llama-3.1-8B,expertqa,SameTask-long,rmd_mean_L28,ref,0.009705,0.0,3,0,0;1;2;3;4;5;6;7;8;9;10;11;12;13;14;15;16;17;18;19;20;21;22;23;24;25;26;27;28;29;30;32
meta-llama/Meta-Llama-3.1-8B,expertqa,SameTask-long,rmd_mean_L29,ref,0.001935,0.0,3,0,0;1;2;3;4;5;6;7;8;9;10;11;12;13;14;15;16;17;18;19;20;21;22;23;24;25;26;27;28;29;30;32
meta-llama/Meta-Llama-3.1-8B,expertqa,SameTask-long,rmd_mean_L3,ref,-0.154355,0.0,3,0,0;1;2;3;4;5;6;7;8;9;10;11;12;13;14;15;16;17;18;19;20;21;22;23;24;25;26;27;28;29;30;32
meta-llama/Meta-Llama-3.1-8B,expertqa,SameTask-long,rmd_mean_L30,ref,0.015351,0.0,3,0,0;1;2;3;4;5;6;7;8;9;10;11;12;13;14;15;16;17;18;19;20;21;22;23;24;25;26;27;28;29;30;32
meta-llama/Meta-Llama-3.1-8B,expertqa,SameTask-long,rmd_mean_L32,ref,-0.020986,0.0,3,0,0;1;2;3;4;5;6;7;8;9;10;11;12;13;14;15;16;17;18;19;20;21;22;23;24;25;26;27;28;29;30;32
meta-llama/Meta-Llama-3.1-8B,expertqa,SameTask-long,rmd_mean_L4,ref,-0.127159,0.0,3,0,0;1;2;3;4;5;6;7;8;9;10;11;12;13;14;15;16;17;18;19;20;21;22;23;24;25;26;27;28;29;30;32
meta-llama/Meta-Llama-3.1-8B,expertqa,SameTask-long,rmd_mean_L5,ref,-0.030141,0.0,3,0,0;1;2;3;4;5;6;7;8;9;10;11;12;13;14;15;16;17;18;19;20;21;22;23;24;25;26;27;28;29;30;32
meta-llama/Meta-Llama-3.1-8B,expertqa,SameTask-long,rmd_mean_L6,ref,-0.003987,0.0,3,0,0;1;2;3;4;5;6;7;8;9;10;11;12;13;14;15;16;17;18;19;20;21;22;23;24;25;26;27;28;29;30;32
meta-llama/Meta-Llama-3.1-8B,expertqa,SameTask-long,rmd_mean_L7,ref,-0.03526,0.0,3,0,0;1;2;3;4;5;6;7;8;9;10;11;12;13;14;15;16;17;18;19;20;21;22;23;24;25;26;27;28;29;30;32
meta-llama/Meta-Llama-3.1-8B,expertqa,SameTask-long,rmd_mean_L8,ref,-0.025243,0.0,3,0,0;1;2;3;4;5;6;7;8;9;10;11;12;13;14;15;16;17;18;19;20;21;22;23;24;25;26;27;28;29;30;32
meta-llama/Meta-Llama-3.1-8B,expertqa,SameTask-long,rmd_mean_L9,ref,-0.031995,0.0,3,0,0;1;2;3;4;5;6;7;8;9;10;11;12;13;14;15;16;17;18;19;20;21;22;23;24;25;26;27;28;29;30;32
meta-llama/Meta-Llama-3.1-8B,expertqa,SameTask-long,satmd_alllayer,ref,0.261879,0.0,3,0,0;1;2;3;4;5;6;7;8;9;10;11;12;13;14;15;16;17;18;19;20;21;22;23;24;25;26;27;28;29;30;32
meta-llama/Meta-Llama-3.1-8B,expertqa,SameTask-long,satrmd_alllayer,ref,-0.084152,0.0,3,0,0;1;2;3;4;5;6;7;8;9;10;11;12;13;14;15;16;17;18;19;20;21;22;23;24;25;26;27;28;29;30;32
meta-llama/Meta-Llama-3.1-8B,factscore,1ds-Diff-long,huq_satmd_alllayer,ref,-0.033845,0.0,3,0,0;1;2;3;4;5;6;7;8;9;10;11;12;13;14;15;16;17;18;19;20;21;22;23;24;25;26;27;28;29;30;32
meta-llama/Meta-Llama-3.1-8B,factscore,1ds-Diff-long,huq_satrmd_alllayer,ref,0.027824,0.0,3,0,0;1;2;3;4;5;6;7;8;9;10;11;12;13;14;15;16;17;18;19;20;21;22;23;24;25;26;27;28;29;30;32
meta-llama/Meta-Llama-3.1-8B,factscore,1ds-Diff-long,md_mean_L0,ref,0.058402,0.0,3,0,0;1;2;3;4;5;6;7;8;9;10;11;12;13;14;15;16;17;18;19;20;21;22;23;24;25;26;27;28;29;30;32
meta-llama/Meta-Llama-3.1-8B,factscore,1ds-Diff-long,md_mean_L1,ref,0.166398,0.0,3,0,0;1;2;3;4;5;6;7;8;9;10;11;12;13;14;15;16;17;18;19;20;21;22;23;24;25;26;27;28;29;30;32
meta-llama/Meta-Llama-3.1-8B,factscore,1ds-Diff-long,md_mean_L10,ref,-0.171051,0.0,3,0,0;1;2;3;4;5;6;7;8;9;10;11;12;13;14;15;16;17;18;19;20;21;22;23;24;25;26;27;28;29;30;32
meta-llama/Meta-Llama-3.1-8B,factscore,1ds-Diff-long,md_mean_L11,ref,-0.074103,0.0,3,0,0;1;2;3;4;5;6;7;8;9;10;11;12;13;14;15;16;17;18;19;20;21;22;23;24;25;26;27;28;29;30;32
meta-llama/Meta-Llama-3.1-8B,factscore,1ds-Diff-long,md_mean_L12,ref,-0.077388,0.0,3,0,0;1;2;3;4;5;6;7;8;9;10;11;12;13;14;15;16;17;18;19;20;21;22;23;24;25;26;27;28;29;30;32
meta-llama/Meta-Llama-3.1-8B,factscore,1ds-Diff-long,md_mean_L13,ref,0.126787,0.0,3,0,0;1;2;3;4;5;6;7;8;9;10;11;12;13;14;15;16;17;18;19;20;21;22;23;24;25;26;27;28;29;30;32
meta-llama/Meta-Llama-3.1-8B,factscore,1ds-Diff-long,md_mean_L14,ref,-0.099543,0.0,3,0,0;1;2;3;4;5;6;7;8;9;10;11;12;13;14;15;16;17;18;19;20;21;22;23;24;25;26;27;28;29;30;32
meta-llama/Meta-Llama-3.1-8B,factscore,1ds-Diff-long,md_mean_L15,ref,0.001539,0.0,3,0,0;1;2;3;4;5;6;7;8;9;10;11;12;13;14;15;16;17;18;19;20;21;22;23;24;25;26;27;28;29;30;32
meta-llama/Meta-Llama-3.1-8B,factscore,1ds-Diff-long,md_mean_L16,ref,-0.010405,0.0,3,0,0;1;2;3;4;5;6;7;8;9;10;11;12;13;14;15;16;17;18;19;20;21;22;23;24;25;26;27;28;29;30;32
meta-llama/Meta-Llama-3.1-8B,factscore,1ds-Diff-long,md_mean_L17,ref,-0.049478,0.0,3,0,0;1;2;3;4;5;6;7;8;9;10;11;12;13;14;15;16;17;18;19;20;21;22;23;24;25;26;27;28;29;30;32
meta-llama/Meta-Llama-3.1-8B,factscore,1ds-Diff-long,md_mean_L18,ref,-0.010769,0.0,3,0,0;1;2;3;4;5;6;7;8;9;10;11;12;13;14;15;16;17;18;19;20;21;22;23;24;25;26;27;28;29;30;32
meta-llama/Meta-Llama-3.1-8B,factscore,1ds-Diff-long,md_mean_L19,ref,-0.086757,0.0,3,0,0;1;2;3;4;5;6;7;8;9;10;11;12;13;14;15;16;17;18;19;20;21;22;23;24;25;26;27;28;29;30;32
meta-llama/Meta-Llama-3.1-8B,factscore,1ds-Diff-long,md_mean_L2,ref,0.118046,0.0,3,0,0;1;2;3;4;5;6;7;8;9;10;11;12;13;14;15;16;17;18;19;20;21;22;23;24;25;26;27;28;29;30;32
meta-llama/Meta-Llama-3.1-8B,factscore,1ds-Diff-long,md_mean_L20,ref,-0.058098,0.0,3,0,0;1;2;3;4;5;6;7;8;9;10;11;12;13;14;15;16;17;18;19;20;21;22;23;24;25;26;27;28;29;30;32
meta-llama/Meta-Llama-3.1-8B,factscore,1ds-Diff-long,md_mean_L21,ref,0.062927,0.0,3,0,0;1;2;3;4;5;6;7;8;9;10;11;12;13;14;15;16;17;18;19;20;21;22;23;24;25;26;27;28;29;30;32
meta-llama/Meta-Llama-3.1-8B,factscore,1ds-Diff-long,md_mean_L22,ref,0.155435,0.0,3,0,0;1;2;3;4;5;6;7;8;9;10;11;12;13;14;15;16;17;18;19;20;21;22;23;24;25;26;27;28;29;30;32
meta-llama/Meta-Llama-3.1-8B,factscore,1ds-Diff-long,md_mean_L23,ref,0.138671,0.0,3,0,0;1;2;3;4;5;6;7;8;9;10;11;12;13;14;15;16;17;18;19;20;21;22;23;24;25;26;27;28;29;30;32
meta-llama/Meta-Llama-3.1-8B,factscore,1ds-Diff-long,md_mean_L24,ref,0.172298,0.0,3,0,0;1;2;3;4;5;6;7;8;9;10;11;12;13;14;15;16;17;18;19;20;21;22;23;24;25;26;27;28;29;30;32
meta-llama/Meta-Llama-3.1-8B,factscore,1ds-Diff-long,md_mean_L25,ref,0.196708,0.0,3,0,0;1;2;3;4;5;6;7;8;9;10;11;12;13;14;15;16;17;18;19;20;21;22;23;24;25;26;27;28;29;30;32
meta-llama/Meta-Llama-3.1-8B,factscore,1ds-Diff-long,md_mean_L26,ref,0.204989,0.0,3,0,0;1;2;3;4;5;6;7;8;9;10;11;12;13;14;15;16;17;18;19;20;21;22;23;24;25;26;27;28;29;30;32
meta-llama/Meta-Llama-3.1-8B,factscore,1ds-Diff-long,md_mean_L27,ref,0.211583,0.0,3,0,0;1;2;3;4;5;6;7;8;9;10;11;12;13;14;15;16;17;18;19;20;21;22;23;24;25;26;27;28;29;30;32
meta-llama/Meta-Llama-3.1-8B,factscore,1ds-Diff-long,md_mean_L28,ref,0.215443,0.0,3,0,0;1;2;3;4;5;6;7;8;9;10;11;12;13;14;15;16;17;18;19;20;21;22;23;24;25;26;27;28;29;30;32
meta-llama/Meta-Llama-3.1-8B,factscore,1ds-Diff-long,md_mean_L29,ref,0.222011,0.0,3,0,0;1;2;3;4;5;6;7;8;9;10;11;12;13;14;15;16;17;18;19;20;21;22;23;24;25;26;27;28;29;30;32
meta-llama/Meta-Llama-3.1-8B,factscore,1ds-Diff-long,md_mean_L3,ref,0.139175,0.0,3,0,0;1;2;3;4;5;6;7;8;9;10;11;12;13;14;15;16;17;18;19;20;21;22;23;24;25;26;27;28;29;30;32
meta-llama/Meta-Llama-3.1-8B,factscore,1ds-Diff-long,md_mean_L30,ref,0.233273,0.0,3,0,0;1;2;3;4;5;6;7;8;9;10;11;12;13;14;15;16;17;18;19;20;21;22;23;24;25;26;27;28;29;30;32
meta-llama/Meta-Llama-3.1-8B,factscore,1ds-Diff-long,md_mean_L32,ref,-0.217617,0.0,3,0,0;1;2;3;4;5;6;7;8;9;10;11;12;13;14;15;16;17;18;19;20;21;22;23;24;25;26;27;28;29;30;32
meta-llama/Meta-Llama-3.1-8B,factscore,1ds-Diff-long,md_mean_L4,ref,0.122723,0.0,3,0,0;1;2;3;4;5;6;7;8;9;10;11;12;13;14;15;16;17;18;19;20;21;22;23;24;25;26;27;28;29;30;32
meta-llama/Meta-Llama-3.1-8B,factscore,1ds-Diff-long,md_mean_L5,ref,0.017698,0.0,3,0,0;1;2;3;4;5;6;7;8;9;10;11;12;13;14;15;16;17;18;19;20;21;22;23;24;25;26;27;28;29;30;32
meta-llama/Meta-Llama-3.1-8B,factscore,1ds-Diff-long,md_mean_L6,ref,-0.057697,0.0,3,0,0;1;2;3;4;5;6;7;8;9;10;11;12;13;14;15;16;17;18;19;20;21;22;23;24;25;26;27;28;29;30;32
meta-llama/Meta-Llama-3.1-8B,factscore,1ds-Diff-long,md_mean_L7,ref,-0.056145,0.0,3,0,0;1;2;3;4;5;6;7;8;9;10;11;12;13;14;15;16;17;18;19;20;21;22;23;24;25;26;27;28;29;30;32
meta-llama/Meta-Llama-3.1-8B,factscore,1ds-Diff-long,md_mean_L8,ref,-0.082849,0.0,3,0,0;1;2;3;4;5;6;7;8;9;10;11;12;13;14;15;16;17;18;19;20;21;22;23;24;25;26;27;28;29;30;32
meta-llama/Meta-Llama-3.1-8B,factscore,1ds-Diff-long,md_mean_L9,ref,-0.121254,0.0,3,0,0;1;2;3;4;5;6;7;8;9;10;11;12;13;14;15;16;17;18;19;20;21;22;23;24;25;26;27;28;29;30;32
meta-llama/Meta-Llama-3.1-8B,factscore,1ds-Diff-long,rmd_mean_L0,ref,0.059271,0.0,3,0,0;1;2;3;4;5;6;7;8;9;10;11;12;13;14;15;16;17;18;19;20;21;22;23;24;25;26;27;28;29;30;32
meta-llama/Meta-Llama-3.1-8B,factscore,1ds-Diff-long,rmd_mean_L1,ref,0.166741,0.0,3,0,0;1;2;3;4;5;6;7;8;9;10;11;12;13;14;15;16;17;18;19;20;21;22;23;24;25;26;27;28;29;30;32
meta-llama/Meta-Llama-3.1-8B,factscore,1ds-Diff-long,rmd_mean_L10,ref,-0.080572,0.0,3,0,0;1;2;3;4;5;6;7;8;9;10;11;12;13;14;15;16;17;18;19;20;21;22;23;24;25;26;27;28;29;30;32
meta-llama/Meta-Llama-3.1-8B,factscore,1ds-Diff-long,rmd_mean_L11,ref,0.036892,0.0,3,0,0;1;2;3;4;5;6;7;8;9;10;11;12;13;14;15;16;17;18;19;20;21;22;23;24;25;26;27;28;29;30;32
meta-llama/Meta-Llama-3.1-8B,factscore,1ds-Diff-long,rmd_mean_L12,ref,-0.021571,0.0,3,0,0;1;2;3;4;5;6;7;8;9;10;11;12;13;14;15;16;17;18;19;20;21;22;23;24;25;26;27;28;29;30;32
meta-llama/Meta-Llama-3.1-8B,factscore,1ds-Diff-long,rmd_mean_L13,ref,0.135543,0.0,3,0,0;1;2;3;4;5;6;7;8;9;10;11;12;13;14;15;16;17;18;19;20;21;22;23;24;25;26;27;28;29;30;32
meta-llama/Meta-Llama-3.1-8B,factscore,1ds-Diff-long,rmd_mean_L14,ref,-0.026771,0.0,3,0,0;1;2;3;4;5;6;7;8;9;10;11;12;13;14;15;16;17;18;19;20;21;22;23;24;25;26;27;28;29;30;32
meta-llama/Meta-Llama-3.1-8B,factscore,1ds-Diff-long,rmd_mean_L15,ref,0.009176,0.0,3,0,0;1;2;3;4;5;6;7;8;9;10;11;12;13;14;15;16;17;18;19;20;21;22;23;24;25;26;27;28;29;30;32
meta-llama/Meta-Llama-3.1-8B,factscore,1ds-Diff-long,rmd_mean_L16,ref,0.003962,0.0,3,0,0;1;2;3;4;5;6;7;8;9;10;11;12;13;14;15;16;17;18;19;20;21;22;23;24;25;26;27;28;29;30;32
meta-llama/Meta-Llama-3.1-8B,factscore,1ds-Diff-long,rmd_mean_L17,ref,-0.023873,0.0,3,0,0;1;2;3;4;5;6;7;8;9;10;11;12;13;14;15;16;17;18;19;20;21;22;23;24;25;26;27;28;29;30;32
meta-llama/Meta-Llama-3.1-8B,factscore,1ds-Diff-long,rmd_mean_L18,ref,-0.020962,0.0,3,0,0;1;2;3;4;5;6;7;8;9;10;11;12;13;14;15;16;17;18;19;20;21;22;23;24;25;26;27;28;29;30;32
meta-llama/Meta-Llama-3.1-8B,factscore,1ds-Diff-long,rmd_mean_L19,ref,-0.016477,0.0,3,0,0;1;2;3;4;5;6;7;8;9;10;11;12;13;14;15;16;17;18;19;20;21;22;23;24;25;26;27;28;29;30;32
meta-llama/Meta-Llama-3.1-8B,factscore,1ds-Diff-long,rmd_mean_L2,ref,0.177508,0.0,3,0,0;1;2;3;4;5;6;7;8;9;10;11;12;13;14;15;16;17;18;19;20;21;22;23;24;25;26;27;28;29;30;32
meta-llama/Meta-Llama-3.1-8B,factscore,1ds-Diff-long,rmd_mean_L20,ref,0.055834,0.0,3,0,0;1;2;3;4;5;6;7;8;9;10;11;12;13;14;15;16;17;18;19;20;21;22;23;24;25;26;27;28;29;30;32
meta-llama/Meta-Llama-3.1-8B,factscore,1ds-Diff-long,rmd_mean_L21,ref,0.142417,0.0,3,0,0;1;2;3;4;5;6;7;8;9;10;11;12;13;14;15;16;17;18;19;20;21;22;23;24;25;26;27;28;29;30;32
meta-llama/Meta-Llama-3.1-8B,factscore,1ds-Diff-long,rmd_mean_L22,ref,0.191962,0.0,3,0,0;1;2;3;4;5;6;7;8;9;10;11;12;13;14;15;16;17;18;19;20;21;22;23;24;25;26;27;28;29;30;32
meta-llama/Meta-Llama-3.1-8B,factscore,1ds-Diff-long,rmd_mean_L23,ref,0.21617,0.0,3,0,0;1;2;3;4;5;6;7;8;9;10;11;12;13;14;15;16;17;18;19;20;21;22;23;24;25;26;27;28;29;30;32
meta-llama/Meta-Llama-3.1-8B,factscore,1ds-Diff-long,rmd_mean_L24,ref,0.23289,0.0,3,0,0;1;2;3;4;5;6;7;8;9;10;11;12;13;14;15;16;17;18;19;20;21;22;23;24;25;26;27;28;29;30;32
meta-llama/Meta-Llama-3.1-8B,factscore,1ds-Diff-long,rmd_mean_L25,ref,0.254704,0.0,3,0,0;1;2;3;4;5;6;7;8;9;10;11;12;13;14;15;16;17;18;19;20;21;22;23;24;25;26;27;28;29;30;32
meta-llama/Meta-Llama-3.1-8B,factscore,1ds-Diff-long,rmd_mean_L26,ref,0.275024,0.0,3,0,0;1;2;3;4;5;6;7;8;9;10;11;12;13;14;15;16;17;18;19;20;21;22;23;24;25;26;27;28;29;30;32
meta-llama/Meta-Llama-3.1-8B,factscore,1ds-Diff-long,rmd_mean_L27,ref,0.272618,0.0,3,0,0;1;2;3;4;5;6;7;8;9;10;11;12;13;14;15;16;17;18;19;20;21;22;23;24;25;26;27;28;29;30;32
meta-llama/Meta-Llama-3.1-8B,factscore,1ds-Diff-long,rmd_mean_L28,ref,0.27559,0.0,3,0,0;1;2;3;4;5;6;7;8;9;10;11;12;13;14;15;16;17;18;19;20;21;22;23;24;25;26;27;28;29;30;32
meta-llama/Meta-Llama-3.1-8B,factscore,1ds-Diff-long,rmd_mean_L29,ref,0.297541,0.0,3,0,0;1;2;3;4;5;6;7;8;9;10;11;12;13;14;15;16;17;18;19;20;21;22;23;24;25;26;27;28;29;30;32
meta-llama/Meta-Llama-3.1-8B,factscore,1ds-Diff-long,rmd_mean_L3,ref,0.130039,0.0,3,0,0;1;2;3;4;5;6;7;8;9;10;11;12;13;14;15;16;17;18;19;20;21;22;23;24;25;26;27;28;29;30;32
meta-llama/Meta-Llama-3.1-8B,factscore,1ds-Diff-long,rmd_mean_L30,ref,0.300085,0.0,3,0,0;1;2;3;4;5;6;7;8;9;10;11;12;13;14;15;16;17;18;19;20;21;22;23;24;25;26;27;28;29;30;32
meta-llama/Meta-Llama-3.1-8B,factscore,1ds-Diff-long,rmd_mean_L32,ref,-0.077519,0.0,3,0,0;1;2;3;4;5;6;7;8;9;10;11;12;13;14;15;16;17;18;19;20;21;22;23;24;25;26;27;28;29;30;32
meta-llama/Meta-Llama-3.1-8B,factscore,1ds-Diff-long,rmd_mean_L4,ref,0.088617,0.0,3,0,0;1;2;3;4;5;6;7;8;9;10;11;12;13;14;15;16;17;18;19;20;21;22;23;24;25;26;27;28;29;30;32
meta-llama/Meta-Llama-3.1-8B,factscore,1ds-Diff-long,rmd_mean_L5,ref,0.008412,0.0,3,0,0;1;2;3;4;5;6;7;8;9;10;11;12;13;14;15;16;17;18;19;20;21;22;23;24;25;26;27;28;29;30;32
meta-llama/Meta-Llama-3.1-8B,factscore,1ds-Diff-long,rmd_mean_L6,ref,0.000164,0.0,3,0,0;1;2;3;4;5;6;7;8;9;10;11;12;13;14;15;16;17;18;19;20;21;22;23;24;25;26;27;28;29;30;32
meta-llama/Meta-Llama-3.1-8B,factscore,1ds-Diff-long,rmd_mean_L7,ref,0.01131,0.0,3,0,0;1;2;3;4;5;6;7;8;9;10;11;12;13;14;15;16;17;18;19;20;21;22;23;24;25;26;27;28;29;30;32
meta-llama/Meta-Llama-3.1-8B,factscore,1ds-Diff-long,rmd_mean_L8,ref,-0.06009,0.0,3,0,0;1;2;3;4;5;6;7;8;9;10;11;12;13;14;15;16;17;18;19;20;21;22;23;24;25;26;27;28;29;30;32
meta-llama/Meta-Llama-3.1-8B,factscore,1ds-Diff-long,rmd_mean_L9,ref,-0.09006,0.0,3,0,0;1;2;3;4;5;6;7;8;9;10;11;12;13;14;15;16;17;18;19;20;21;22;23;24;25;26;27;28;29;30;32
meta-llama/Meta-Llama-3.1-8B,factscore,1ds-Diff-long,satmd_alllayer,ref,-0.25805,0.0,3,0,0;1;2;3;4;5;6;7;8;9;10;11;12;13;14;15;16;17;18;19;20;21;22;23;24;25;26;27;28;29;30;32
meta-llama/Meta-Llama-3.1-8B,factscore,1ds-Diff-long,satrmd_alllayer,ref,-0.075001,0.0,3,0,0;1;2;3;4;5;6;7;8;9;10;11;12;13;14;15;16;17;18;19;20;21;22;23;24;25;26;27;28;29;30;32
meta-llama/Meta-Llama-3.1-8B,factscore,DiffTask-long,huq_satmd_alllayer,ref,0.004014,0.026652,3,0,0;1;2;3;4;5;6;7;8;9;10;11;12;13;14;15;16;17;18;19;20;21;22;23;24;25;26;27;28;29;30;32
meta-llama/Meta-Llama-3.1-8B,factscore,DiffTask-long,huq_satrmd_alllayer,ref,-0.000726,0.068598,3,0,0;1;2;3;4;5;6;7;8;9;10;11;12;13;14;15;16;17;18;19;20;21;22;23;24;25;26;27;28;29;30;32
meta-llama/Meta-Llama-3.1-8B,factscore,DiffTask-long,md_mean_L0,ref,-0.006617,0.013357,3,0,0;1;2;3;4;5;6;7;8;9;10;11;12;13;14;15;16;17;18;19;20;21;22;23;24;25;26;27;28;29;30;32
meta-llama/Meta-Llama-3.1-8B,factscore,DiffTask-long,md_mean_L1,ref,0.084499,0.005728,3,0,0;1;2;3;4;5;6;7;8;9;10;11;12;13;14;15;16;17;18;19;20;21;22;23;24;25;26;27;28;29;30;32
meta-llama/Meta-Llama-3.1-8B,factscore,DiffTask-long,md_mean_L10,ref,0.080261,0.036209,3,0,0;1;2;3;4;5;6;7;8;9;10;11;12;13;14;15;16;17;18;19;20;21;22;23;24;25;26;27;28;29;30;32
meta-llama/Meta-Llama-3.1-8B,factscore,DiffTask-long,md_mean_L11,ref,0.129797,0.028204,3,0,0;1;2;3;4;5;6;7;8;9;10;11;12;13;14;15;16;17;18;19;20;21;22;23;24;25;26;27;28;29;30;32
meta-llama/Meta-Llama-3.1-8B,factscore,DiffTask-long,md_mean_L12,ref,0.160838,0.01848,3,0,0;1;2;3;4;5;6;7;8;9;10;11;12;13;14;15;16;17;18;19;20;21;22;23;24;25;26;27;28;29;30;32
meta-llama/Meta-Llama-3.1-8B,factscore,DiffTask-long,md_mean_L13,ref,0.296526,0.01353,3,0,0;1;2;3;4;5;6;7;8;9;10;11;12;13;14;15;16;17;18;19;20;21;22;23;24;25;26;27;28;29;30;32
meta-llama/Meta-Llama-3.1-8B,factscore,DiffTask-long,md_mean_L14,ref,0.280251,0.021374,3,0,0;1;2;3;4;5;6;7;8;9;10;11;12;13;14;15;16;17;18;19;20;21;22;23;24;25;26;27;28;29;30;32
meta-llama/Meta-Llama-3.1-8B,factscore,DiffTask-long,md_mean_L15,ref,0.365843,0.016573,3,0,0;1;2;3;4;5;6;7;8;9;10;11;12;13;14;15;16;17;18;19;20;21;22;23;24;25;26;27;28;29;30;32
meta-llama/Meta-Llama-3.1-8B,factscore,DiffTask-long,md_mean_L16,ref,0.310895,0.038456,3,0,0;1;2;3;4;5;6;7;8;9;10;11;12;13;14;15;16;17;18;19;20;21;22;23;24;25;26;27;28;29;30;32
meta-llama/Meta-Llama-3.1-8B,factscore,DiffTask-long,md_mean_L17,ref,0.25213,0.048254,3,0,0;1;2;3;4;5;6;7;8;9;10;11;12;13;14;15;16;17;18;19;20;21;22;23;24;25;26;27;28;29;30;32
meta-llama/Meta-Llama-3.1-8B,factscore,DiffTask-long,md_mean_L18,ref,0.242147,0.049554,3,0,0;1;2;3;4;5;6;7;8;9;10;11;12;13;14;15;16;17;18;19;20;21;22;23;24;25;26;27;28;29;30;32
meta-llama/Meta-Llama-3.1-8B,factscore,DiffTask-long,md_mean_L19,ref,0.086642,0.058486,3,0,0;1;2;3;4;5;6;7;8;9;10;11;12;13;14;15;16;17;18;19;20;21;22;23;24;25;26;27;28;29;30;32
meta-llama/Meta-Llama-3.1-8B,factscore,DiffTask-long,md_mean_L2,ref,0.077926,0.010099,3,0,0;1;2;3;4;5;6;7;8;9;10;11;12;13;14;15;16;17;18;19;20;21;22;23;24;25;26;27;28;29;30;32
meta-llama/Meta-Llama-3.1-8B,factscore,DiffTask-long,md_mean_L20,ref,-0.034801,0.047659,3,0,0;1;2;3;4;5;6;7;8;9;10;11;12;13;14;15;16;17;18;19;20;21;22;23;24;25;26;27;28;29;30;32
meta-llama/Meta-Llama-3.1-8B,factscore,DiffTask-long,md_mean_L21,ref,0.007964,0.047023,3,0,0;1;2;3;4;5;6;7;8;9;10;11;12;13;14;15;16;17;18;19;20;21;22;23;24;25;26;27;28;29;30;32
meta-llama/Meta-Llama-3.1-8B,factscore,DiffTask-long,md_mean_L22,ref,0.066949,0.0387,3,0,0;1;2;3;4;5;6;7;8;9;10;11;12;13;14;15;16;17;18;19;20;21;22;23;24;25;26;27;28;29;30;32
meta-llama/Meta-Llama-3.1-8B,factscore,DiffTask-long,md_mean_L23,ref,0.011626,0.0349,3,0,0;1;2;3;4;5;6;7;8;9;10;11;12;13;14;15;16;17;18;19;20;21;22;23;24;25;26;27;28;29;30;32
meta-llama/Meta-Llama-3.1-8B,factscore,DiffTask-long,md_mean_L24,ref,0.027493,0.039176,3,0,0;1;2;3;4;5;6;7;8;9;10;11;12;13;14;15;16;17;18;19;20;21;22;23;24;25;26;27;28;29;30;32
meta-llama/Meta-Llama-3.1-8B,factscore,DiffTask-long,md_mean_L25,ref,0.008055,0.034427,3,0,0;1;2;3;4;5;6;7;8;9;10;11;12;13;14;15;16;17;18;19;20;21;22;23;24;25;26;27;28;29;30;32
meta-llama/Meta-Llama-3.1-8B,factscore,DiffTask-long,md_mean_L26,ref,-0.00727,0.032062,3,0,0;1;2;3;4;5;6;7;8;9;10;11;12;13;14;15;16;17;18;19;20;21;22;23;24;25;26;27;28;29;30;32
meta-llama/Meta-Llama-3.1-8B,factscore,DiffTask-long,md_mean_L27,ref,-0.022182,0.027038,3,0,0;1;2;3;4;5;6;7;8;9;10;11;12;13;14;15;16;17;18;19;20;21;22;23;24;25;26;27;28;29;30;32
meta-llama/Meta-Llama-3.1-8B,factscore,DiffTask-long,md_mean_L28,ref,-0.020799,0.025072,3,0,0;1;2;3;4;5;6;7;8;9;10;11;12;13;14;15;16;17;18;19;20;21;22;23;24;25;26;27;28;29;30;32
meta-llama/Meta-Llama-3.1-8B,factscore,DiffTask-long,md_mean_L29,ref,-0.032384,0.020308,3,0,0;1;2;3;4;5;6;7;8;9;10;11;12;13;14;15;16;17;18;19;20;21;22;23;24;25;26;27;28;29;30;32
meta-llama/Meta-Llama-3.1-8B,factscore,DiffTask-long,md_mean_L3,ref,0.096414,0.009265,3,0,0;1;2;3;4;5;6;7;8;9;10;11;12;13;14;15;16;17;18;19;20;21;22;23;24;25;26;27;28;29;30;32
meta-llama/Meta-Llama-3.1-8B,factscore,DiffTask-long,md_mean_L30,ref,-0.034961,0.017477,3,0,0;1;2;3;4;5;6;7;8;9;10;11;12;13;14;15;16;17;18;19;20;21;22;23;24;25;26;27;28;29;30;32
meta-llama/Meta-Llama-3.1-8B,factscore,DiffTask-long,md_mean_L32,ref,-0.211876,0.003698,3,0,0;1;2;3;4;5;6;7;8;9;10;11;12;13;14;15;16;17;18;19;20;21;22;23;24;25;26;27;28;29;30;32
meta-llama/Meta-Llama-3.1-8B,factscore,DiffTask-long,md_mean_L4,ref,0.119211,0.017846,3,0,0;1;2;3;4;5;6;7;8;9;10;11;12;13;14;15;16;17;18;19;20;21;22;23;24;25;26;27;28;29;30;32
meta-llama/Meta-Llama-3.1-8B,factscore,DiffTask-long,md_mean_L5,ref,0.109698,0.027279,3,0,0;1;2;3;4;5;6;7;8;9;10;11;12;13;14;15;16;17;18;19;20;21;22;23;24;25;26;27;28;29;30;32
meta-llama/Meta-Llama-3.1-8B,factscore,DiffTask-long,md_mean_L6,ref,0.056431,0.034281,3,0,0;1;2;3;4;5;6;7;8;9;10;11;12;13;14;15;16;17;18;19;20;21;22;23;24;25;26;27;28;29;30;32
meta-llama/Meta-Llama-3.1-8B,factscore,DiffTask-long,md_mean_L7,ref,0.075409,0.03274,3,0,0;1;2;3;4;5;6;7;8;9;10;11;12;13;14;15;16;17;18;19;20;21;22;23;24;25;26;27;28;29;30;32
meta-llama/Meta-Llama-3.1-8B,factscore,DiffTask-long,md_mean_L8,ref,0.138896,0.022004,3,0,0;1;2;3;4;5;6;7;8;9;10;11;12;13;14;15;16;17;18;19;20;21;22;23;24;25;26;27;28;29;30;32
meta-llama/Meta-Llama-3.1-8B,factscore,DiffTask-long,md_mean_L9,ref,0.094397,0.035918,3,0,0;1;2;3;4;5;6;7;8;9;10;11;12;13;14;15;16;17;18;19;20;21;22;23;24;25;26;27;28;29;30;32
meta-llama/Meta-Llama-3.1-8B,factscore,DiffTask-long,rmd_mean_L0,ref,0.005487,0.024952,3,0,0;1;2;3;4;5;6;7;8;9;10;11;12;13;14;15;16;17;18;19;20;21;22;23;24;25;26;27;28;29;30;32
meta-llama/Meta-Llama-3.1-8B,factscore,DiffTask-long,rmd_mean_L1,ref,0.088393,0.015203,3,0,0;1;2;3;4;5;6;7;8;9;10;11;12;13;14;15;16;17;18;19;20;21;22;23;24;25;26;27;28;29;30;32
meta-llama/Meta-Llama-3.1-8B,factscore,DiffTask-long,rmd_mean_L10,ref,0.3908,0.02702,3,0,0;1;2;3;4;5;6;7;8;9;10;11;12;13;14;15;16;17;18;19;20;21;22;23;24;25;26;27;28;29;30;32
meta-llama/Meta-Llama-3.1-8B,factscore,DiffTask-long,rmd_mean_L11,ref,0.404181,0.034203,3,0,0;1;2;3;4;5;6;7;8;9;10;11;12;13;14;15;16;17;18;19;20;21;22;23;24;25;26;27;28;29;30;32
meta-llama/Meta-Llama-3.1-8B,factscore,DiffTask-long,rmd_mean_L12,ref,0.42727,0.034911,3,0,0;1;2;3;4;5;6;7;8;9;10;11;12;13;14;15;16;17;18;19;20;21;22;23;24;25;26;27;28;29;30;32
meta-llama/Meta-Llama-3.1-8B,factscore,DiffTask-long,rmd_mean_L13,ref,0.446061,0.03394,3,0,0;1;2;3;4;5;6;7;8;9;10;11;12;13;14;15;16;17;18;19;20;21;22;23;24;25;26;27;28;29;30;32
meta-llama/Meta-Llama-3.1-8B,factscore,DiffTask-long,rmd_mean_L14,ref,0.458691,0.036922,3,0,0;1;2;3;4;5;6;7;8;9;10;11;12;13;14;15;16;17;18;19;20;21;22;23;24;25;26;27;28;29;30;32
meta-llama/Meta-Llama-3.1-8B,factscore,DiffTask-long,rmd_mean_L15,ref,0.449137,0.032622,3,0,0;1;2;3;4;5;6;7;8;9;10;11;12;13;14;15;16;17;18;19;20;21;22;23;24;25;26;27;28;29;30;32
meta-llama/Meta-Llama-3.1-8B,factscore,DiffTask-long,rmd_mean_L16,ref,0.329175,0.040603,3,0,0;1;2;3;4;5;6;7;8;9;10;11;12;13;14;15;16;17;18;19;20;21;22;23;24;25;26;27;28;29;30;32
meta-llama/Meta-Llama-3.1-8B,factscore,DiffTask-long,rmd_mean_L17,ref,0.346497,0.056738,3,0,0;1;2;3;4;5;6;7;8;9;10;11;12;13;14;15;16;17;18;19;20;21;22;23;24;25;26;27;28;29;30;32
meta-llama/Meta-Llama-3.1-8B,factscore,DiffTask-long,rmd_mean_L18,ref,0.302167,0.043441,3,0,0;1;2;3;4;5;6;7;8;9;10;11;12;13;14;15;16;17;18;19;20;21;22;23;24;25;26;27;28;29;30;32
meta-llama/Meta-Llama-3.1-8B,factscore,DiffTask-long,rmd_mean_L19,ref,0.320247,0.043556,3,0,0;1;2;3;4;5;6;7;8;9;10;11;12;13;14;15;16;17;18;19;20;21;22;23;24;25;26;27;28;29;30;32
meta-llama/Meta-Llama-3.1-8B,factscore,DiffTask-long,rmd_mean_L2,ref,0.10959,0.032207,3,0,0;1;2;3;4;5;6;7;8;9;10;11;12;13;14;15;16;17;18;19;20;21;22;23;24;25;26;27;28;29;30;32
meta-llama/Meta-Llama-3.1-8B,factscore,DiffTask-long,rmd_mean_L20,ref,0.242262,0.038551,3,0,0;1;2;3;4;5;6;7;8;9;10;11;12;13;14;15;16;17;18;19;20;21;22;23;24;25;26;27;28;29;30;32
meta-llama/Meta-Llama-3.1-8B,factscore,DiffTask-long,rmd_mean_L21,ref,0.242719,0.045535,3,0,0;1;2;3;4;5;6;7;8;9;10;11;12;13;14;15;16;17;18;19;20;21;22;23;24;25;26;27;28;29;30;32
meta-llama/Meta-Llama-3.1-8B,factscore,DiffTask-long,rmd_mean_L22,ref,0.214358,0.047764,3,0,0;1;2;3;4;5;6;7;8;9;10;11;12;13;14;15;16;17;18;19;20;21;22;23;24;25;26;27;28;29;30;32
meta-llama/Meta-Llama-3.1-8B,factscore,DiffTask-long,rmd_mean_L23,ref,0.181059,0.041994,3,0,0;1;2;3;4;5;6;7;8;9;10;11;12;13;14;15;16;17;18;19;20;21;22;23;24;25;26;27;28;29;30;32
meta-llama/Meta-Llama-3.1-8B,factscore,DiffTask-long,rmd_mean_L24,ref,0.154407,0.047708,3,0,0;1;2;3;4;5;6;7;8;9;10;11;12;13;14;15;16;17;18;19;20;21;22;23;24;25;26;27;28;29;30;32
meta-llama/Meta-Llama-3.1-8B,factscore,DiffTask-long,rmd_mean_L25,ref,0.134894,0.049003,3,0,0;1;2;3;4;5;6;7;8;9;10;11;12;13;14;15;16;17;18;19;20;21;22;23;24;25;26;27;28;29;30;32
meta-llama/Meta-Llama-3.1-8B,factscore,DiffTask-long,rmd_mean_L26,ref,0.088612,0.052736,3,0,0;1;2;3;4;5;6;7;8;9;10;11;12;13;14;15;16;17;18;19;20;21;22;23;24;25;26;27;28;29;30;32
meta-llama/Meta-Llama-3.1-8B,factscore,DiffTask-long,rmd_mean_L27,ref,0.085583,0.049774,3,0,0;1;2;3;4;5;6;7;8;9;10;11;12;13;14;15;16;17;18;19;20;21;22;23;24;25;26;27;28;29;30;32
meta-llama/Meta-Llama-3.1-8B,factscore,DiffTask-long,rmd_mean_L28,ref,0.037874,0.038032,3,0,0;1;2;3;4;5;6;7;8;9;10;11;12;13;14;15;16;17;18;19;20;21;22;23;24;25;26;27;28;29;30;32
meta-llama/Meta-Llama-3.1-8B,factscore,DiffTask-long,rmd_mean_L29,ref,0.069578,0.042643,3,0,0;1;2;3;4;5;6;7;8;9;10;11;12;13;14;15;16;17;18;19;20;21;22;23;24;25;26;27;28;29;30;32
meta-llama/Meta-Llama-3.1-8B,factscore,DiffTask-long,rmd_mean_L3,ref,0.06504,0.037244,3,0,0;1;2;3;4;5;6;7;8;9;10;11;12;13;14;15;16;17;18;19;20;21;22;23;24;25;26;27;28;29;30;32
meta-llama/Meta-Llama-3.1-8B,factscore,DiffTask-long,rmd_mean_L30,ref,0.064879,0.038181,3,0,0;1;2;3;4;5;6;7;8;9;10;11;12;13;14;15;16;17;18;19;20;21;22;23;24;25;26;27;28;29;30;32
meta-llama/Meta-Llama-3.1-8B,factscore,DiffTask-long,rmd_mean_L32,ref,0.27036,0.057403,3,0,0;1;2;3;4;5;6;7;8;9;10;11;12;13;14;15;16;17;18;19;20;21;22;23;24;25;26;27;28;29;30;32
meta-llama/Meta-Llama-3.1-8B,factscore,DiffTask-long,rmd_mean_L4,ref,0.102431,0.063697,3,0,0;1;2;3;4;5;6;7;8;9;10;11;12;13;14;15;16;17;18;19;20;21;22;23;24;25;26;27;28;29;30;32
meta-llama/Meta-Llama-3.1-8B,factscore,DiffTask-long,rmd_mean_L5,ref,0.175867,0.044579,3,0,0;1;2;3;4;5;6;7;8;9;10;11;12;13;14;15;16;17;18;19;20;21;22;23;24;25;26;27;28;29;30;32
meta-llama/Meta-Llama-3.1-8B,factscore,DiffTask-long,rmd_mean_L6,ref,0.227658,0.035912,3,0,0;1;2;3;4;5;6;7;8;9;10;11;12;13;14;15;16;17;18;19;20;21;22;23;24;25;26;27;28;29;30;32
meta-llama/Meta-Llama-3.1-8B,factscore,DiffTask-long,rmd_mean_L7,ref,0.236453,0.027189,3,0,0;1;2;3;4;5;6;7;8;9;10;11;12;13;14;15;16;17;18;19;20;21;22;23;24;25;26;27;28;29;30;32
meta-llama/Meta-Llama-3.1-8B,factscore,DiffTask-long,rmd_mean_L8,ref,0.324662,0.027344,3,0,0;1;2;3;4;5;6;7;8;9;10;11;12;13;14;15;16;17;18;19;20;21;22;23;24;25;26;27;28;29;30;32
meta-llama/Meta-Llama-3.1-8B,factscore,DiffTask-long,rmd_mean_L9,ref,0.380111,0.033592,3,0,0;1;2;3;4;5;6;7;8;9;10;11;12;13;14;15;16;17;18;19;20;21;22;23;24;25;26;27;28;29;30;32
meta-llama/Meta-Llama-3.1-8B,factscore,DiffTask-long,satmd_alllayer,ref,-0.076007,0.039546,3,0,0;1;2;3;4;5;6;7;8;9;10;11;12;13;14;15;16;17;18;19;20;21;22;23;24;25;26;27;28;29;30;32
meta-llama/Meta-Llama-3.1-8B,factscore,DiffTask-long,satrmd_alllayer,ref,-0.000726,0.068598,3,0,0;1;2;3;4;5;6;7;8;9;10;11;12;13;14;15;16;17;18;19;20;21;22;23;24;25;26;27;28;29;30;32
meta-llama/Meta-Llama-3.1-8B,factscore,ID,huq_satmd_alllayer,ref,0.540648,0.0,3,0,0;1;2;3;4;5;6;7;8;9;10;11;12;13;14;15;16;17;18;19;20;21;22;23;24;25;26;27;28;29;30;32
meta-llama/Meta-Llama-3.1-8B,factscore,ID,huq_satrmd_alllayer,ref,0.044236,0.0,3,0,0;1;2;3;4;5;6;7;8;9;10;11;12;13;14;15;16;17;18;19;20;21;22;23;24;25;26;27;28;29;30;32
meta-llama/Meta-Llama-3.1-8B,factscore,ID,md_mean_L0,ref,0.030753,0.0,3,0,0;1;2;3;4;5;6;7;8;9;10;11;12;13;14;15;16;17;18;19;20;21;22;23;24;25;26;27;28;29;30;32
meta-llama/Meta-Llama-3.1-8B,factscore,ID,md_mean_L1,ref,0.110334,0.0,3,0,0;1;2;3;4;5;6;7;8;9;10;11;12;13;14;15;16;17;18;19;20;21;22;23;24;25;26;27;28;29;30;32
meta-llama/Meta-Llama-3.1-8B,factscore,ID,md_mean_L10,ref,0.211986,0.0,3,0,0;1;2;3;4;5;6;7;8;9;10;11;12;13;14;15;16;17;18;19;20;21;22;23;24;25;26;27;28;29;30;32
meta-llama/Meta-Llama-3.1-8B,factscore,ID,md_mean_L11,ref,0.230922,0.0,3,0,0;1;2;3;4;5;6;7;8;9;10;11;12;13;14;15;16;17;18;19;20;21;22;23;24;25;26;27;28;29;30;32
meta-llama/Meta-Llama-3.1-8B,factscore,ID,md_mean_L12,ref,0.256608,0.0,3,0,0;1;2;3;4;5;6;7;8;9;10;11;12;13;14;15;16;17;18;19;20;21;22;23;24;25;26;27;28;29;30;32
meta-llama/Meta-Llama-3.1-8B,factscore,ID,md_mean_L13,ref,0.295939,0.0,3,0,0;1;2;3;4;5;6;7;8;9;10;11;12;13;14;15;16;17;18;19;20;21;22;23;24;25;26;27;28;29;30;32
meta-llama/Meta-Llama-3.1-8B,factscore,ID,md_mean_L14,ref,0.294434,0.0,3,0,0;1;2;3;4;5;6;7;8;9;10;11;12;13;14;15;16;17;18;19;20;21;22;23;24;25;26;27;28;29;30;32
meta-llama/Meta-Llama-3.1-8B,factscore,ID,md_mean_L15,ref,0.333546,0.0,3,0,0;1;2;3;4;5;6;7;8;9;10;11;12;13;14;15;16;17;18;19;20;21;22;23;24;25;26;27;28;29;30;32
meta-llama/Meta-Llama-3.1-8B,factscore,ID,md_mean_L16,ref,0.33021,0.0,3,0,0;1;2;3;4;5;6;7;8;9;10;11;12;13;14;15;16;17;18;19;20;21;22;23;24;25;26;27;28;29;30;32
meta-llama/Meta-Llama-3.1-8B,factscore,ID,md_mean_L17,ref,0.303542,0.0,3,0,0;1;2;3;4;5;6;7;8;9;10;11;12;13;14;15;16;17;18;19;20;21;22;23;24;25;26;27;28;29;30;32
meta-llama/Meta-Llama-3.1-8B,factscore,ID,md_mean_L18,ref,0.300461,0.0,3,0,0;1;2;3;4;5;6;7;8;9;10;11;12;13;14;15;16;17;18;19;20;21;22;23;24;25;26;27;28;29;30;32
meta-llama/Meta-Llama-3.1-8B,factscore,ID,md_mean_L19,ref,0.253655,0.0,3,0,0;1;2;3;4;5;6;7;8;9;10;11;12;13;14;15;16;17;18;19;20;21;22;23;24;25;26;27;28;29;30;32
meta-llama/Meta-Llama-3.1-8B,factscore,ID,md_mean_L2,ref,0.095678,0.0,3,0,0;1;2;3;4;5;6;7;8;9;10;11;12;13;14;15;16;17;18;19;20;21;22;23;24;25;26;27;28;29;30;32
meta-llama/Meta-Llama-3.1-8B,factscore,ID,md_mean_L20,ref,0.189387,0.0,3,0,0;1;2;3;4;5;6;7;8;9;10;11;12;13;14;15;16;17;18;19;20;21;22;23;24;25;26;27;28;29;30;32
meta-llama/Meta-Llama-3.1-8B,factscore,ID,md_mean_L21,ref,0.208465,0.0,3,0,0;1;2;3;4;5;6;7;8;9;10;11;12;13;14;15;16;17;18;19;20;21;22;23;24;25;26;27;28;29;30;32
meta-llama/Meta-Llama-3.1-8B,factscore,ID,md_mean_L22,ref,0.224528,0.0,3,0,0;1;2;3;4;5;6;7;8;9;10;11;12;13;14;15;16;17;18;19;20;21;22;23;24;25;26;27;28;29;30;32
meta-llama/Meta-Llama-3.1-8B,factscore,ID,md_mean_L23,ref,0.183756,0.0,3,0,0;1;2;3;4;5;6;7;8;9;10;11;12;13;14;15;16;17;18;19;20;21;22;23;24;25;26;27;28;29;30;32
meta-llama/Meta-Llama-3.1-8B,factscore,ID,md_mean_L24,ref,0.181419,0.0,3,0,0;1;2;3;4;5;6;7;8;9;10;11;12;13;14;15;16;17;18;19;20;21;22;23;24;25;26;27;28;29;30;32
meta-llama/Meta-Llama-3.1-8B,factscore,ID,md_mean_L25,ref,0.15926,0.0,3,0,0;1;2;3;4;5;6;7;8;9;10;11;12;13;14;15;16;17;18;19;20;21;22;23;24;25;26;27;28;29;30;32
meta-llama/Meta-Llama-3.1-8B,factscore,ID,md_mean_L26,ref,0.151829,0.0,3,0,0;1;2;3;4;5;6;7;8;9;10;11;12;13;14;15;16;17;18;19;20;21;22;23;24;25;26;27;28;29;30;32
meta-llama/Meta-Llama-3.1-8B,factscore,ID,md_mean_L27,ref,0.135017,0.0,3,0,0;1;2;3;4;5;6;7;8;9;10;11;12;13;14;15;16;17;18;19;20;21;22;23;24;25;26;27;28;29;30;32
meta-llama/Meta-Llama-3.1-8B,factscore,ID,md_mean_L28,ref,0.122465,0.0,3,0,0;1;2;3;4;5;6;7;8;9;10;11;12;13;14;15;16;17;18;19;20;21;22;23;24;25;26;27;28;29;30;32
meta-llama/Meta-Llama-3.1-8B,factscore,ID,md_mean_L29,ref,0.097852,0.0,3,0,0;1;2;3;4;5;6;7;8;9;10;11;12;13;14;15;16;17;18;19;20;21;22;23;24;25;26;27;28;29;30;32
meta-llama/Meta-Llama-3.1-8B,factscore,ID,md_mean_L3,ref,0.112793,0.0,3,0,0;1;2;3;4;5;6;7;8;9;10;11;12;13;14;15;16;17;18;19;20;21;22;23;24;25;26;27;28;29;30;32
meta-llama/Meta-Llama-3.1-8B,factscore,ID,md_mean_L30,ref,0.081761,0.0,3,0,0;1;2;3;4;5;6;7;8;9;10;11;12;13;14;15;16;17;18;19;20;21;22;23;24;25;26;27;28;29;30;32
meta-llama/Meta-Llama-3.1-8B,factscore,ID,md_mean_L32,ref,-0.110808,0.0,3,0,0;1;2;3;4;5;6;7;8;9;10;11;12;13;14;15;16;17;18;19;20;21;22;23;24;25;26;27;28;29;30;32
meta-llama/Meta-Llama-3.1-8B,factscore,ID,md_mean_L4,ref,0.162401,0.0,3,0,0;1;2;3;4;5;6;7;8;9;10;11;12;13;14;15;16;17;18;19;20;21;22;23;24;25;26;27;28;29;30;32
meta-llama/Meta-Llama-3.1-8B,factscore,ID,md_mean_L5,ref,0.168043,0.0,3,0,0;1;2;3;4;5;6;7;8;9;10;11;12;13;14;15;16;17;18;19;20;21;22;23;24;25;26;27;28;29;30;32
meta-llama/Meta-Llama-3.1-8B,factscore,ID,md_mean_L6,ref,0.164961,0.0,3,0,0;1;2;3;4;5;6;7;8;9;10;11;12;13;14;15;16;17;18;19;20;21;22;23;24;25;26;27;28;29;30;32
meta-llama/Meta-Llama-3.1-8B,factscore,ID,md_mean_L7,ref,0.16021,0.0,3,0,0;1;2;3;4;5;6;7;8;9;10;11;12;13;14;15;16;17;18;19;20;21;22;23;24;25;26;27;28;29;30;32
meta-llama/Meta-Llama-3.1-8B,factscore,ID,md_mean_L8,ref,0.16946,0.0,3,0,0;1;2;3;4;5;6;7;8;9;10;11;12;13;14;15;16;17;18;19;20;21;22;23;24;25;26;27;28;29;30;32
meta-llama/Meta-Llama-3.1-8B,factscore,ID,md_mean_L9,ref,0.191723,0.0,3,0,0;1;2;3;4;5;6;7;8;9;10;11;12;13;14;15;16;17;18;19;20;21;22;23;24;25;26;27;28;29;30;32
meta-llama/Meta-Llama-3.1-8B,factscore,ID,rmd_mean_L0,ref,0.108928,0.0,3,0,0;1;2;3;4;5;6;7;8;9;10;11;12;13;14;15;16;17;18;19;20;21;22;23;24;25;26;27;28;29;30;32
meta-llama/Meta-Llama-3.1-8B,factscore,ID,rmd_mean_L1,ref,0.133509,0.0,3,0,0;1;2;3;4;5;6;7;8;9;10;11;12;13;14;15;16;17;18;19;20;21;22;23;24;25;26;27;28;29;30;32
meta-llama/Meta-Llama-3.1-8B,factscore,ID,rmd_mean_L10,ref,0.322207,0.0,3,0,0;1;2;3;4;5;6;7;8;9;10;11;12;13;14;15;16;17;18;19;20;21;22;23;24;25;26;27;28;29;30;32
meta-llama/Meta-Llama-3.1-8B,factscore,ID,rmd_mean_L11,ref,0.300734,0.0,3,0,0;1;2;3;4;5;6;7;8;9;10;11;12;13;14;15;16;17;18;19;20;21;22;23;24;25;26;27;28;29;30;32
meta-llama/Meta-Llama-3.1-8B,factscore,ID,rmd_mean_L12,ref,0.303164,0.0,3,0,0;1;2;3;4;5;6;7;8;9;10;11;12;13;14;15;16;17;18;19;20;21;22;23;24;25;26;27;28;29;30;32
meta-llama/Meta-Llama-3.1-8B,factscore,ID,rmd_mean_L13,ref,0.282554,0.0,3,0,0;1;2;3;4;5;6;7;8;9;10;11;12;13;14;15;16;17;18;19;20;21;22;23;24;25;26;27;28;29;30;32
meta-llama/Meta-Llama-3.1-8B,factscore,ID,rmd_mean_L14,ref,0.310748,0.0,3,0,0;1;2;3;4;5;6;7;8;9;10;11;12;13;14;15;16;17;18;19;20;21;22;23;24;25;26;27;28;29;30;32
meta-llama/Meta-Llama-3.1-8B,factscore,ID,rmd_mean_L15,ref,0.297115,0.0,3,0,0;1;2;3;4;5;6;7;8;9;10;11;12;13;14;15;16;17;18;19;20;21;22;23;24;25;26;27;28;29;30;32
meta-llama/Meta-Llama-3.1-8B,factscore,ID,rmd_mean_L16,ref,0.291216,0.0,3,0,0;1;2;3;4;5;6;7;8;9;10;11;12;13;14;15;16;17;18;19;20;21;22;23;24;25;26;27;28;29;30;32
meta-llama/Meta-Llama-3.1-8B,factscore,ID,rmd_mean_L17,ref,0.329999,0.0,3,0,0;1;2;3;4;5;6;7;8;9;10;11;12;13;14;15;16;17;18;19;20;21;22;23;24;25;26;27;28;29;30;32
meta-llama/Meta-Llama-3.1-8B,factscore,ID,rmd_mean_L18,ref,0.260319,0.0,3,0,0;1;2;3;4;5;6;7;8;9;10;11;12;13;14;15;16;17;18;19;20;21;22;23;24;25;26;27;28;29;30;32
meta-llama/Meta-Llama-3.1-8B,factscore,ID,rmd_mean_L19,ref,0.314504,0.0,3,0,0;1;2;3;4;5;6;7;8;9;10;11;12;13;14;15;16;17;18;19;20;21;22;23;24;25;26;27;28;29;30;32
meta-llama/Meta-Llama-3.1-8B,factscore,ID,rmd_mean_L2,ref,0.134701,0.0,3,0,0;1;2;3;4;5;6;7;8;9;10;11;12;13;14;15;16;17;18;19;20;21;22;23;24;25;26;27;28;29;30;32
meta-llama/Meta-Llama-3.1-8B,factscore,ID,rmd_mean_L20,ref,0.305256,0.0,3,0,0;1;2;3;4;5;6;7;8;9;10;11;12;13;14;15;16;17;18;19;20;21;22;23;24;25;26;27;28;29;30;32
meta-llama/Meta-Llama-3.1-8B,factscore,ID,rmd_mean_L21,ref,0.291621,0.0,3,0,0;1;2;3;4;5;6;7;8;9;10;11;12;13;14;15;16;17;18;19;20;21;22;23;24;25;26;27;28;29;30;32
meta-llama/Meta-Llama-3.1-8B,factscore,ID,rmd_mean_L22,ref,0.26875,0.0,3,0,0;1;2;3;4;5;6;7;8;9;10;11;12;13;14;15;16;17;18;19;20;21;22;23;24;25;26;27;28;29;30;32
meta-llama/Meta-Llama-3.1-8B,factscore,ID,rmd_mean_L23,ref,0.257645,0.0,3,0,0;1;2;3;4;5;6;7;8;9;10;11;12;13;14;15;16;17;18;19;20;21;22;23;24;25;26;27;28;29;30;32
meta-llama/Meta-Llama-3.1-8B,factscore,ID,rmd_mean_L24,ref,0.25124,0.0,3,0,0;1;2;3;4;5;6;7;8;9;10;11;12;13;14;15;16;17;18;19;20;21;22;23;24;25;26;27;28;29;30;32
meta-llama/Meta-Llama-3.1-8B,factscore,ID,rmd_mean_L25,ref,0.23443,0.0,3,0,0;1;2;3;4;5;6;7;8;9;10;11;12;13;14;15;16;17;18;19;20;21;22;23;24;25;26;27;28;29;30;32
meta-llama/Meta-Llama-3.1-8B,factscore,ID,rmd_mean_L26,ref,0.205218,0.0,3,0,0;1;2;3;4;5;6;7;8;9;10;11;12;13;14;15;16;17;18;19;20;21;22;23;24;25;26;27;28;29;30;32
meta-llama/Meta-Llama-3.1-8B,factscore,ID,rmd_mean_L27,ref,0.19132,0.0,3,0,0;1;2;3;4;5;6;7;8;9;10;11;12;13;14;15;16;17;18;19;20;21;22;23;24;25;26;27;28;29;30;32
meta-llama/Meta-Llama-3.1-8B,factscore,ID,rmd_mean_L28,ref,0.149598,0.0,3,0,0;1;2;3;4;5;6;7;8;9;10;11;12;13;14;15;16;17;18;19;20;21;22;23;24;25;26;27;28;29;30;32
meta-llama/Meta-Llama-3.1-8B,factscore,ID,rmd_mean_L29,ref,0.175302,0.0,3,0,0;1;2;3;4;5;6;7;8;9;10;11;12;13;14;15;16;17;18;19;20;21;22;23;24;25;26;27;28;29;30;32
meta-llama/Meta-Llama-3.1-8B,factscore,ID,rmd_mean_L3,ref,0.136828,0.0,3,0,0;1;2;3;4;5;6;7;8;9;10;11;12;13;14;15;16;17;18;19;20;21;22;23;24;25;26;27;28;29;30;32
meta-llama/Meta-Llama-3.1-8B,factscore,ID,rmd_mean_L30,ref,0.15644,0.0,3,0,0;1;2;3;4;5;6;7;8;9;10;11;12;13;14;15;16;17;18;19;20;21;22;23;24;25;26;27;28;29;30;32
meta-llama/Meta-Llama-3.1-8B,factscore,ID,rmd_mean_L32,ref,0.338102,0.0,3,0,0;1;2;3;4;5;6;7;8;9;10;11;12;13;14;15;16;17;18;19;20;21;22;23;24;25;26;27;28;29;30;32
meta-llama/Meta-Llama-3.1-8B,factscore,ID,rmd_mean_L4,ref,0.176241,0.0,3,0,0;1;2;3;4;5;6;7;8;9;10;11;12;13;14;15;16;17;18;19;20;21;22;23;24;25;26;27;28;29;30;32
meta-llama/Meta-Llama-3.1-8B,factscore,ID,rmd_mean_L5,ref,0.224831,0.0,3,0,0;1;2;3;4;5;6;7;8;9;10;11;12;13;14;15;16;17;18;19;20;21;22;23;24;25;26;27;28;29;30;32
meta-llama/Meta-Llama-3.1-8B,factscore,ID,rmd_mean_L6,ref,0.260917,0.0,3,0,0;1;2;3;4;5;6;7;8;9;10;11;12;13;14;15;16;17;18;19;20;21;22;23;24;25;26;27;28;29;30;32
meta-llama/Meta-Llama-3.1-8B,factscore,ID,rmd_mean_L7,ref,0.238609,0.0,3,0,0;1;2;3;4;5;6;7;8;9;10;11;12;13;14;15;16;17;18;19;20;21;22;23;24;25;26;27;28;29;30;32
meta-llama/Meta-Llama-3.1-8B,factscore,ID,rmd_mean_L8,ref,0.223577,0.0,3,0,0;1;2;3;4;5;6;7;8;9;10;11;12;13;14;15;16;17;18;19;20;21;22;23;24;25;26;27;28;29;30;32
meta-llama/Meta-Llama-3.1-8B,factscore,ID,rmd_mean_L9,ref,0.297973,0.0,3,0,0;1;2;3;4;5;6;7;8;9;10;11;12;13;14;15;16;17;18;19;20;21;22;23;24;25;26;27;28;29;30;32
meta-llama/Meta-Llama-3.1-8B,factscore,ID,satmd_alllayer,ref,0.514585,0.0,3,0,0;1;2;3;4;5;6;7;8;9;10;11;12;13;14;15;16;17;18;19;20;21;22;23;24;25;26;27;28;29;30;32
meta-llama/Meta-Llama-3.1-8B,factscore,ID,satrmd_alllayer,ref,0.012084,0.0,3,0,0;1;2;3;4;5;6;7;8;9;10;11;12;13;14;15;16;17;18;19;20;21;22;23;24;25;26;27;28;29;30;32
meta-llama/Meta-Llama-3.1-8B,factscore,LOO-long,huq_satmd_alllayer,ref,-0.085813,0.048719,3,0,0;1;2;3;4;5;6;7;8;9;10;11;12;13;14;15;16;17;18;19;20;21;22;23;24;25;26;27;28;29;30;32
meta-llama/Meta-Llama-3.1-8B,factscore,LOO-long,huq_satrmd_alllayer,ref,-0.200244,0.057004,3,0,0;1;2;3;4;5;6;7;8;9;10;11;12;13;14;15;16;17;18;19;20;21;22;23;24;25;26;27;28;29;30;32
meta-llama/Meta-Llama-3.1-8B,factscore,LOO-long,md_mean_L0,ref,-0.017887,0.008745,3,0,0;1;2;3;4;5;6;7;8;9;10;11;12;13;14;15;16;17;18;19;20;21;22;23;24;25;26;27;28;29;30;32
meta-llama/Meta-Llama-3.1-8B,factscore,LOO-long,md_mean_L1,ref,0.083372,0.006397,3,0,0;1;2;3;4;5;6;7;8;9;10;11;12;13;14;15;16;17;18;19;20;21;22;23;24;25;26;27;28;29;30;32
meta-llama/Meta-Llama-3.1-8B,factscore,LOO-long,md_mean_L10,ref,0.005846,0.033847,3,0,0;1;2;3;4;5;6;7;8;9;10;11;12;13;14;15;16;17;18;19;20;21;22;23;24;25;26;27;28;29;30;32
meta-llama/Meta-Llama-3.1-8B,factscore,LOO-long,md_mean_L11,ref,0.074631,0.037841,3,0,0;1;2;3;4;5;6;7;8;9;10;11;12;13;14;15;16;17;18;19;20;21;22;23;24;25;26;27;28;29;30;32
meta-llama/Meta-Llama-3.1-8B,factscore,LOO-long,md_mean_L12,ref,0.056708,0.029408,3,0,0;1;2;3;4;5;6;7;8;9;10;11;12;13;14;15;16;17;18;19;20;21;22;23;24;25;26;27;28;29;30;32
meta-llama/Meta-Llama-3.1-8B,factscore,LOO-long,md_mean_L13,ref,0.194708,0.022641,3,0,0;1;2;3;4;5;6;7;8;9;10;11;12;13;14;15;16;17;18;19;20;21;22;23;24;25;26;27;28;29;30;32
meta-llama/Meta-Llama-3.1-8B,factscore,LOO-long,md_mean_L14,ref,0.151298,0.038113,3,0,0;1;2;3;4;5;6;7;8;9;10;11;12;13;14;15;16;17;18;19;20;21;22;23;24;25;26;27;28;29;30;32
meta-llama/Meta-Llama-3.1-8B,factscore,LOO-long,md_mean_L15,ref,0.264686,0.024522,3,0,0;1;2;3;4;5;6;7;8;9;10;11;12;13;14;15;16;17;18;19;20;21;22;23;24;25;26;27;28;29;30;32
meta-llama/Meta-Llama-3.1-8B,factscore,LOO-long,md_mean_L16,ref,0.244062,0.03242,3,0,0;1;2;3;4;5;6;7;8;9;10;11;12;13;14;15;16;17;18;19;20;21;22;23;24;25;26;27;28;29;30;32
meta-llama/Meta-Llama-3.1-8B,factscore,LOO-long,md_mean_L17,ref,0.167622,0.029167,3,0,0;1;2;3;4;5;6;7;8;9;10;11;12;13;14;15;16;17;18;19;20;21;22;23;24;25;26;27;28;29;30;32
meta-llama/Meta-Llama-3.1-8B,factscore,LOO-long,md_mean_L18,ref,0.149457,0.042932,3,0,0;1;2;3;4;5;6;7;8;9;10;11;12;13;14;15;16;17;18;19;20;21;22;23;24;25;26;27;28;29;30;32
meta-llama/Meta-Llama-3.1-8B,factscore,LOO-long,md_mean_L19,ref,0.004764,0.032897,3,0,0;1;2;3;4;5;6;7;8;9;10;11;12;13;14;15;16;17;18;19;20;21;22;23;24;25;26;27;28;29;30;32
meta-llama/Meta-Llama-3.1-8B,factscore,LOO-long,md_mean_L2,ref,0.0743,0.009657,3,0,0;1;2;3;4;5;6;7;8;9;10;11;12;13;14;15;16;17;18;19;20;21;22;23;24;25;26;27;28;29;30;32
meta-llama/Meta-Llama-3.1-8B,factscore,LOO-long,md_mean_L20,ref,-0.097975,0.023224,3,0,0;1;2;3;4;5;6;7;8;9;10;11;12;13;14;15;16;17;18;19;20;21;22;23;24;25;26;27;28;29;30;32
meta-llama/Meta-Llama-3.1-8B,factscore,LOO-long,md_mean_L21,ref,-0.028939,0.027119,3,0,0;1;2;3;4;5;6;7;8;9;10;11;12;13;14;15;16;17;18;19;20;21;22;23;24;25;26;27;28;29;30;32
meta-llama/Meta-Llama-3.1-8B,factscore,LOO-long,md_mean_L22,ref,0.020127,0.028132,3,0,0;1;2;3;4;5;6;7;8;9;10;11;12;13;14;15;16;17;18;19;20;21;22;23;24;25;26;27;28;29;30;32
meta-llama/Meta-Llama-3.1-8B,factscore,LOO-long,md_mean_L23,ref,-0.016362,0.01914,3,0,0;1;2;3;4;5;6;7;8;9;10;11;12;13;14;15;16;17;18;19;20;21;22;23;24;25;26;27;28;29;30;32
meta-llama/Meta-Llama-3.1-8B,factscore,LOO-long,md_mean_L24,ref,-0.016093,0.02069,3,0,0;1;2;3;4;5;6;7;8;9;10;11;12;13;14;15;16;17;18;19;20;21;22;23;24;25;26;27;28;29;30;32
meta-llama/Meta-Llama-3.1-8B,factscore,LOO-long,md_mean_L25,ref,-0.02316,0.017691,3,0,0;1;2;3;4;5;6;7;8;9;10;11;12;13;14;15;16;17;18;19;20;21;22;23;24;25;26;27;28;29;30;32
meta-llama/Meta-Llama-3.1-8B,factscore,LOO-long,md_mean_L26,ref,-0.015577,0.019738,3,0,0;1;2;3;4;5;6;7;8;9;10;11;12;13;14;15;16;17;18;19;20;21;22;23;24;25;26;27;28;29;30;32
meta-llama/Meta-Llama-3.1-8B,factscore,LOO-long,md_mean_L27,ref,-0.022891,0.017456,3,0,0;1;2;3;4;5;6;7;8;9;10;11;12;13;14;15;16;17;18;19;20;21;22;23;24;25;26;27;28;29;30;32
meta-llama/Meta-Llama-3.1-8B,factscore,LOO-long,md_mean_L28,ref,-0.032609,0.014893,3,0,0;1;2;3;4;5;6;7;8;9;10;11;12;13;14;15;16;17;18;19;20;21;22;23;24;25;26;27;28;29;30;32
meta-llama/Meta-Llama-3.1-8B,factscore,LOO-long,md_mean_L29,ref,-0.046832,0.013753,3,0,0;1;2;3;4;5;6;7;8;9;10;11;12;13;14;15;16;17;18;19;20;21;22;23;24;25;26;27;28;29;30;32
meta-llama/Meta-Llama-3.1-8B,factscore,LOO-long,md_mean_L3,ref,0.086228,0.006606,3,0,0;1;2;3;4;5;6;7;8;9;10;11;12;13;14;15;16;17;18;19;20;21;22;23;24;25;26;27;28;29;30;32
meta-llama/Meta-Llama-3.1-8B,factscore,LOO-long,md_mean_L30,ref,-0.047786,0.011401,3,0,0;1;2;3;4;5;6;7;8;9;10;11;12;13;14;15;16;17;18;19;20;21;22;23;24;25;26;27;28;29;30;32
meta-llama/Meta-Llama-3.1-8B,factscore,LOO-long,md_mean_L32,ref,-0.224823,0.001242,3,0,0;1;2;3;4;5;6;7;8;9;10;11;12;13;14;15;16;17;18;19;20;21;22;23;24;25;26;27;28;29;30;32
meta-llama/Meta-Llama-3.1-8B,factscore,LOO-long,md_mean_L4,ref,0.120544,0.007865,3,0,0;1;2;3;4;5;6;7;8;9;10;11;12;13;14;15;16;17;18;19;20;21;22;23;24;25;26;27;28;29;30;32
meta-llama/Meta-Llama-3.1-8B,factscore,LOO-long,md_mean_L5,ref,0.08964,0.020583,3,0,0;1;2;3;4;5;6;7;8;9;10;11;12;13;14;15;16;17;18;19;20;21;22;23;24;25;26;27;28;29;30;32
meta-llama/Meta-Llama-3.1-8B,factscore,LOO-long,md_mean_L6,ref,0.013718,0.021274,3,0,0;1;2;3;4;5;6;7;8;9;10;11;12;13;14;15;16;17;18;19;20;21;22;23;24;25;26;27;28;29;30;32
meta-llama/Meta-Llama-3.1-8B,factscore,LOO-long,md_mean_L7,ref,0.024393,0.023606,3,0,0;1;2;3;4;5;6;7;8;9;10;11;12;13;14;15;16;17;18;19;20;21;22;23;24;25;26;27;28;29;30;32
meta-llama/Meta-Llama-3.1-8B,factscore,LOO-long,md_mean_L8,ref,0.076878,0.025214,3,0,0;1;2;3;4;5;6;7;8;9;10;11;12;13;14;15;16;17;18;19;20;21;22;23;24;25;26;27;28;29;30;32
meta-llama/Meta-Llama-3.1-8B,factscore,LOO-long,md_mean_L9,ref,0.028094,0.042596,3,0,0;1;2;3;4;5;6;7;8;9;10;11;12;13;14;15;16;17;18;19;20;21;22;23;24;25;26;27;28;29;30;32
meta-llama/Meta-Llama-3.1-8B,factscore,LOO-long,rmd_mean_L0,ref,-0.032728,0.007907,3,0,0;1;2;3;4;5;6;7;8;9;10;11;12;13;14;15;16;17;18;19;20;21;22;23;24;25;26;27;28;29;30;32
meta-llama/Meta-Llama-3.1-8B,factscore,LOO-long,rmd_mean_L1,ref,0.074506,0.002628,3,0,0;1;2;3;4;5;6;7;8;9;10;11;12;13;14;15;16;17;18;19;20;21;22;23;24;25;26;27;28;29;30;32
meta-llama/Meta-Llama-3.1-8B,factscore,LOO-long,rmd_mean_L10,ref,0.388127,0.025129,3,0,0;1;2;3;4;5;6;7;8;9;10;11;12;13;14;15;16;17;18;19;20;21;22;23;24;25;26;27;28;29;30;32
meta-llama/Meta-Llama-3.1-8B,factscore,LOO-long,rmd_mean_L11,ref,0.349538,0.026499,3,0,0;1;2;3;4;5;6;7;8;9;10;11;12;13;14;15;16;17;18;19;20;21;22;23;24;25;26;27;28;29;30;32
meta-llama/Meta-Llama-3.1-8B,factscore,LOO-long,rmd_mean_L12,ref,0.326357,0.028338,3,0,0;1;2;3;4;5;6;7;8;9;10;11;12;13;14;15;16;17;18;19;20;21;22;23;24;25;26;27;28;29;30;32
meta-llama/Meta-Llama-3.1-8B,factscore,LOO-long,rmd_mean_L13,ref,0.2882,0.047243,3,0,0;1;2;3;4;5;6;7;8;9;10;11;12;13;14;15;16;17;18;19;20;21;22;23;24;25;26;27;28;29;30;32
meta-llama/Meta-Llama-3.1-8B,factscore,LOO-long,rmd_mean_L14,ref,0.361641,0.030802,3,0,0;1;2;3;4;5;6;7;8;9;10;11;12;13;14;15;16;17;18;19;20;21;22;23;24;25;26;27;28;29;30;32
meta-llama/Meta-Llama-3.1-8B,factscore,LOO-long,rmd_mean_L15,ref,0.38072,0.022395,3,0,0;1;2;3;4;5;6;7;8;9;10;11;12;13;14;15;16;17;18;19;20;21;22;23;24;25;26;27;28;29;30;32
meta-llama/Meta-Llama-3.1-8B,factscore,LOO-long,rmd_mean_L16,ref,0.210514,0.039683,3,0,0;1;2;3;4;5;6;7;8;9;10;11;12;13;14;15;16;17;18;19;20;21;22;23;24;25;26;27;28;29;30;32
meta-llama/Meta-Llama-3.1-8B,factscore,LOO-long,rmd_mean_L17,ref,0.22764,0.044882,3,0,0;1;2;3;4;5;6;7;8;9;10;11;12;13;14;15;16;17;18;19;20;21;22;23;24;25;26;27;28;29;30;32
meta-llama/Meta-Llama-3.1-8B,factscore,LOO-long,rmd_mean_L18,ref,0.237622,0.033046,3,0,0;1;2;3;4;5;6;7;8;9;10;11;12;13;14;15;16;17;18;19;20;21;22;23;24;25;26;27;28;29;30;32
meta-llama/Meta-Llama-3.1-8B,factscore,LOO-long,rmd_mean_L19,ref,0.273684,0.034888,3,0,0;1;2;3;4;5;6;7;8;9;10;11;12;13;14;15;16;17;18;19;20;21;22;23;24;25;26;27;28;29;30;32
meta-llama/Meta-Llama-3.1-8B,factscore,LOO-long,rmd_mean_L2,ref,0.112285,0.006264,3,0,0;1;2;3;4;5;6;7;8;9;10;11;12;13;14;15;16;17;18;19;20;21;22;23;24;25;26;27;28;29;30;32
meta-llama/Meta-Llama-3.1-8B,factscore,LOO-long,rmd_mean_L20,ref,0.190063,0.021362,3,0,0;1;2;3;4;5;6;7;8;9;10;11;12;13;14;15;16;17;18;19;20;21;22;23;24;25;26;27;28;29;30;32
meta-llama/Meta-Llama-3.1-8B,factscore,LOO-long,rmd_mean_L21,ref,0.201456,0.025292,3,0,0;1;2;3;4;5;6;7;8;9;10;11;12;13;14;15;16;17;18;19;20;21;22;23;24;25;26;27;28;29;30;32
meta-llama/Meta-Llama-3.1-8B,factscore,LOO-long,rmd_mean_L22,ref,0.185966,0.025109,3,0,0;1;2;3;4;5;6;7;8;9;10;11;12;13;14;15;16;17;18;19;20;21;22;23;24;25;26;27;28;29;30;32
meta-llama/Meta-Llama-3.1-8B,factscore,LOO-long,rmd_mean_L23,ref,0.160016,0.026147,3,0,0;1;2;3;4;5;6;7;8;9;10;11;12;13;14;15;16;17;18;19;20;21;22;23;24;25;26;27;28;29;30;32
meta-llama/Meta-Llama-3.1-8B,factscore,LOO-long,rmd_mean_L24,ref,0.139189,0.032192,3,0,0;1;2;3;4;5;6;7;8;9;10;11;12;13;14;15;16;17;18;19;20;21;22;23;24;25;26;27;28;29;30;32
meta-llama/Meta-Llama-3.1-8B,factscore,LOO-long,rmd_mean_L25,ref,0.122187,0.035302,3,0,0;1;2;3;4;5;6;7;8;9;10;11;12;13;14;15;16;17;18;19;20;21;22;23;24;25;26;27;28;29;30;32
meta-llama/Meta-Llama-3.1-8B,factscore,LOO-long,rmd_mean_L26,ref,0.045792,0.026249,3,0,0;1;2;3;4;5;6;7;8;9;10;11;12;13;14;15;16;17;18;19;20;21;22;23;24;25;26;27;28;29;30;32
meta-llama/Meta-Llama-3.1-8B,factscore,LOO-long,rmd_mean_L27,ref,0.041572,0.027392,3,0,0;1;2;3;4;5;6;7;8;9;10;11;12;13;14;15;16;17;18;19;20;21;22;23;24;25;26;27;28;29;30;32
meta-llama/Meta-Llama-3.1-8B,factscore,LOO-long,rmd_mean_L28,ref,-0.007603,0.022258,3,0,0;1;2;3;4;5;6;7;8;9;10;11;12;13;14;15;16;17;18;19;20;21;22;23;24;25;26;27;28;29;30;32
meta-llama/Meta-Llama-3.1-8B,factscore,LOO-long,rmd_mean_L29,ref,0.012634,0.023378,3,0,0;1;2;3;4;5;6;7;8;9;10;11;12;13;14;15;16;17;18;19;20;21;22;23;24;25;26;27;28;29;30;32
meta-llama/Meta-Llama-3.1-8B,factscore,LOO-long,rmd_mean_L3,ref,0.041496,0.008778,3,0,0;1;2;3;4;5;6;7;8;9;10;11;12;13;14;15;16;17;18;19;20;21;22;23;24;25;26;27;28;29;30;32
meta-llama/Meta-Llama-3.1-8B,factscore,LOO-long,rmd_mean_L30,ref,0.019197,0.024501,3,0,0;1;2;3;4;5;6;7;8;9;10;11;12;13;14;15;16;17;18;19;20;21;22;23;24;25;26;27;28;29;30;32
meta-llama/Meta-Llama-3.1-8B,factscore,LOO-long,rmd_mean_L32,ref,0.249557,0.027979,3,0,0;1;2;3;4;5;6;7;8;9;10;11;12;13;14;15;16;17;18;19;20;21;22;23;24;25;26;27;28;29;30;32
meta-llama/Meta-Llama-3.1-8B,factscore,LOO-long,rmd_mean_L4,ref,0.076159,0.040692,3,0,0;1;2;3;4;5;6;7;8;9;10;11;12;13;14;15;16;17;18;19;20;21;22;23;24;25;26;27;28;29;30;32
meta-llama/Meta-Llama-3.1-8B,factscore,LOO-long,rmd_mean_L5,ref,0.141216,0.031429,3,0,0;1;2;3;4;5;6;7;8;9;10;11;12;13;14;15;16;17;18;19;20;21;22;23;24;25;26;27;28;29;30;32
meta-llama/Meta-Llama-3.1-8B,factscore,LOO-long,rmd_mean_L6,ref,0.186645,0.043053,3,0,0;1;2;3;4;5;6;7;8;9;10;11;12;13;14;15;16;17;18;19;20;21;22;23;24;25;26;27;28;29;30;32
meta-llama/Meta-Llama-3.1-8B,factscore,LOO-long,rmd_mean_L7,ref,0.202978,0.038848,3,0,0;1;2;3;4;5;6;7;8;9;10;11;12;13;14;15;16;17;18;19;20;21;22;23;24;25;26;27;28;29;30;32
meta-llama/Meta-Llama-3.1-8B,factscore,LOO-long,rmd_mean_L8,ref,0.291079,0.025585,3,0,0;1;2;3;4;5;6;7;8;9;10;11;12;13;14;15;16;17;18;19;20;21;22;23;24;25;26;27;28;29;30;32
meta-llama/Meta-Llama-3.1-8B,factscore,LOO-long,rmd_mean_L9,ref,0.36999,0.03565,3,0,0;1;2;3;4;5;6;7;8;9;10;11;12;13;14;15;16;17;18;19;20;21;22;23;24;25;26;27;28;29;30;32
meta-llama/Meta-Llama-3.1-8B,factscore,LOO-long,satmd_alllayer,ref,-0.085813,0.048719,3,0,0;1;2;3;4;5;6;7;8;9;10;11;12;13;14;15;16;17;18;19;20;21;22;23;24;25;26;27;28;29;30;32
meta-llama/Meta-Llama-3.1-8B,factscore,LOO-long,satrmd_alllayer,ref,-0.200244,0.057004,3,0,0;1;2;3;4;5;6;7;8;9;10;11;12;13;14;15;16;17;18;19;20;21;22;23;24;25;26;27;28;29;30;32
meta-llama/Meta-Llama-3.1-8B,factscore,SameTask-long,huq_satmd_alllayer,ref,0.252336,0.0,3,0,0;1;2;3;4;5;6;7;8;9;10;11;12;13;14;15;16;17;18;19;20;21;22;23;24;25;26;27;28;29;30;32
meta-llama/Meta-Llama-3.1-8B,factscore,SameTask-long,huq_satrmd_alllayer,ref,-0.029169,0.0,3,0,0;1;2;3;4;5;6;7;8;9;10;11;12;13;14;15;16;17;18;19;20;21;22;23;24;25;26;27;28;29;30;32
meta-llama/Meta-Llama-3.1-8B,factscore,SameTask-long,md_mean_L0,ref,-0.092478,0.0,3,0,0;1;2;3;4;5;6;7;8;9;10;11;12;13;14;15;16;17;18;19;20;21;22;23;24;25;26;27;28;29;30;32
meta-llama/Meta-Llama-3.1-8B,factscore,SameTask-long,md_mean_L1,ref,0.041583,0.0,3,0,0;1;2;3;4;5;6;7;8;9;10;11;12;13;14;15;16;17;18;19;20;21;22;23;24;25;26;27;28;29;30;32
meta-llama/Meta-Llama-3.1-8B,factscore,SameTask-long,md_mean_L10,ref,-0.159408,0.0,3,0,0;1;2;3;4;5;6;7;8;9;10;11;12;13;14;15;16;17;18;19;20;21;22;23;24;25;26;27;28;29;30;32
meta-llama/Meta-Llama-3.1-8B,factscore,SameTask-long,md_mean_L11,ref,-0.143919,0.0,3,0,0;1;2;3;4;5;6;7;8;9;10;11;12;13;14;15;16;17;18;19;20;21;22;23;24;25;26;27;28;29;30;32
meta-llama/Meta-Llama-3.1-8B,factscore,SameTask-long,md_mean_L12,ref,-0.126134,0.0,3,0,0;1;2;3;4;5;6;7;8;9;10;11;12;13;14;15;16;17;18;19;20;21;22;23;24;25;26;27;28;29;30;32
meta-llama/Meta-Llama-3.1-8B,factscore,SameTask-long,md_mean_L13,ref,-0.078152,0.0,3,0,0;1;2;3;4;5;6;7;8;9;10;11;12;13;14;15;16;17;18;19;20;21;22;23;24;25;26;27;28;29;30;32
meta-llama/Meta-Llama-3.1-8B,factscore,SameTask-long,md_mean_L14,ref,-0.144939,0.0,3,0,0;1;2;3;4;5;6;7;8;9;10;11;12;13;14;15;16;17;18;19;20;21;22;23;24;25;26;27;28;29;30;32
meta-llama/Meta-Llama-3.1-8B,factscore,SameTask-long,md_mean_L15,ref,-0.085454,0.0,3,0,0;1;2;3;4;5;6;7;8;9;10;11;12;13;14;15;16;17;18;19;20;21;22;23;24;25;26;27;28;29;30;32
meta-llama/Meta-Llama-3.1-8B,factscore,SameTask-long,md_mean_L16,ref,-0.094682,0.0,3,0,0;1;2;3;4;5;6;7;8;9;10;11;12;13;14;15;16;17;18;19;20;21;22;23;24;25;26;27;28;29;30;32
meta-llama/Meta-Llama-3.1-8B,factscore,SameTask-long,md_mean_L17,ref,-0.113338,0.0,3,0,0;1;2;3;4;5;6;7;8;9;10;11;12;13;14;15;16;17;18;19;20;21;22;23;24;25;26;27;28;29;30;32
meta-llama/Meta-Llama-3.1-8B,factscore,SameTask-long,md_mean_L18,ref,-0.08706,0.0,3,0,0;1;2;3;4;5;6;7;8;9;10;11;12;13;14;15;16;17;18;19;20;21;22;23;24;25;26;27;28;29;30;32
meta-llama/Meta-Llama-3.1-8B,factscore,SameTask-long,md_mean_L19,ref,-0.123478,0.0,3,0,0;1;2;3;4;5;6;7;8;9;10;11;12;13;14;15;16;17;18;19;20;21;22;23;24;25;26;27;28;29;30;32
meta-llama/Meta-Llama-3.1-8B,factscore,SameTask-long,md_mean_L2,ref,0.044287,0.0,3,0,0;1;2;3;4;5;6;7;8;9;10;11;12;13;14;15;16;17;18;19;20;21;22;23;24;25;26;27;28;29;30;32
meta-llama/Meta-Llama-3.1-8B,factscore,SameTask-long,md_mean_L20,ref,-0.154777,0.0,3,0,0;1;2;3;4;5;6;7;8;9;10;11;12;13;14;15;16;17;18;19;20;21;22;23;24;25;26;27;28;29;30;32
meta-llama/Meta-Llama-3.1-8B,factscore,SameTask-long,md_mean_L21,ref,-0.094212,0.0,3,0,0;1;2;3;4;5;6;7;8;9;10;11;12;13;14;15;16;17;18;19;20;21;22;23;24;25;26;27;28;29;30;32
meta-llama/Meta-Llama-3.1-8B,factscore,SameTask-long,md_mean_L22,ref,-0.049849,0.0,3,0,0;1;2;3;4;5;6;7;8;9;10;11;12;13;14;15;16;17;18;19;20;21;22;23;24;25;26;27;28;29;30;32
meta-llama/Meta-Llama-3.1-8B,factscore,SameTask-long,md_mean_L23,ref,-0.067582,0.0,3,0,0;1;2;3;4;5;6;7;8;9;10;11;12;13;14;15;16;17;18;19;20;21;22;23;24;25;26;27;28;29;30;32
meta-llama/Meta-Llama-3.1-8B,factscore,SameTask-long,md_mean_L24,ref,-0.068626,0.0,3,0,0;1;2;3;4;5;6;7;8;9;10;11;12;13;14;15;16;17;18;19;20;21;22;23;24;25;26;27;28;29;30;32
meta-llama/Meta-Llama-3.1-8B,factscore,SameTask-long,md_mean_L25,ref,-0.051592,0.0,3,0,0;1;2;3;4;5;6;7;8;9;10;11;12;13;14;15;16;17;18;19;20;21;22;23;24;25;26;27;28;29;30;32
meta-llama/Meta-Llama-3.1-8B,factscore,SameTask-long,md_mean_L26,ref,-0.030585,0.0,3,0,0;1;2;3;4;5;6;7;8;9;10;11;12;13;14;15;16;17;18;19;20;21;22;23;24;25;26;27;28;29;30;32
meta-llama/Meta-Llama-3.1-8B,factscore,SameTask-long,md_mean_L27,ref,-0.031337,0.0,3,0,0;1;2;3;4;5;6;7;8;9;10;11;12;13;14;15;16;17;18;19;20;21;22;23;24;25;26;27;28;29;30;32
meta-llama/Meta-Llama-3.1-8B,factscore,SameTask-long,md_mean_L28,ref,-0.033218,0.0,3,0,0;1;2;3;4;5;6;7;8;9;10;11;12;13;14;15;16;17;18;19;20;21;22;23;24;25;26;27;28;29;30;32
meta-llama/Meta-Llama-3.1-8B,factscore,SameTask-long,md_mean_L29,ref,-0.035332,0.0,3,0,0;1;2;3;4;5;6;7;8;9;10;11;12;13;14;15;16;17;18;19;20;21;22;23;24;25;26;27;28;29;30;32
meta-llama/Meta-Llama-3.1-8B,factscore,SameTask-long,md_mean_L3,ref,0.074969,0.0,3,0,0;1;2;3;4;5;6;7;8;9;10;11;12;13;14;15;16;17;18;19;20;21;22;23;24;25;26;27;28;29;30;32
meta-llama/Meta-Llama-3.1-8B,factscore,SameTask-long,md_mean_L30,ref,-0.048412,0.0,3,0,0;1;2;3;4;5;6;7;8;9;10;11;12;13;14;15;16;17;18;19;20;21;22;23;24;25;26;27;28;29;30;32
meta-llama/Meta-Llama-3.1-8B,factscore,SameTask-long,md_mean_L32,ref,-0.264008,0.0,3,0,0;1;2;3;4;5;6;7;8;9;10;11;12;13;14;15;16;17;18;19;20;21;22;23;24;25;26;27;28;29;30;32
meta-llama/Meta-Llama-3.1-8B,factscore,SameTask-long,md_mean_L4,ref,0.034655,0.0,3,0,0;1;2;3;4;5;6;7;8;9;10;11;12;13;14;15;16;17;18;19;20;21;22;23;24;25;26;27;28;29;30;32
meta-llama/Meta-Llama-3.1-8B,factscore,SameTask-long,md_mean_L5,ref,-0.028163,0.0,3,0,0;1;2;3;4;5;6;7;8;9;10;11;12;13;14;15;16;17;18;19;20;21;22;23;24;25;26;27;28;29;30;32
meta-llama/Meta-Llama-3.1-8B,factscore,SameTask-long,md_mean_L6,ref,-0.130709,0.0,3,0,0;1;2;3;4;5;6;7;8;9;10;11;12;13;14;15;16;17;18;19;20;21;22;23;24;25;26;27;28;29;30;32
meta-llama/Meta-Llama-3.1-8B,factscore,SameTask-long,md_mean_L7,ref,-0.09693,0.0,3,0,0;1;2;3;4;5;6;7;8;9;10;11;12;13;14;15;16;17;18;19;20;21;22;23;24;25;26;27;28;29;30;32
meta-llama/Meta-Llama-3.1-8B,factscore,SameTask-long,md_mean_L8,ref,-0.107503,0.0,3,0,0;1;2;3;4;5;6;7;8;9;10;11;12;13;14;15;16;17;18;19;20;21;22;23;24;25;26;27;28;29;30;32
meta-llama/Meta-Llama-3.1-8B,factscore,SameTask-long,md_mean_L9,ref,-0.157857,0.0,3,0,0;1;2;3;4;5;6;7;8;9;10;11;12;13;14;15;16;17;18;19;20;21;22;23;24;25;26;27;28;29;30;32
meta-llama/Meta-Llama-3.1-8B,factscore,SameTask-long,rmd_mean_L0,ref,-0.042066,0.0,3,0,0;1;2;3;4;5;6;7;8;9;10;11;12;13;14;15;16;17;18;19;20;21;22;23;24;25;26;27;28;29;30;32
meta-llama/Meta-Llama-3.1-8B,factscore,SameTask-long,rmd_mean_L1,ref,0.035474,0.0,3,0,0;1;2;3;4;5;6;7;8;9;10;11;12;13;14;15;16;17;18;19;20;21;22;23;24;25;26;27;28;29;30;32
meta-llama/Meta-Llama-3.1-8B,factscore,SameTask-long,rmd_mean_L10,ref,0.023965,0.0,3,0,0;1;2;3;4;5;6;7;8;9;10;11;12;13;14;15;16;17;18;19;20;21;22;23;24;25;26;27;28;29;30;32
meta-llama/Meta-Llama-3.1-8B,factscore,SameTask-long,rmd_mean_L11,ref,-0.029742,0.0,3,0,0;1;2;3;4;5;6;7;8;9;10;11;12;13;14;15;16;17;18;19;20;21;22;23;24;25;26;27;28;29;30;32
meta-llama/Meta-Llama-3.1-8B,factscore,SameTask-long,rmd_mean_L12,ref,-0.037929,0.0,3,0,0;1;2;3;4;5;6;7;8;9;10;11;12;13;14;15;16;17;18;19;20;21;22;23;24;25;26;27;28;29;30;32
meta-llama/Meta-Llama-3.1-8B,factscore,SameTask-long,rmd_mean_L13,ref,-0.072487,0.0,3,0,0;1;2;3;4;5;6;7;8;9;10;11;12;13;14;15;16;17;18;19;20;21;22;23;24;25;26;27;28;29;30;32
meta-llama/Meta-Llama-3.1-8B,factscore,SameTask-long,rmd_mean_L14,ref,-0.068585,0.0,3,0,0;1;2;3;4;5;6;7;8;9;10;11;12;13;14;15;16;17;18;19;20;21;22;23;24;25;26;27;28;29;30;32
meta-llama/Meta-Llama-3.1-8B,factscore,SameTask-long,rmd_mean_L15,ref,-0.04715,0.0,3,0,0;1;2;3;4;5;6;7;8;9;10;11;12;13;14;15;16;17;18;19;20;21;22;23;24;25;26;27;28;29;30;32
meta-llama/Meta-Llama-3.1-8B,factscore,SameTask-long,rmd_mean_L16,ref,-0.101435,0.0,3,0,0;1;2;3;4;5;6;7;8;9;10;11;12;13;14;15;16;17;18;19;20;21;22;23;24;25;26;27;28;29;30;32
meta-llama/Meta-Llama-3.1-8B,factscore,SameTask-long,rmd_mean_L17,ref,-0.078908,0.0,3,0,0;1;2;3;4;5;6;7;8;9;10;11;12;13;14;15;16;17;18;19;20;21;22;23;24;25;26;27;28;29;30;32
meta-llama/Meta-Llama-3.1-8B,factscore,SameTask-long,rmd_mean_L18,ref,-0.079017,0.0,3,0,0;1;2;3;4;5;6;7;8;9;10;11;12;13;14;15;16;17;18;19;20;21;22;23;24;25;26;27;28;29;30;32
meta-llama/Meta-Llama-3.1-8B,factscore,SameTask-long,rmd_mean_L19,ref,-0.034966,0.0,3,0,0;1;2;3;4;5;6;7;8;9;10;11;12;13;14;15;16;17;18;19;20;21;22;23;24;25;26;27;28;29;30;32
meta-llama/Meta-Llama-3.1-8B,factscore,SameTask-long,rmd_mean_L2,ref,0.007724,0.0,3,0,0;1;2;3;4;5;6;7;8;9;10;11;12;13;14;15;16;17;18;19;20;21;22;23;24;25;26;27;28;29;30;32
meta-llama/Meta-Llama-3.1-8B,factscore,SameTask-long,rmd_mean_L20,ref,-0.045818,0.0,3,0,0;1;2;3;4;5;6;7;8;9;10;11;12;13;14;15;16;17;18;19;20;21;22;23;24;25;26;27;28;29;30;32
meta-llama/Meta-Llama-3.1-8B,factscore,SameTask-long,rmd_mean_L21,ref,-0.010841,0.0,3,0,0;1;2;3;4;5;6;7;8;9;10;11;12;13;14;15;16;17;18;19;20;21;22;23;24;25;26;27;28;29;30;32
meta-llama/Meta-Llama-3.1-8B,factscore,SameTask-long,rmd_mean_L22,ref,0.003436,0.0,3,0,0;1;2;3;4;5;6;7;8;9;10;11;12;13;14;15;16;17;18;19;20;21;22;23;24;25;26;27;28;29;30;32
meta-llama/Meta-Llama-3.1-8B,factscore,SameTask-long,rmd_mean_L23,ref,0.016215,0.0,3,0,0;1;2;3;4;5;6;7;8;9;10;11;12;13;14;15;16;17;18;19;20;21;22;23;24;25;26;27;28;29;30;32
meta-llama/Meta-Llama-3.1-8B,factscore,SameTask-long,rmd_mean_L24,ref,0.003154,0.0,3,0,0;1;2;3;4;5;6;7;8;9;10;11;12;13;14;15;16;17;18;19;20;21;22;23;24;25;26;27;28;29;30;32
meta-llama/Meta-Llama-3.1-8B,factscore,SameTask-long,rmd_mean_L25,ref,0.004484,0.0,3,0,0;1;2;3;4;5;6;7;8;9;10;11;12;13;14;15;16;17;18;19;20;21;22;23;24;25;26;27;28;29;30;32
meta-llama/Meta-Llama-3.1-8B,factscore,SameTask-long,rmd_mean_L26,ref,-0.018834,0.0,3,0,0;1;2;3;4;5;6;7;8;9;10;11;12;13;14;15;16;17;18;19;20;21;22;23;24;25;26;27;28;29;30;32
meta-llama/Meta-Llama-3.1-8B,factscore,SameTask-long,rmd_mean_L27,ref,-0.027308,0.0,3,0,0;1;2;3;4;5;6;7;8;9;10;11;12;13;14;15;16;17;18;19;20;21;22;23;24;25;26;27;28;29;30;32
meta-llama/Meta-Llama-3.1-8B,factscore,SameTask-long,rmd_mean_L28,ref,-0.044139,0.0,3,0,0;1;2;3;4;5;6;7;8;9;10;11;12;13;14;15;16;17;18;19;20;21;22;23;24;25;26;27;28;29;30;32
meta-llama/Meta-Llama-3.1-8B,factscore,SameTask-long,rmd_mean_L29,ref,-0.035128,0.0,3,0,0;1;2;3;4;5;6;7;8;9;10;11;12;13;14;15;16;17;18;19;20;21;22;23;24;25;26;27;28;29;30;32
meta-llama/Meta-Llama-3.1-8B,factscore,SameTask-long,rmd_mean_L3,ref,-0.024702,0.0,3,0,0;1;2;3;4;5;6;7;8;9;10;11;12;13;14;15;16;17;18;19;20;21;22;23;24;25;26;27;28;29;30;32
meta-llama/Meta-Llama-3.1-8B,factscore,SameTask-long,rmd_mean_L30,ref,-0.028968,0.0,3,0,0;1;2;3;4;5;6;7;8;9;10;11;12;13;14;15;16;17;18;19;20;21;22;23;24;25;26;27;28;29;30;32
meta-llama/Meta-Llama-3.1-8B,factscore,SameTask-long,rmd_mean_L32,ref,0.113831,0.0,3,0,0;1;2;3;4;5;6;7;8;9;10;11;12;13;14;15;16;17;18;19;20;21;22;23;24;25;26;27;28;29;30;32
meta-llama/Meta-Llama-3.1-8B,factscore,SameTask-long,rmd_mean_L4,ref,-0.058896,0.0,3,0,0;1;2;3;4;5;6;7;8;9;10;11;12;13;14;15;16;17;18;19;20;21;22;23;24;25;26;27;28;29;30;32
meta-llama/Meta-Llama-3.1-8B,factscore,SameTask-long,rmd_mean_L5,ref,-0.060238,0.0,3,0,0;1;2;3;4;5;6;7;8;9;10;11;12;13;14;15;16;17;18;19;20;21;22;23;24;25;26;27;28;29;30;32
meta-llama/Meta-Llama-3.1-8B,factscore,SameTask-long,rmd_mean_L6,ref,-0.067402,0.0,3,0,0;1;2;3;4;5;6;7;8;9;10;11;12;13;14;15;16;17;18;19;20;21;22;23;24;25;26;27;28;29;30;32
meta-llama/Meta-Llama-3.1-8B,factscore,SameTask-long,rmd_mean_L7,ref,-0.070194,0.0,3,0,0;1;2;3;4;5;6;7;8;9;10;11;12;13;14;15;16;17;18;19;20;21;22;23;24;25;26;27;28;29;30;32
meta-llama/Meta-Llama-3.1-8B,factscore,SameTask-long,rmd_mean_L8,ref,-0.045723,0.0,3,0,0;1;2;3;4;5;6;7;8;9;10;11;12;13;14;15;16;17;18;19;20;21;22;23;24;25;26;27;28;29;30;32
meta-llama/Meta-Llama-3.1-8B,factscore,SameTask-long,rmd_mean_L9,ref,-0.014209,0.0,3,0,0;1;2;3;4;5;6;7;8;9;10;11;12;13;14;15;16;17;18;19;20;21;22;23;24;25;26;27;28;29;30;32
meta-llama/Meta-Llama-3.1-8B,factscore,SameTask-long,satmd_alllayer,ref,0.210604,0.0,3,0,0;1;2;3;4;5;6;7;8;9;10;11;12;13;14;15;16;17;18;19;20;21;22;23;24;25;26;27;28;29;30;32
meta-llama/Meta-Llama-3.1-8B,factscore,SameTask-long,satrmd_alllayer,ref,-0.061042,0.0,3,0,0;1;2;3;4;5;6;7;8;9;10;11;12;13;14;15;16;17;18;19;20;21;22;23;24;25;26;27;28;29;30;32
meta-llama/Meta-Llama-3.1-8B,med_quad,1ds-Diff-long,huq_satmd_alllayer,ref,-0.18307,0.0,3,0,0;1;2;3;4;5;6;7;8;9;10;11;12;13;14;15;16;17;18;19;20;21;22;23;24;25;26;27;28;29;30;32
meta-llama/Meta-Llama-3.1-8B,med_quad,1ds-Diff-long,huq_satrmd_alllayer,ref,0.054551,0.0,3,0,0;1;2;3;4;5;6;7;8;9;10;11;12;13;14;15;16;17;18;19;20;21;22;23;24;25;26;27;28;29;30;32
meta-llama/Meta-Llama-3.1-8B,med_quad,1ds-Diff-long,md_mean_L0,ref,-0.097956,0.0,3,0,0;1;2;3;4;5;6;7;8;9;10;11;12;13;14;15;16;17;18;19;20;21;22;23;24;25;26;27;28;29;30;32
meta-llama/Meta-Llama-3.1-8B,med_quad,1ds-Diff-long,md_mean_L1,ref,-0.072765,0.0,3,0,0;1;2;3;4;5;6;7;8;9;10;11;12;13;14;15;16;17;18;19;20;21;22;23;24;25;26;27;28;29;30;32
meta-llama/Meta-Llama-3.1-8B,med_quad,1ds-Diff-long,md_mean_L10,ref,-0.144799,0.0,3,0,0;1;2;3;4;5;6;7;8;9;10;11;12;13;14;15;16;17;18;19;20;21;22;23;24;25;26;27;28;29;30;32
meta-llama/Meta-Llama-3.1-8B,med_quad,1ds-Diff-long,md_mean_L11,ref,-0.124714,0.0,3,0,0;1;2;3;4;5;6;7;8;9;10;11;12;13;14;15;16;17;18;19;20;21;22;23;24;25;26;27;28;29;30;32
meta-llama/Meta-Llama-3.1-8B,med_quad,1ds-Diff-long,md_mean_L12,ref,-0.12291,0.0,3,0,0;1;2;3;4;5;6;7;8;9;10;11;12;13;14;15;16;17;18;19;20;21;22;23;24;25;26;27;28;29;30;32
meta-llama/Meta-Llama-3.1-8B,med_quad,1ds-Diff-long,md_mean_L13,ref,-0.187387,0.0,3,0,0;1;2;3;4;5;6;7;8;9;10;11;12;13;14;15;16;17;18;19;20;21;22;23;24;25;26;27;28;29;30;32
meta-llama/Meta-Llama-3.1-8B,med_quad,1ds-Diff-long,md_mean_L14,ref,-0.212942,0.0,3,0,0;1;2;3;4;5;6;7;8;9;10;11;12;13;14;15;16;17;18;19;20;21;22;23;24;25;26;27;28;29;30;32
meta-llama/Meta-Llama-3.1-8B,med_quad,1ds-Diff-long,md_mean_L15,ref,-0.179606,0.0,3,0,0;1;2;3;4;5;6;7;8;9;10;11;12;13;14;15;16;17;18;19;20;21;22;23;24;25;26;27;28;29;30;32
meta-llama/Meta-Llama-3.1-8B,med_quad,1ds-Diff-long,md_mean_L16,ref,-0.1584,0.0,3,0,0;1;2;3;4;5;6;7;8;9;10;11;12;13;14;15;16;17;18;19;20;21;22;23;24;25;26;27;28;29;30;32
meta-llama/Meta-Llama-3.1-8B,med_quad,1ds-Diff-long,md_mean_L17,ref,-0.024742,0.0,3,0,0;1;2;3;4;5;6;7;8;9;10;11;12;13;14;15;16;17;18;19;20;21;22;23;24;25;26;27;28;29;30;32
meta-llama/Meta-Llama-3.1-8B,med_quad,1ds-Diff-long,md_mean_L18,ref,0.147661,0.0,3,0,0;1;2;3;4;5;6;7;8;9;10;11;12;13;14;15;16;17;18;19;20;21;22;23;24;25;26;27;28;29;30;32
meta-llama/Meta-Llama-3.1-8B,med_quad,1ds-Diff-long,md_mean_L19,ref,0.171499,0.0,3,0,0;1;2;3;4;5;6;7;8;9;10;11;12;13;14;15;16;17;18;19;20;21;22;23;24;25;26;27;28;29;30;32
meta-llama/Meta-Llama-3.1-8B,med_quad,1ds-Diff-long,md_mean_L2,ref,-0.036993,0.0,3,0,0;1;2;3;4;5;6;7;8;9;10;11;12;13;14;15;16;17;18;19;20;21;22;23;24;25;26;27;28;29;30;32
meta-llama/Meta-Llama-3.1-8B,med_quad,1ds-Diff-long,md_mean_L20,ref,0.173325,0.0,3,0,0;1;2;3;4;5;6;7;8;9;10;11;12;13;14;15;16;17;18;19;20;21;22;23;24;25;26;27;28;29;30;32
meta-llama/Meta-Llama-3.1-8B,med_quad,1ds-Diff-long,md_mean_L21,ref,0.163723,0.0,3,0,0;1;2;3;4;5;6;7;8;9;10;11;12;13;14;15;16;17;18;19;20;21;22;23;24;25;26;27;28;29;30;32
meta-llama/Meta-Llama-3.1-8B,med_quad,1ds-Diff-long,md_mean_L22,ref,0.114593,0.0,3,0,0;1;2;3;4;5;6;7;8;9;10;11;12;13;14;15;16;17;18;19;20;21;22;23;24;25;26;27;28;29;30;32
meta-llama/Meta-Llama-3.1-8B,med_quad,1ds-Diff-long,md_mean_L23,ref,0.10667,0.0,3,0,0;1;2;3;4;5;6;7;8;9;10;11;12;13;14;15;16;17;18;19;20;21;22;23;24;25;26;27;28;29;30;32
meta-llama/Meta-Llama-3.1-8B,med_quad,1ds-Diff-long,md_mean_L24,ref,0.09036,0.0,3,0,0;1;2;3;4;5;6;7;8;9;10;11;12;13;14;15;16;17;18;19;20;21;22;23;24;25;26;27;28;29;30;32
meta-llama/Meta-Llama-3.1-8B,med_quad,1ds-Diff-long,md_mean_L25,ref,0.09137,0.0,3,0,0;1;2;3;4;5;6;7;8;9;10;11;12;13;14;15;16;17;18;19;20;21;22;23;24;25;26;27;28;29;30;32
meta-llama/Meta-Llama-3.1-8B,med_quad,1ds-Diff-long,md_mean_L26,ref,0.088296,0.0,3,0,0;1;2;3;4;5;6;7;8;9;10;11;12;13;14;15;16;17;18;19;20;21;22;23;24;25;26;27;28;29;30;32
meta-llama/Meta-Llama-3.1-8B,med_quad,1ds-Diff-long,md_mean_L27,ref,0.067864,0.0,3,0,0;1;2;3;4;5;6;7;8;9;10;11;12;13;14;15;16;17;18;19;20;21;22;23;24;25;26;27;28;29;30;32
meta-llama/Meta-Llama-3.1-8B,med_quad,1ds-Diff-long,md_mean_L28,ref,0.049857,0.0,3,0,0;1;2;3;4;5;6;7;8;9;10;11;12;13;14;15;16;17;18;19;20;21;22;23;24;25;26;27;28;29;30;32
meta-llama/Meta-Llama-3.1-8B,med_quad,1ds-Diff-long,md_mean_L29,ref,0.044353,0.0,3,0,0;1;2;3;4;5;6;7;8;9;10;11;12;13;14;15;16;17;18;19;20;21;22;23;24;25;26;27;28;29;30;32
meta-llama/Meta-Llama-3.1-8B,med_quad,1ds-Diff-long,md_mean_L3,ref,0.021759,0.0,3,0,0;1;2;3;4;5;6;7;8;9;10;11;12;13;14;15;16;17;18;19;20;21;22;23;24;25;26;27;28;29;30;32
meta-llama/Meta-Llama-3.1-8B,med_quad,1ds-Diff-long,md_mean_L30,ref,0.043344,0.0,3,0,0;1;2;3;4;5;6;7;8;9;10;11;12;13;14;15;16;17;18;19;20;21;22;23;24;25;26;27;28;29;30;32
meta-llama/Meta-Llama-3.1-8B,med_quad,1ds-Diff-long,md_mean_L32,ref,-0.169563,0.0,3,0,0;1;2;3;4;5;6;7;8;9;10;11;12;13;14;15;16;17;18;19;20;21;22;23;24;25;26;27;28;29;30;32
meta-llama/Meta-Llama-3.1-8B,med_quad,1ds-Diff-long,md_mean_L4,ref,-0.042988,0.0,3,0,0;1;2;3;4;5;6;7;8;9;10;11;12;13;14;15;16;17;18;19;20;21;22;23;24;25;26;27;28;29;30;32
meta-llama/Meta-Llama-3.1-8B,med_quad,1ds-Diff-long,md_mean_L5,ref,-0.079022,0.0,3,0,0;1;2;3;4;5;6;7;8;9;10;11;12;13;14;15;16;17;18;19;20;21;22;23;24;25;26;27;28;29;30;32
meta-llama/Meta-Llama-3.1-8B,med_quad,1ds-Diff-long,md_mean_L6,ref,-0.093057,0.0,3,0,0;1;2;3;4;5;6;7;8;9;10;11;12;13;14;15;16;17;18;19;20;21;22;23;24;25;26;27;28;29;30;32
meta-llama/Meta-Llama-3.1-8B,med_quad,1ds-Diff-long,md_mean_L7,ref,-0.116157,0.0,3,0,0;1;2;3;4;5;6;7;8;9;10;11;12;13;14;15;16;17;18;19;20;21;22;23;24;25;26;27;28;29;30;32
meta-llama/Meta-Llama-3.1-8B,med_quad,1ds-Diff-long,md_mean_L8,ref,-0.080287,0.0,3,0,0;1;2;3;4;5;6;7;8;9;10;11;12;13;14;15;16;17;18;19;20;21;22;23;24;25;26;27;28;29;30;32
meta-llama/Meta-Llama-3.1-8B,med_quad,1ds-Diff-long,md_mean_L9,ref,-0.107097,0.0,3,0,0;1;2;3;4;5;6;7;8;9;10;11;12;13;14;15;16;17;18;19;20;21;22;23;24;25;26;27;28;29;30;32
meta-llama/Meta-Llama-3.1-8B,med_quad,1ds-Diff-long,msp_satmd_alllayer,ref,-0.054577,0.0,3,0,0;1;2;3;4;5;6;7;8;9;10;11;12;13;14;15;16;17;18;19;20;21;22;23;24;25;26;27;28;29;30;32
meta-llama/Meta-Llama-3.1-8B,med_quad,1ds-Diff-long,msp_satrmd_alllayer,ref,0.04292,0.0,3,0,0;1;2;3;4;5;6;7;8;9;10;11;12;13;14;15;16;17;18;19;20;21;22;23;24;25;26;27;28;29;30;32
meta-llama/Meta-Llama-3.1-8B,med_quad,1ds-Diff-long,rmd_mean_L0,ref,-0.055659,0.0,3,0,0;1;2;3;4;5;6;7;8;9;10;11;12;13;14;15;16;17;18;19;20;21;22;23;24;25;26;27;28;29;30;32
meta-llama/Meta-Llama-3.1-8B,med_quad,1ds-Diff-long,rmd_mean_L1,ref,-0.07258,0.0,3,0,0;1;2;3;4;5;6;7;8;9;10;11;12;13;14;15;16;17;18;19;20;21;22;23;24;25;26;27;28;29;30;32
meta-llama/Meta-Llama-3.1-8B,med_quad,1ds-Diff-long,rmd_mean_L10,ref,-0.168441,0.0,3,0,0;1;2;3;4;5;6;7;8;9;10;11;12;13;14;15;16;17;18;19;20;21;22;23;24;25;26;27;28;29;30;32
meta-llama/Meta-Llama-3.1-8B,med_quad,1ds-Diff-long,rmd_mean_L11,ref,-0.164614,0.0,3,0,0;1;2;3;4;5;6;7;8;9;10;11;12;13;14;15;16;17;18;19;20;21;22;23;24;25;26;27;28;29;30;32
meta-llama/Meta-Llama-3.1-8B,med_quad,1ds-Diff-long,rmd_mean_L12,ref,-0.15669,0.0,3,0,0;1;2;3;4;5;6;7;8;9;10;11;12;13;14;15;16;17;18;19;20;21;22;23;24;25;26;27;28;29;30;32
meta-llama/Meta-Llama-3.1-8B,med_quad,1ds-Diff-long,rmd_mean_L13,ref,-0.187757,0.0,3,0,0;1;2;3;4;5;6;7;8;9;10;11;12;13;14;15;16;17;18;19;20;21;22;23;24;25;26;27;28;29;30;32
meta-llama/Meta-Llama-3.1-8B,med_quad,1ds-Diff-long,rmd_mean_L14,ref,-0.185632,0.0,3,0,0;1;2;3;4;5;6;7;8;9;10;11;12;13;14;15;16;17;18;19;20;21;22;23;24;25;26;27;28;29;30;32
meta-llama/Meta-Llama-3.1-8B,med_quad,1ds-Diff-long,rmd_mean_L15,ref,-0.167697,0.0,3,0,0;1;2;3;4;5;6;7;8;9;10;11;12;13;14;15;16;17;18;19;20;21;22;23;24;25;26;27;28;29;30;32
meta-llama/Meta-Llama-3.1-8B,med_quad,1ds-Diff-long,rmd_mean_L16,ref,-0.132118,0.0,3,0,0;1;2;3;4;5;6;7;8;9;10;11;12;13;14;15;16;17;18;19;20;21;22;23;24;25;26;27;28;29;30;32
meta-llama/Meta-Llama-3.1-8B,med_quad,1ds-Diff-long,rmd_mean_L17,ref,-0.089577,0.0,3,0,0;1;2;3;4;5;6;7;8;9;10;11;12;13;14;15;16;17;18;19;20;21;22;23;24;25;26;27;28;29;30;32
meta-llama/Meta-Llama-3.1-8B,med_quad,1ds-Diff-long,rmd_mean_L18,ref,-0.030009,0.0,3,0,0;1;2;3;4;5;6;7;8;9;10;11;12;13;14;15;16;17;18;19;20;21;22;23;24;25;26;27;28;29;30;32
meta-llama/Meta-Llama-3.1-8B,med_quad,1ds-Diff-long,rmd_mean_L19,ref,-0.011607,0.0,3,0,0;1;2;3;4;5;6;7;8;9;10;11;12;13;14;15;16;17;18;19;20;21;22;23;24;25;26;27;28;29;30;32
meta-llama/Meta-Llama-3.1-8B,med_quad,1ds-Diff-long,rmd_mean_L2,ref,-0.135142,0.0,3,0,0;1;2;3;4;5;6;7;8;9;10;11;12;13;14;15;16;17;18;19;20;21;22;23;24;25;26;27;28;29;30;32
meta-llama/Meta-Llama-3.1-8B,med_quad,1ds-Diff-long,rmd_mean_L20,ref,-0.004386,0.0,3,0,0;1;2;3;4;5;6;7;8;9;10;11;12;13;14;15;16;17;18;19;20;21;22;23;24;25;26;27;28;29;30;32
meta-llama/Meta-Llama-3.1-8B,med_quad,1ds-Diff-long,rmd_mean_L21,ref,-0.020312,0.0,3,0,0;1;2;3;4;5;6;7;8;9;10;11;12;13;14;15;16;17;18;19;20;21;22;23;24;25;26;27;28;29;30;32
meta-llama/Meta-Llama-3.1-8B,med_quad,1ds-Diff-long,rmd_mean_L22,ref,-0.024035,0.0,3,0,0;1;2;3;4;5;6;7;8;9;10;11;12;13;14;15;16;17;18;19;20;21;22;23;24;25;26;27;28;29;30;32
meta-llama/Meta-Llama-3.1-8B,med_quad,1ds-Diff-long,rmd_mean_L23,ref,-0.033889,0.0,3,0,0;1;2;3;4;5;6;7;8;9;10;11;12;13;14;15;16;17;18;19;20;21;22;23;24;25;26;27;28;29;30;32
meta-llama/Meta-Llama-3.1-8B,med_quad,1ds-Diff-long,rmd_mean_L24,ref,-0.043866,0.0,3,0,0;1;2;3;4;5;6;7;8;9;10;11;12;13;14;15;16;17;18;19;20;21;22;23;24;25;26;27;28;29;30;32
meta-llama/Meta-Llama-3.1-8B,med_quad,1ds-Diff-long,rmd_mean_L25,ref,-0.037801,0.0,3,0,0;1;2;3;4;5;6;7;8;9;10;11;12;13;14;15;16;17;18;19;20;21;22;23;24;25;26;27;28;29;30;32
meta-llama/Meta-Llama-3.1-8B,med_quad,1ds-Diff-long,rmd_mean_L26,ref,-0.028597,0.0,3,0,0;1;2;3;4;5;6;7;8;9;10;11;12;13;14;15;16;17;18;19;20;21;22;23;24;25;26;27;28;29;30;32
meta-llama/Meta-Llama-3.1-8B,med_quad,1ds-Diff-long,rmd_mean_L27,ref,-0.038754,0.0,3,0,0;1;2;3;4;5;6;7;8;9;10;11;12;13;14;15;16;17;18;19;20;21;22;23;24;25;26;27;28;29;30;32
meta-llama/Meta-Llama-3.1-8B,med_quad,1ds-Diff-long,rmd_mean_L28,ref,-0.053895,0.0,3,0,0;1;2;3;4;5;6;7;8;9;10;11;12;13;14;15;16;17;18;19;20;21;22;23;24;25;26;27;28;29;30;32
meta-llama/Meta-Llama-3.1-8B,med_quad,1ds-Diff-long,rmd_mean_L29,ref,-0.043923,0.0,3,0,0;1;2;3;4;5;6;7;8;9;10;11;12;13;14;15;16;17;18;19;20;21;22;23;24;25;26;27;28;29;30;32
meta-llama/Meta-Llama-3.1-8B,med_quad,1ds-Diff-long,rmd_mean_L3,ref,-0.132271,0.0,3,0,0;1;2;3;4;5;6;7;8;9;10;11;12;13;14;15;16;17;18;19;20;21;22;23;24;25;26;27;28;29;30;32
meta-llama/Meta-Llama-3.1-8B,med_quad,1ds-Diff-long,rmd_mean_L30,ref,-0.03846,0.0,3,0,0;1;2;3;4;5;6;7;8;9;10;11;12;13;14;15;16;17;18;19;20;21;22;23;24;25;26;27;28;29;30;32
meta-llama/Meta-Llama-3.1-8B,med_quad,1ds-Diff-long,rmd_mean_L32,ref,-0.114546,0.0,3,0,0;1;2;3;4;5;6;7;8;9;10;11;12;13;14;15;16;17;18;19;20;21;22;23;24;25;26;27;28;29;30;32
meta-llama/Meta-Llama-3.1-8B,med_quad,1ds-Diff-long,rmd_mean_L4,ref,-0.152041,0.0,3,0,0;1;2;3;4;5;6;7;8;9;10;11;12;13;14;15;16;17;18;19;20;21;22;23;24;25;26;27;28;29;30;32
meta-llama/Meta-Llama-3.1-8B,med_quad,1ds-Diff-long,rmd_mean_L5,ref,-0.161605,0.0,3,0,0;1;2;3;4;5;6;7;8;9;10;11;12;13;14;15;16;17;18;19;20;21;22;23;24;25;26;27;28;29;30;32
meta-llama/Meta-Llama-3.1-8B,med_quad,1ds-Diff-long,rmd_mean_L6,ref,-0.158632,0.0,3,0,0;1;2;3;4;5;6;7;8;9;10;11;12;13;14;15;16;17;18;19;20;21;22;23;24;25;26;27;28;29;30;32
meta-llama/Meta-Llama-3.1-8B,med_quad,1ds-Diff-long,rmd_mean_L7,ref,-0.153158,0.0,3,0,0;1;2;3;4;5;6;7;8;9;10;11;12;13;14;15;16;17;18;19;20;21;22;23;24;25;26;27;28;29;30;32
meta-llama/Meta-Llama-3.1-8B,med_quad,1ds-Diff-long,rmd_mean_L8,ref,-0.165745,0.0,3,0,0;1;2;3;4;5;6;7;8;9;10;11;12;13;14;15;16;17;18;19;20;21;22;23;24;25;26;27;28;29;30;32
meta-llama/Meta-Llama-3.1-8B,med_quad,1ds-Diff-long,rmd_mean_L9,ref,-0.177425,0.0,3,0,0;1;2;3;4;5;6;7;8;9;10;11;12;13;14;15;16;17;18;19;20;21;22;23;24;25;26;27;28;29;30;32
meta-llama/Meta-Llama-3.1-8B,med_quad,1ds-Diff-long,satmd_alllayer,ref,-0.18307,0.0,3,0,0;1;2;3;4;5;6;7;8;9;10;11;12;13;14;15;16;17;18;19;20;21;22;23;24;25;26;27;28;29;30;32
meta-llama/Meta-Llama-3.1-8B,med_quad,1ds-Diff-long,satrmd_alllayer,ref,0.054551,0.0,3,0,0;1;2;3;4;5;6;7;8;9;10;11;12;13;14;15;16;17;18;19;20;21;22;23;24;25;26;27;28;29;30;32
meta-llama/Meta-Llama-3.1-8B,med_quad,DiffTask-long,huq_satmd_alllayer,ref,0.184004,0.018568,3,0,0;1;2;3;4;5;6;7;8;9;10;11;12;13;14;15;16;17;18;19;20;21;22;23;24;25;26;27;28;29;30;32
meta-llama/Meta-Llama-3.1-8B,med_quad,DiffTask-long,huq_satrmd_alllayer,ref,0.046246,0.096238,3,0,0;1;2;3;4;5;6;7;8;9;10;11;12;13;14;15;16;17;18;19;20;21;22;23;24;25;26;27;28;29;30;32
meta-llama/Meta-Llama-3.1-8B,med_quad,DiffTask-long,md_mean_L0,ref,-0.074736,0.00772,3,0,0;1;2;3;4;5;6;7;8;9;10;11;12;13;14;15;16;17;18;19;20;21;22;23;24;25;26;27;28;29;30;32
meta-llama/Meta-Llama-3.1-8B,med_quad,DiffTask-long,md_mean_L1,ref,-0.067416,0.007607,3,0,0;1;2;3;4;5;6;7;8;9;10;11;12;13;14;15;16;17;18;19;20;21;22;23;24;25;26;27;28;29;30;32
meta-llama/Meta-Llama-3.1-8B,med_quad,DiffTask-long,md_mean_L10,ref,0.161008,0.024676,3,0,0;1;2;3;4;5;6;7;8;9;10;11;12;13;14;15;16;17;18;19;20;21;22;23;24;25;26;27;28;29;30;32
meta-llama/Meta-Llama-3.1-8B,med_quad,DiffTask-long,md_mean_L11,ref,0.175537,0.023088,3,0,0;1;2;3;4;5;6;7;8;9;10;11;12;13;14;15;16;17;18;19;20;21;22;23;24;25;26;27;28;29;30;32
meta-llama/Meta-Llama-3.1-8B,med_quad,DiffTask-long,md_mean_L12,ref,0.186701,0.015542,3,0,0;1;2;3;4;5;6;7;8;9;10;11;12;13;14;15;16;17;18;19;20;21;22;23;24;25;26;27;28;29;30;32
meta-llama/Meta-Llama-3.1-8B,med_quad,DiffTask-long,md_mean_L13,ref,0.149917,0.018483,3,0,0;1;2;3;4;5;6;7;8;9;10;11;12;13;14;15;16;17;18;19;20;21;22;23;24;25;26;27;28;29;30;32
meta-llama/Meta-Llama-3.1-8B,med_quad,DiffTask-long,md_mean_L14,ref,0.161506,0.01605,3,0,0;1;2;3;4;5;6;7;8;9;10;11;12;13;14;15;16;17;18;19;20;21;22;23;24;25;26;27;28;29;30;32
meta-llama/Meta-Llama-3.1-8B,med_quad,DiffTask-long,md_mean_L15,ref,0.168758,0.021796,3,0,0;1;2;3;4;5;6;7;8;9;10;11;12;13;14;15;16;17;18;19;20;21;22;23;24;25;26;27;28;29;30;32
meta-llama/Meta-Llama-3.1-8B,med_quad,DiffTask-long,md_mean_L16,ref,0.151601,0.029227,3,0,0;1;2;3;4;5;6;7;8;9;10;11;12;13;14;15;16;17;18;19;20;21;22;23;24;25;26;27;28;29;30;32
meta-llama/Meta-Llama-3.1-8B,med_quad,DiffTask-long,md_mean_L17,ref,0.10659,0.029302,3,0,0;1;2;3;4;5;6;7;8;9;10;11;12;13;14;15;16;17;18;19;20;21;22;23;24;25;26;27;28;29;30;32
meta-llama/Meta-Llama-3.1-8B,med_quad,DiffTask-long,md_mean_L18,ref,0.154793,0.028917,3,0,0;1;2;3;4;5;6;7;8;9;10;11;12;13;14;15;16;17;18;19;20;21;22;23;24;25;26;27;28;29;30;32
meta-llama/Meta-Llama-3.1-8B,med_quad,DiffTask-long,md_mean_L19,ref,0.157633,0.023656,3,0,0;1;2;3;4;5;6;7;8;9;10;11;12;13;14;15;16;17;18;19;20;21;22;23;24;25;26;27;28;29;30;32
meta-llama/Meta-Llama-3.1-8B,med_quad,DiffTask-long,md_mean_L2,ref,-0.016984,0.009986,3,0,0;1;2;3;4;5;6;7;8;9;10;11;12;13;14;15;16;17;18;19;20;21;22;23;24;25;26;27;28;29;30;32
meta-llama/Meta-Llama-3.1-8B,med_quad,DiffTask-long,md_mean_L20,ref,0.179926,0.020211,3,0,0;1;2;3;4;5;6;7;8;9;10;11;12;13;14;15;16;17;18;19;20;21;22;23;24;25;26;27;28;29;30;32
meta-llama/Meta-Llama-3.1-8B,med_quad,DiffTask-long,md_mean_L21,ref,0.195571,0.019884,3,0,0;1;2;3;4;5;6;7;8;9;10;11;12;13;14;15;16;17;18;19;20;21;22;23;24;25;26;27;28;29;30;32
meta-llama/Meta-Llama-3.1-8B,med_quad,DiffTask-long,md_mean_L22,ref,0.178611,0.024119,3,0,0;1;2;3;4;5;6;7;8;9;10;11;12;13;14;15;16;17;18;19;20;21;22;23;24;25;26;27;28;29;30;32
meta-llama/Meta-Llama-3.1-8B,med_quad,DiffTask-long,md_mean_L23,ref,0.187028,0.026959,3,0,0;1;2;3;4;5;6;7;8;9;10;11;12;13;14;15;16;17;18;19;20;21;22;23;24;25;26;27;28;29;30;32
meta-llama/Meta-Llama-3.1-8B,med_quad,DiffTask-long,md_mean_L24,ref,0.163608,0.028392,3,0,0;1;2;3;4;5;6;7;8;9;10;11;12;13;14;15;16;17;18;19;20;21;22;23;24;25;26;27;28;29;30;32
meta-llama/Meta-Llama-3.1-8B,med_quad,DiffTask-long,md_mean_L25,ref,0.156872,0.027158,3,0,0;1;2;3;4;5;6;7;8;9;10;11;12;13;14;15;16;17;18;19;20;21;22;23;24;25;26;27;28;29;30;32
meta-llama/Meta-Llama-3.1-8B,med_quad,DiffTask-long,md_mean_L26,ref,0.154799,0.026988,3,0,0;1;2;3;4;5;6;7;8;9;10;11;12;13;14;15;16;17;18;19;20;21;22;23;24;25;26;27;28;29;30;32
meta-llama/Meta-Llama-3.1-8B,med_quad,DiffTask-long,md_mean_L27,ref,0.146018,0.028962,3,0,0;1;2;3;4;5;6;7;8;9;10;11;12;13;14;15;16;17;18;19;20;21;22;23;24;25;26;27;28;29;30;32
meta-llama/Meta-Llama-3.1-8B,med_quad,DiffTask-long,md_mean_L28,ref,0.134195,0.031881,3,0,0;1;2;3;4;5;6;7;8;9;10;11;12;13;14;15;16;17;18;19;20;21;22;23;24;25;26;27;28;29;30;32
meta-llama/Meta-Llama-3.1-8B,med_quad,DiffTask-long,md_mean_L29,ref,0.144245,0.032729,3,0,0;1;2;3;4;5;6;7;8;9;10;11;12;13;14;15;16;17;18;19;20;21;22;23;24;25;26;27;28;29;30;32
meta-llama/Meta-Llama-3.1-8B,med_quad,DiffTask-long,md_mean_L3,ref,0.087832,0.018896,3,0,0;1;2;3;4;5;6;7;8;9;10;11;12;13;14;15;16;17;18;19;20;21;22;23;24;25;26;27;28;29;30;32
meta-llama/Meta-Llama-3.1-8B,med_quad,DiffTask-long,md_mean_L30,ref,0.15657,0.033784,3,0,0;1;2;3;4;5;6;7;8;9;10;11;12;13;14;15;16;17;18;19;20;21;22;23;24;25;26;27;28;29;30;32
meta-llama/Meta-Llama-3.1-8B,med_quad,DiffTask-long,md_mean_L32,ref,-0.18319,0.002985,3,0,0;1;2;3;4;5;6;7;8;9;10;11;12;13;14;15;16;17;18;19;20;21;22;23;24;25;26;27;28;29;30;32
meta-llama/Meta-Llama-3.1-8B,med_quad,DiffTask-long,md_mean_L4,ref,0.079216,0.023043,3,0,0;1;2;3;4;5;6;7;8;9;10;11;12;13;14;15;16;17;18;19;20;21;22;23;24;25;26;27;28;29;30;32
meta-llama/Meta-Llama-3.1-8B,med_quad,DiffTask-long,md_mean_L5,ref,0.081415,0.024991,3,0,0;1;2;3;4;5;6;7;8;9;10;11;12;13;14;15;16;17;18;19;20;21;22;23;24;25;26;27;28;29;30;32
meta-llama/Meta-Llama-3.1-8B,med_quad,DiffTask-long,md_mean_L6,ref,0.066041,0.0264,3,0,0;1;2;3;4;5;6;7;8;9;10;11;12;13;14;15;16;17;18;19;20;21;22;23;24;25;26;27;28;29;30;32
meta-llama/Meta-Llama-3.1-8B,med_quad,DiffTask-long,md_mean_L7,ref,0.093609,0.027166,3,0,0;1;2;3;4;5;6;7;8;9;10;11;12;13;14;15;16;17;18;19;20;21;22;23;24;25;26;27;28;29;30;32
meta-llama/Meta-Llama-3.1-8B,med_quad,DiffTask-long,md_mean_L8,ref,0.132874,0.024544,3,0,0;1;2;3;4;5;6;7;8;9;10;11;12;13;14;15;16;17;18;19;20;21;22;23;24;25;26;27;28;29;30;32
meta-llama/Meta-Llama-3.1-8B,med_quad,DiffTask-long,md_mean_L9,ref,0.171696,0.023421,3,0,0;1;2;3;4;5;6;7;8;9;10;11;12;13;14;15;16;17;18;19;20;21;22;23;24;25;26;27;28;29;30;32
meta-llama/Meta-Llama-3.1-8B,med_quad,DiffTask-long,rmd_mean_L0,ref,-0.002837,0.002531,3,0,0;1;2;3;4;5;6;7;8;9;10;11;12;13;14;15;16;17;18;19;20;21;22;23;24;25;26;27;28;29;30;32
meta-llama/Meta-Llama-3.1-8B,med_quad,DiffTask-long,rmd_mean_L1,ref,0.007859,0.010598,3,0,0;1;2;3;4;5;6;7;8;9;10;11;12;13;14;15;16;17;18;19;20;21;22;23;24;25;26;27;28;29;30;32
meta-llama/Meta-Llama-3.1-8B,med_quad,DiffTask-long,rmd_mean_L10,ref,0.092339,0.0595,3,0,0;1;2;3;4;5;6;7;8;9;10;11;12;13;14;15;16;17;18;19;20;21;22;23;24;25;26;27;28;29;30;32
meta-llama/Meta-Llama-3.1-8B,med_quad,DiffTask-long,rmd_mean_L11,ref,0.14067,0.054335,3,0,0;1;2;3;4;5;6;7;8;9;10;11;12;13;14;15;16;17;18;19;20;21;22;23;24;25;26;27;28;29;30;32
meta-llama/Meta-Llama-3.1-8B,med_quad,DiffTask-long,rmd_mean_L12,ref,0.194872,0.038768,3,0,0;1;2;3;4;5;6;7;8;9;10;11;12;13;14;15;16;17;18;19;20;21;22;23;24;25;26;27;28;29;30;32
meta-llama/Meta-Llama-3.1-8B,med_quad,DiffTask-long,rmd_mean_L13,ref,0.199176,0.045817,3,0,0;1;2;3;4;5;6;7;8;9;10;11;12;13;14;15;16;17;18;19;20;21;22;23;24;25;26;27;28;29;30;32
meta-llama/Meta-Llama-3.1-8B,med_quad,DiffTask-long,rmd_mean_L14,ref,0.238596,0.052317,3,0,0;1;2;3;4;5;6;7;8;9;10;11;12;13;14;15;16;17;18;19;20;21;22;23;24;25;26;27;28;29;30;32
meta-llama/Meta-Llama-3.1-8B,med_quad,DiffTask-long,rmd_mean_L15,ref,0.171733,0.045766,3,0,0;1;2;3;4;5;6;7;8;9;10;11;12;13;14;15;16;17;18;19;20;21;22;23;24;25;26;27;28;29;30;32
meta-llama/Meta-Llama-3.1-8B,med_quad,DiffTask-long,rmd_mean_L16,ref,0.127781,0.053368,3,0,0;1;2;3;4;5;6;7;8;9;10;11;12;13;14;15;16;17;18;19;20;21;22;23;24;25;26;27;28;29;30;32
meta-llama/Meta-Llama-3.1-8B,med_quad,DiffTask-long,rmd_mean_L17,ref,0.00465,0.048163,3,0,0;1;2;3;4;5;6;7;8;9;10;11;12;13;14;15;16;17;18;19;20;21;22;23;24;25;26;27;28;29;30;32
meta-llama/Meta-Llama-3.1-8B,med_quad,DiffTask-long,rmd_mean_L18,ref,-0.080297,0.050185,3,0,0;1;2;3;4;5;6;7;8;9;10;11;12;13;14;15;16;17;18;19;20;21;22;23;24;25;26;27;28;29;30;32
meta-llama/Meta-Llama-3.1-8B,med_quad,DiffTask-long,rmd_mean_L19,ref,-0.036834,0.04337,3,0,0;1;2;3;4;5;6;7;8;9;10;11;12;13;14;15;16;17;18;19;20;21;22;23;24;25;26;27;28;29;30;32
meta-llama/Meta-Llama-3.1-8B,med_quad,DiffTask-long,rmd_mean_L2,ref,-0.045601,0.012065,3,0,0;1;2;3;4;5;6;7;8;9;10;11;12;13;14;15;16;17;18;19;20;21;22;23;24;25;26;27;28;29;30;32
meta-llama/Meta-Llama-3.1-8B,med_quad,DiffTask-long,rmd_mean_L20,ref,-0.060666,0.032692,3,0,0;1;2;3;4;5;6;7;8;9;10;11;12;13;14;15;16;17;18;19;20;21;22;23;24;25;26;27;28;29;30;32
meta-llama/Meta-Llama-3.1-8B,med_quad,DiffTask-long,rmd_mean_L21,ref,-0.049197,0.02696,3,0,0;1;2;3;4;5;6;7;8;9;10;11;12;13;14;15;16;17;18;19;20;21;22;23;24;25;26;27;28;29;30;32
meta-llama/Meta-Llama-3.1-8B,med_quad,DiffTask-long,rmd_mean_L22,ref,-0.038885,0.019847,3,0,0;1;2;3;4;5;6;7;8;9;10;11;12;13;14;15;16;17;18;19;20;21;22;23;24;25;26;27;28;29;30;32
meta-llama/Meta-Llama-3.1-8B,med_quad,DiffTask-long,rmd_mean_L23,ref,-0.052422,0.017798,3,0,0;1;2;3;4;5;6;7;8;9;10;11;12;13;14;15;16;17;18;19;20;21;22;23;24;25;26;27;28;29;30;32
meta-llama/Meta-Llama-3.1-8B,med_quad,DiffTask-long,rmd_mean_L24,ref,-0.044405,0.017466,3,0,0;1;2;3;4;5;6;7;8;9;10;11;12;13;14;15;16;17;18;19;20;21;22;23;24;25;26;27;28;29;30;32
meta-llama/Meta-Llama-3.1-8B,med_quad,DiffTask-long,rmd_mean_L25,ref,-0.033866,0.014884,3,0,0;1;2;3;4;5;6;7;8;9;10;11;12;13;14;15;16;17;18;19;20;21;22;23;24;25;26;27;28;29;30;32
meta-llama/Meta-Llama-3.1-8B,med_quad,DiffTask-long,rmd_mean_L26,ref,-0.026306,0.013864,3,0,0;1;2;3;4;5;6;7;8;9;10;11;12;13;14;15;16;17;18;19;20;21;22;23;24;25;26;27;28;29;30;32
meta-llama/Meta-Llama-3.1-8B,med_quad,DiffTask-long,rmd_mean_L27,ref,-0.031186,0.013503,3,0,0;1;2;3;4;5;6;7;8;9;10;11;12;13;14;15;16;17;18;19;20;21;22;23;24;25;26;27;28;29;30;32
meta-llama/Meta-Llama-3.1-8B,med_quad,DiffTask-long,rmd_mean_L28,ref,-0.034728,0.013078,3,0,0;1;2;3;4;5;6;7;8;9;10;11;12;13;14;15;16;17;18;19;20;21;22;23;24;25;26;27;28;29;30;32
meta-llama/Meta-Llama-3.1-8B,med_quad,DiffTask-long,rmd_mean_L29,ref,-0.024978,0.012295,3,0,0;1;2;3;4;5;6;7;8;9;10;11;12;13;14;15;16;17;18;19;20;21;22;23;24;25;26;27;28;29;30;32
meta-llama/Meta-Llama-3.1-8B,med_quad,DiffTask-long,rmd_mean_L3,ref,-0.024796,0.024608,3,0,0;1;2;3;4;5;6;7;8;9;10;11;12;13;14;15;16;17;18;19;20;21;22;23;24;25;26;27;28;29;30;32
meta-llama/Meta-Llama-3.1-8B,med_quad,DiffTask-long,rmd_mean_L30,ref,-0.034001,0.011053,3,0,0;1;2;3;4;5;6;7;8;9;10;11;12;13;14;15;16;17;18;19;20;21;22;23;24;25;26;27;28;29;30;32
meta-llama/Meta-Llama-3.1-8B,med_quad,DiffTask-long,rmd_mean_L32,ref,0.055613,0.0224,3,0,0;1;2;3;4;5;6;7;8;9;10;11;12;13;14;15;16;17;18;19;20;21;22;23;24;25;26;27;28;29;30;32
meta-llama/Meta-Llama-3.1-8B,med_quad,DiffTask-long,rmd_mean_L4,ref,-0.024799,0.046738,3,0,0;1;2;3;4;5;6;7;8;9;10;11;12;13;14;15;16;17;18;19;20;21;22;23;24;25;26;27;28;29;30;32
meta-llama/Meta-Llama-3.1-8B,med_quad,DiffTask-long,rmd_mean_L5,ref,0.027518,0.058849,3,0,0;1;2;3;4;5;6;7;8;9;10;11;12;13;14;15;16;17;18;19;20;21;22;23;24;25;26;27;28;29;30;32
meta-llama/Meta-Llama-3.1-8B,med_quad,DiffTask-long,rmd_mean_L6,ref,-0.010719,0.044687,3,0,0;1;2;3;4;5;6;7;8;9;10;11;12;13;14;15;16;17;18;19;20;21;22;23;24;25;26;27;28;29;30;32
meta-llama/Meta-Llama-3.1-8B,med_quad,DiffTask-long,rmd_mean_L7,ref,-0.00252,0.049204,3,0,0;1;2;3;4;5;6;7;8;9;10;11;12;13;14;15;16;17;18;19;20;21;22;23;24;25;26;27;28;29;30;32
meta-llama/Meta-Llama-3.1-8B,med_quad,DiffTask-long,rmd_mean_L8,ref,-0.005066,0.043715,3,0,0;1;2;3;4;5;6;7;8;9;10;11;12;13;14;15;16;17;18;19;20;21;22;23;24;25;26;27;28;29;30;32
meta-llama/Meta-Llama-3.1-8B,med_quad,DiffTask-long,rmd_mean_L9,ref,0.018717,0.048905,3,0,0;1;2;3;4;5;6;7;8;9;10;11;12;13;14;15;16;17;18;19;20;21;22;23;24;25;26;27;28;29;30;32
meta-llama/Meta-Llama-3.1-8B,med_quad,DiffTask-long,satmd_alllayer,ref,0.183839,0.018464,3,0,0;1;2;3;4;5;6;7;8;9;10;11;12;13;14;15;16;17;18;19;20;21;22;23;24;25;26;27;28;29;30;32
meta-llama/Meta-Llama-3.1-8B,med_quad,DiffTask-long,satrmd_alllayer,ref,0.060503,0.108212,3,0,0;1;2;3;4;5;6;7;8;9;10;11;12;13;14;15;16;17;18;19;20;21;22;23;24;25;26;27;28;29;30;32
meta-llama/Meta-Llama-3.1-8B,med_quad,ID,huq_satmd_alllayer,ref,0.180141,0.0,3,0,0;1;2;3;4;5;6;7;8;9;10;11;12;13;14;15;16;17;18;19;20;21;22;23;24;25;26;27;28;29;30;32
meta-llama/Meta-Llama-3.1-8B,med_quad,ID,huq_satrmd_alllayer,ref,0.313139,0.0,3,0,0;1;2;3;4;5;6;7;8;9;10;11;12;13;14;15;16;17;18;19;20;21;22;23;24;25;26;27;28;29;30;32
meta-llama/Meta-Llama-3.1-8B,med_quad,ID,md_mean_L0,ref,-0.112563,0.0,3,0,0;1;2;3;4;5;6;7;8;9;10;11;12;13;14;15;16;17;18;19;20;21;22;23;24;25;26;27;28;29;30;32
meta-llama/Meta-Llama-3.1-8B,med_quad,ID,md_mean_L1,ref,-0.118197,0.0,3,0,0;1;2;3;4;5;6;7;8;9;10;11;12;13;14;15;16;17;18;19;20;21;22;23;24;25;26;27;28;29;30;32
meta-llama/Meta-Llama-3.1-8B,med_quad,ID,md_mean_L10,ref,-0.118622,0.0,3,0,0;1;2;3;4;5;6;7;8;9;10;11;12;13;14;15;16;17;18;19;20;21;22;23;24;25;26;27;28;29;30;32
meta-llama/Meta-Llama-3.1-8B,med_quad,ID,md_mean_L11,ref,-0.111038,0.0,3,0,0;1;2;3;4;5;6;7;8;9;10;11;12;13;14;15;16;17;18;19;20;21;22;23;24;25;26;27;28;29;30;32
meta-llama/Meta-Llama-3.1-8B,med_quad,ID,md_mean_L12,ref,-0.105781,0.0,3,0,0;1;2;3;4;5;6;7;8;9;10;11;12;13;14;15;16;17;18;19;20;21;22;23;24;25;26;27;28;29;30;32
meta-llama/Meta-Llama-3.1-8B,med_quad,ID,md_mean_L13,ref,-0.111689,0.0,3,0,0;1;2;3;4;5;6;7;8;9;10;11;12;13;14;15;16;17;18;19;20;21;22;23;24;25;26;27;28;29;30;32
meta-llama/Meta-Llama-3.1-8B,med_quad,ID,md_mean_L14,ref,-0.101316,0.0,3,0,0;1;2;3;4;5;6;7;8;9;10;11;12;13;14;15;16;17;18;19;20;21;22;23;24;25;26;27;28;29;30;32
meta-llama/Meta-Llama-3.1-8B,med_quad,ID,md_mean_L15,ref,-0.098802,0.0,3,0,0;1;2;3;4;5;6;7;8;9;10;11;12;13;14;15;16;17;18;19;20;21;22;23;24;25;26;27;28;29;30;32
meta-llama/Meta-Llama-3.1-8B,med_quad,ID,md_mean_L16,ref,-0.10743,0.0,3,0,0;1;2;3;4;5;6;7;8;9;10;11;12;13;14;15;16;17;18;19;20;21;22;23;24;25;26;27;28;29;30;32
meta-llama/Meta-Llama-3.1-8B,med_quad,ID,md_mean_L17,ref,-0.123599,0.0,3,0,0;1;2;3;4;5;6;7;8;9;10;11;12;13;14;15;16;17;18;19;20;21;22;23;24;25;26;27;28;29;30;32
meta-llama/Meta-Llama-3.1-8B,med_quad,ID,md_mean_L18,ref,-0.12603,0.0,3,0,0;1;2;3;4;5;6;7;8;9;10;11;12;13;14;15;16;17;18;19;20;21;22;23;24;25;26;27;28;29;30;32
meta-llama/Meta-Llama-3.1-8B,med_quad,ID,md_mean_L19,ref,-0.127319,0.0,3,0,0;1;2;3;4;5;6;7;8;9;10;11;12;13;14;15;16;17;18;19;20;21;22;23;24;25;26;27;28;29;30;32
meta-llama/Meta-Llama-3.1-8B,med_quad,ID,md_mean_L2,ref,-0.114638,0.0,3,0,0;1;2;3;4;5;6;7;8;9;10;11;12;13;14;15;16;17;18;19;20;21;22;23;24;25;26;27;28;29;30;32
meta-llama/Meta-Llama-3.1-8B,med_quad,ID,md_mean_L20,ref,-0.123909,0.0,3,0,0;1;2;3;4;5;6;7;8;9;10;11;12;13;14;15;16;17;18;19;20;21;22;23;24;25;26;27;28;29;30;32
meta-llama/Meta-Llama-3.1-8B,med_quad,ID,md_mean_L21,ref,-0.121939,0.0,3,0,0;1;2;3;4;5;6;7;8;9;10;11;12;13;14;15;16;17;18;19;20;21;22;23;24;25;26;27;28;29;30;32
meta-llama/Meta-Llama-3.1-8B,med_quad,ID,md_mean_L22,ref,-0.120319,0.0,3,0,0;1;2;3;4;5;6;7;8;9;10;11;12;13;14;15;16;17;18;19;20;21;22;23;24;25;26;27;28;29;30;32
meta-llama/Meta-Llama-3.1-8B,med_quad,ID,md_mean_L23,ref,-0.115501,0.0,3,0,0;1;2;3;4;5;6;7;8;9;10;11;12;13;14;15;16;17;18;19;20;21;22;23;24;25;26;27;28;29;30;32
meta-llama/Meta-Llama-3.1-8B,med_quad,ID,md_mean_L24,ref,-0.121479,0.0,3,0,0;1;2;3;4;5;6;7;8;9;10;11;12;13;14;15;16;17;18;19;20;21;22;23;24;25;26;27;28;29;30;32
meta-llama/Meta-Llama-3.1-8B,med_quad,ID,md_mean_L25,ref,-0.115909,0.0,3,0,0;1;2;3;4;5;6;7;8;9;10;11;12;13;14;15;16;17;18;19;20;21;22;23;24;25;26;27;28;29;30;32
meta-llama/Meta-Llama-3.1-8B,med_quad,ID,md_mean_L26,ref,-0.113549,0.0,3,0,0;1;2;3;4;5;6;7;8;9;10;11;12;13;14;15;16;17;18;19;20;21;22;23;24;25;26;27;28;29;30;32
meta-llama/Meta-Llama-3.1-8B,med_quad,ID,md_mean_L27,ref,-0.114227,0.0,3,0,0;1;2;3;4;5;6;7;8;9;10;11;12;13;14;15;16;17;18;19;20;21;22;23;24;25;26;27;28;29;30;32
meta-llama/Meta-Llama-3.1-8B,med_quad,ID,md_mean_L28,ref,-0.120392,0.0,3,0,0;1;2;3;4;5;6;7;8;9;10;11;12;13;14;15;16;17;18;19;20;21;22;23;24;25;26;27;28;29;30;32
meta-llama/Meta-Llama-3.1-8B,med_quad,ID,md_mean_L29,ref,-0.13052,0.0,3,0,0;1;2;3;4;5;6;7;8;9;10;11;12;13;14;15;16;17;18;19;20;21;22;23;24;25;26;27;28;29;30;32
meta-llama/Meta-Llama-3.1-8B,med_quad,ID,md_mean_L3,ref,-0.129388,0.0,3,0,0;1;2;3;4;5;6;7;8;9;10;11;12;13;14;15;16;17;18;19;20;21;22;23;24;25;26;27;28;29;30;32
meta-llama/Meta-Llama-3.1-8B,med_quad,ID,md_mean_L30,ref,-0.12849,0.0,3,0,0;1;2;3;4;5;6;7;8;9;10;11;12;13;14;15;16;17;18;19;20;21;22;23;24;25;26;27;28;29;30;32
meta-llama/Meta-Llama-3.1-8B,med_quad,ID,md_mean_L32,ref,-0.191953,0.0,3,0,0;1;2;3;4;5;6;7;8;9;10;11;12;13;14;15;16;17;18;19;20;21;22;23;24;25;26;27;28;29;30;32
meta-llama/Meta-Llama-3.1-8B,med_quad,ID,md_mean_L4,ref,-0.136179,0.0,3,0,0;1;2;3;4;5;6;7;8;9;10;11;12;13;14;15;16;17;18;19;20;21;22;23;24;25;26;27;28;29;30;32
meta-llama/Meta-Llama-3.1-8B,med_quad,ID,md_mean_L5,ref,-0.128851,0.0,3,0,0;1;2;3;4;5;6;7;8;9;10;11;12;13;14;15;16;17;18;19;20;21;22;23;24;25;26;27;28;29;30;32
meta-llama/Meta-Llama-3.1-8B,med_quad,ID,md_mean_L6,ref,-0.141084,0.0,3,0,0;1;2;3;4;5;6;7;8;9;10;11;12;13;14;15;16;17;18;19;20;21;22;23;24;25;26;27;28;29;30;32
meta-llama/Meta-Llama-3.1-8B,med_quad,ID,md_mean_L7,ref,-0.146608,0.0,3,0,0;1;2;3;4;5;6;7;8;9;10;11;12;13;14;15;16;17;18;19;20;21;22;23;24;25;26;27;28;29;30;32
meta-llama/Meta-Llama-3.1-8B,med_quad,ID,md_mean_L8,ref,-0.138061,0.0,3,0,0;1;2;3;4;5;6;7;8;9;10;11;12;13;14;15;16;17;18;19;20;21;22;23;24;25;26;27;28;29;30;32
meta-llama/Meta-Llama-3.1-8B,med_quad,ID,md_mean_L9,ref,-0.123554,0.0,3,0,0;1;2;3;4;5;6;7;8;9;10;11;12;13;14;15;16;17;18;19;20;21;22;23;24;25;26;27;28;29;30;32
meta-llama/Meta-Llama-3.1-8B,med_quad,ID,msp_satmd_alllayer,ref,0.238699,0.0,3,0,0;1;2;3;4;5;6;7;8;9;10;11;12;13;14;15;16;17;18;19;20;21;22;23;24;25;26;27;28;29;30;32
meta-llama/Meta-Llama-3.1-8B,med_quad,ID,msp_satrmd_alllayer,ref,0.312805,0.0,3,0,0;1;2;3;4;5;6;7;8;9;10;11;12;13;14;15;16;17;18;19;20;21;22;23;24;25;26;27;28;29;30;32
meta-llama/Meta-Llama-3.1-8B,med_quad,ID,rmd_mean_L0,ref,-0.025733,0.0,3,0,0;1;2;3;4;5;6;7;8;9;10;11;12;13;14;15;16;17;18;19;20;21;22;23;24;25;26;27;28;29;30;32
meta-llama/Meta-Llama-3.1-8B,med_quad,ID,rmd_mean_L1,ref,-0.04719,0.0,3,0,0;1;2;3;4;5;6;7;8;9;10;11;12;13;14;15;16;17;18;19;20;21;22;23;24;25;26;27;28;29;30;32
meta-llama/Meta-Llama-3.1-8B,med_quad,ID,rmd_mean_L10,ref,-0.113736,0.0,3,0,0;1;2;3;4;5;6;7;8;9;10;11;12;13;14;15;16;17;18;19;20;21;22;23;24;25;26;27;28;29;30;32
meta-llama/Meta-Llama-3.1-8B,med_quad,ID,rmd_mean_L11,ref,-0.098972,0.0,3,0,0;1;2;3;4;5;6;7;8;9;10;11;12;13;14;15;16;17;18;19;20;21;22;23;24;25;26;27;28;29;30;32
meta-llama/Meta-Llama-3.1-8B,med_quad,ID,rmd_mean_L12,ref,-0.095077,0.0,3,0,0;1;2;3;4;5;6;7;8;9;10;11;12;13;14;15;16;17;18;19;20;21;22;23;24;25;26;27;28;29;30;32
meta-llama/Meta-Llama-3.1-8B,med_quad,ID,rmd_mean_L13,ref,-0.08286,0.0,3,0,0;1;2;3;4;5;6;7;8;9;10;11;12;13;14;15;16;17;18;19;20;21;22;23;24;25;26;27;28;29;30;32
meta-llama/Meta-Llama-3.1-8B,med_quad,ID,rmd_mean_L14,ref,-0.06355,0.0,3,0,0;1;2;3;4;5;6;7;8;9;10;11;12;13;14;15;16;17;18;19;20;21;22;23;24;25;26;27;28;29;30;32
meta-llama/Meta-Llama-3.1-8B,med_quad,ID,rmd_mean_L15,ref,-0.084572,0.0,3,0,0;1;2;3;4;5;6;7;8;9;10;11;12;13;14;15;16;17;18;19;20;21;22;23;24;25;26;27;28;29;30;32
meta-llama/Meta-Llama-3.1-8B,med_quad,ID,rmd_mean_L16,ref,-0.098139,0.0,3,0,0;1;2;3;4;5;6;7;8;9;10;11;12;13;14;15;16;17;18;19;20;21;22;23;24;25;26;27;28;29;30;32
meta-llama/Meta-Llama-3.1-8B,med_quad,ID,rmd_mean_L17,ref,-0.12733,0.0,3,0,0;1;2;3;4;5;6;7;8;9;10;11;12;13;14;15;16;17;18;19;20;21;22;23;24;25;26;27;28;29;30;32
meta-llama/Meta-Llama-3.1-8B,med_quad,ID,rmd_mean_L18,ref,-0.180883,0.0,3,0,0;1;2;3;4;5;6;7;8;9;10;11;12;13;14;15;16;17;18;19;20;21;22;23;24;25;26;27;28;29;30;32
meta-llama/Meta-Llama-3.1-8B,med_quad,ID,rmd_mean_L19,ref,-0.190351,0.0,3,0,0;1;2;3;4;5;6;7;8;9;10;11;12;13;14;15;16;17;18;19;20;21;22;23;24;25;26;27;28;29;30;32
meta-llama/Meta-Llama-3.1-8B,med_quad,ID,rmd_mean_L2,ref,-0.12614,0.0,3,0,0;1;2;3;4;5;6;7;8;9;10;11;12;13;14;15;16;17;18;19;20;21;22;23;24;25;26;27;28;29;30;32
meta-llama/Meta-Llama-3.1-8B,med_quad,ID,rmd_mean_L20,ref,-0.181707,0.0,3,0,0;1;2;3;4;5;6;7;8;9;10;11;12;13;14;15;16;17;18;19;20;21;22;23;24;25;26;27;28;29;30;32
meta-llama/Meta-Llama-3.1-8B,med_quad,ID,rmd_mean_L21,ref,-0.184199,0.0,3,0,0;1;2;3;4;5;6;7;8;9;10;11;12;13;14;15;16;17;18;19;20;21;22;23;24;25;26;27;28;29;30;32
meta-llama/Meta-Llama-3.1-8B,med_quad,ID,rmd_mean_L22,ref,-0.182098,0.0,3,0,0;1;2;3;4;5;6;7;8;9;10;11;12;13;14;15;16;17;18;19;20;21;22;23;24;25;26;27;28;29;30;32
meta-llama/Meta-Llama-3.1-8B,med_quad,ID,rmd_mean_L23,ref,-0.183294,0.0,3,0,0;1;2;3;4;5;6;7;8;9;10;11;12;13;14;15;16;17;18;19;20;21;22;23;24;25;26;27;28;29;30;32
meta-llama/Meta-Llama-3.1-8B,med_quad,ID,rmd_mean_L24,ref,-0.179337,0.0,3,0,0;1;2;3;4;5;6;7;8;9;10;11;12;13;14;15;16;17;18;19;20;21;22;23;24;25;26;27;28;29;30;32
meta-llama/Meta-Llama-3.1-8B,med_quad,ID,rmd_mean_L25,ref,-0.175806,0.0,3,0,0;1;2;3;4;5;6;7;8;9;10;11;12;13;14;15;16;17;18;19;20;21;22;23;24;25;26;27;28;29;30;32
meta-llama/Meta-Llama-3.1-8B,med_quad,ID,rmd_mean_L26,ref,-0.172423,0.0,3,0,0;1;2;3;4;5;6;7;8;9;10;11;12;13;14;15;16;17;18;19;20;21;22;23;24;25;26;27;28;29;30;32
meta-llama/Meta-Llama-3.1-8B,med_quad,ID,rmd_mean_L27,ref,-0.169456,0.0,3,0,0;1;2;3;4;5;6;7;8;9;10;11;12;13;14;15;16;17;18;19;20;21;22;23;24;25;26;27;28;29;30;32
meta-llama/Meta-Llama-3.1-8B,med_quad,ID,rmd_mean_L28,ref,-0.165406,0.0,3,0,0;1;2;3;4;5;6;7;8;9;10;11;12;13;14;15;16;17;18;19;20;21;22;23;24;25;26;27;28;29;30;32
meta-llama/Meta-Llama-3.1-8B,med_quad,ID,rmd_mean_L29,ref,-0.159802,0.0,3,0,0;1;2;3;4;5;6;7;8;9;10;11;12;13;14;15;16;17;18;19;20;21;22;23;24;25;26;27;28;29;30;32
meta-llama/Meta-Llama-3.1-8B,med_quad,ID,rmd_mean_L3,ref,-0.151942,0.0,3,0,0;1;2;3;4;5;6;7;8;9;10;11;12;13;14;15;16;17;18;19;20;21;22;23;24;25;26;27;28;29;30;32
meta-llama/Meta-Llama-3.1-8B,med_quad,ID,rmd_mean_L30,ref,-0.152413,0.0,3,0,0;1;2;3;4;5;6;7;8;9;10;11;12;13;14;15;16;17;18;19;20;21;22;23;24;25;26;27;28;29;30;32
meta-llama/Meta-Llama-3.1-8B,med_quad,ID,rmd_mean_L32,ref,-0.079996,0.0,3,0,0;1;2;3;4;5;6;7;8;9;10;11;12;13;14;15;16;17;18;19;20;21;22;23;24;25;26;27;28;29;30;32
meta-llama/Meta-Llama-3.1-8B,med_quad,ID,rmd_mean_L4,ref,-0.125132,0.0,3,0,0;1;2;3;4;5;6;7;8;9;10;11;12;13;14;15;16;17;18;19;20;21;22;23;24;25;26;27;28;29;30;32
meta-llama/Meta-Llama-3.1-8B,med_quad,ID,rmd_mean_L5,ref,-0.11456,0.0,3,0,0;1;2;3;4;5;6;7;8;9;10;11;12;13;14;15;16;17;18;19;20;21;22;23;24;25;26;27;28;29;30;32
meta-llama/Meta-Llama-3.1-8B,med_quad,ID,rmd_mean_L6,ref,-0.131504,0.0,3,0,0;1;2;3;4;5;6;7;8;9;10;11;12;13;14;15;16;17;18;19;20;21;22;23;24;25;26;27;28;29;30;32
meta-llama/Meta-Llama-3.1-8B,med_quad,ID,rmd_mean_L7,ref,-0.140461,0.0,3,0,0;1;2;3;4;5;6;7;8;9;10;11;12;13;14;15;16;17;18;19;20;21;22;23;24;25;26;27;28;29;30;32
meta-llama/Meta-Llama-3.1-8B,med_quad,ID,rmd_mean_L8,ref,-0.138945,0.0,3,0,0;1;2;3;4;5;6;7;8;9;10;11;12;13;14;15;16;17;18;19;20;21;22;23;24;25;26;27;28;29;30;32
meta-llama/Meta-Llama-3.1-8B,med_quad,ID,rmd_mean_L9,ref,-0.124406,0.0,3,0,0;1;2;3;4;5;6;7;8;9;10;11;12;13;14;15;16;17;18;19;20;21;22;23;24;25;26;27;28;29;30;32
meta-llama/Meta-Llama-3.1-8B,med_quad,ID,satmd_alllayer,ref,0.180141,0.0,3,0,0;1;2;3;4;5;6;7;8;9;10;11;12;13;14;15;16;17;18;19;20;21;22;23;24;25;26;27;28;29;30;32
meta-llama/Meta-Llama-3.1-8B,med_quad,ID,satrmd_alllayer,ref,0.313139,0.0,3,0,0;1;2;3;4;5;6;7;8;9;10;11;12;13;14;15;16;17;18;19;20;21;22;23;24;25;26;27;28;29;30;32
meta-llama/Meta-Llama-3.1-8B,med_quad,LOO-long,huq_satmd_alllayer,ref,0.15536,0.021451,3,0,0;1;2;3;4;5;6;7;8;9;10;11;12;13;14;15;16;17;18;19;20;21;22;23;24;25;26;27;28;29;30;32
meta-llama/Meta-Llama-3.1-8B,med_quad,LOO-long,huq_satrmd_alllayer,ref,-0.115498,0.054814,3,0,0;1;2;3;4;5;6;7;8;9;10;11;12;13;14;15;16;17;18;19;20;21;22;23;24;25;26;27;28;29;30;32
meta-llama/Meta-Llama-3.1-8B,med_quad,LOO-long,md_mean_L0,ref,-0.0903,0.003527,3,0,0;1;2;3;4;5;6;7;8;9;10;11;12;13;14;15;16;17;18;19;20;21;22;23;24;25;26;27;28;29;30;32
meta-llama/Meta-Llama-3.1-8B,med_quad,LOO-long,md_mean_L1,ref,-0.080546,0.00407,3,0,0;1;2;3;4;5;6;7;8;9;10;11;12;13;14;15;16;17;18;19;20;21;22;23;24;25;26;27;28;29;30;32
meta-llama/Meta-Llama-3.1-8B,med_quad,LOO-long,md_mean_L10,ref,0.125279,0.030262,3,0,0;1;2;3;4;5;6;7;8;9;10;11;12;13;14;15;16;17;18;19;20;21;22;23;24;25;26;27;28;29;30;32
meta-llama/Meta-Llama-3.1-8B,med_quad,LOO-long,md_mean_L11,ref,0.139662,0.023887,3,0,0;1;2;3;4;5;6;7;8;9;10;11;12;13;14;15;16;17;18;19;20;21;22;23;24;25;26;27;28;29;30;32
meta-llama/Meta-Llama-3.1-8B,med_quad,LOO-long,md_mean_L12,ref,0.154638,0.017189,3,0,0;1;2;3;4;5;6;7;8;9;10;11;12;13;14;15;16;17;18;19;20;21;22;23;24;25;26;27;28;29;30;32
meta-llama/Meta-Llama-3.1-8B,med_quad,LOO-long,md_mean_L13,ref,0.114203,0.022928,3,0,0;1;2;3;4;5;6;7;8;9;10;11;12;13;14;15;16;17;18;19;20;21;22;23;24;25;26;27;28;29;30;32
meta-llama/Meta-Llama-3.1-8B,med_quad,LOO-long,md_mean_L14,ref,0.116922,0.019534,3,0,0;1;2;3;4;5;6;7;8;9;10;11;12;13;14;15;16;17;18;19;20;21;22;23;24;25;26;27;28;29;30;32
meta-llama/Meta-Llama-3.1-8B,med_quad,LOO-long,md_mean_L15,ref,0.114524,0.028153,3,0,0;1;2;3;4;5;6;7;8;9;10;11;12;13;14;15;16;17;18;19;20;21;22;23;24;25;26;27;28;29;30;32
meta-llama/Meta-Llama-3.1-8B,med_quad,LOO-long,md_mean_L16,ref,0.097758,0.036234,3,0,0;1;2;3;4;5;6;7;8;9;10;11;12;13;14;15;16;17;18;19;20;21;22;23;24;25;26;27;28;29;30;32
meta-llama/Meta-Llama-3.1-8B,med_quad,LOO-long,md_mean_L17,ref,0.046013,0.038404,3,0,0;1;2;3;4;5;6;7;8;9;10;11;12;13;14;15;16;17;18;19;20;21;22;23;24;25;26;27;28;29;30;32
meta-llama/Meta-Llama-3.1-8B,med_quad,LOO-long,md_mean_L18,ref,0.123986,0.04193,3,0,0;1;2;3;4;5;6;7;8;9;10;11;12;13;14;15;16;17;18;19;20;21;22;23;24;25;26;27;28;29;30;32
meta-llama/Meta-Llama-3.1-8B,med_quad,LOO-long,md_mean_L19,ref,0.129433,0.036277,3,0,0;1;2;3;4;5;6;7;8;9;10;11;12;13;14;15;16;17;18;19;20;21;22;23;24;25;26;27;28;29;30;32
meta-llama/Meta-Llama-3.1-8B,med_quad,LOO-long,md_mean_L2,ref,-0.037348,0.005955,3,0,0;1;2;3;4;5;6;7;8;9;10;11;12;13;14;15;16;17;18;19;20;21;22;23;24;25;26;27;28;29;30;32
meta-llama/Meta-Llama-3.1-8B,med_quad,LOO-long,md_mean_L20,ref,0.155025,0.028518,3,0,0;1;2;3;4;5;6;7;8;9;10;11;12;13;14;15;16;17;18;19;20;21;22;23;24;25;26;27;28;29;30;32
meta-llama/Meta-Llama-3.1-8B,med_quad,LOO-long,md_mean_L21,ref,0.177217,0.029734,3,0,0;1;2;3;4;5;6;7;8;9;10;11;12;13;14;15;16;17;18;19;20;21;22;23;24;25;26;27;28;29;30;32
meta-llama/Meta-Llama-3.1-8B,med_quad,LOO-long,md_mean_L22,ref,0.161351,0.030599,3,0,0;1;2;3;4;5;6;7;8;9;10;11;12;13;14;15;16;17;18;19;20;21;22;23;24;25;26;27;28;29;30;32
meta-llama/Meta-Llama-3.1-8B,med_quad,LOO-long,md_mean_L23,ref,0.17692,0.029119,3,0,0;1;2;3;4;5;6;7;8;9;10;11;12;13;14;15;16;17;18;19;20;21;22;23;24;25;26;27;28;29;30;32
meta-llama/Meta-Llama-3.1-8B,med_quad,LOO-long,md_mean_L24,ref,0.148179,0.032955,3,0,0;1;2;3;4;5;6;7;8;9;10;11;12;13;14;15;16;17;18;19;20;21;22;23;24;25;26;27;28;29;30;32
meta-llama/Meta-Llama-3.1-8B,med_quad,LOO-long,md_mean_L25,ref,0.140595,0.028322,3,0,0;1;2;3;4;5;6;7;8;9;10;11;12;13;14;15;16;17;18;19;20;21;22;23;24;25;26;27;28;29;30;32
meta-llama/Meta-Llama-3.1-8B,med_quad,LOO-long,md_mean_L26,ref,0.136678,0.029217,3,0,0;1;2;3;4;5;6;7;8;9;10;11;12;13;14;15;16;17;18;19;20;21;22;23;24;25;26;27;28;29;30;32
meta-llama/Meta-Llama-3.1-8B,med_quad,LOO-long,md_mean_L27,ref,0.127017,0.030268,3,0,0;1;2;3;4;5;6;7;8;9;10;11;12;13;14;15;16;17;18;19;20;21;22;23;24;25;26;27;28;29;30;32
meta-llama/Meta-Llama-3.1-8B,med_quad,LOO-long,md_mean_L28,ref,0.116621,0.029117,3,0,0;1;2;3;4;5;6;7;8;9;10;11;12;13;14;15;16;17;18;19;20;21;22;23;24;25;26;27;28;29;30;32
meta-llama/Meta-Llama-3.1-8B,med_quad,LOO-long,md_mean_L29,ref,0.123866,0.030518,3,0,0;1;2;3;4;5;6;7;8;9;10;11;12;13;14;15;16;17;18;19;20;21;22;23;24;25;26;27;28;29;30;32
meta-llama/Meta-Llama-3.1-8B,med_quad,LOO-long,md_mean_L3,ref,0.059897,0.015674,3,0,0;1;2;3;4;5;6;7;8;9;10;11;12;13;14;15;16;17;18;19;20;21;22;23;24;25;26;27;28;29;30;32
meta-llama/Meta-Llama-3.1-8B,med_quad,LOO-long,md_mean_L30,ref,0.133008,0.028557,3,0,0;1;2;3;4;5;6;7;8;9;10;11;12;13;14;15;16;17;18;19;20;21;22;23;24;25;26;27;28;29;30;32
meta-llama/Meta-Llama-3.1-8B,med_quad,LOO-long,md_mean_L32,ref,-0.192806,0.004601,3,0,0;1;2;3;4;5;6;7;8;9;10;11;12;13;14;15;16;17;18;19;20;21;22;23;24;25;26;27;28;29;30;32
meta-llama/Meta-Llama-3.1-8B,med_quad,LOO-long,md_mean_L4,ref,0.0409,0.023622,3,0,0;1;2;3;4;5;6;7;8;9;10;11;12;13;14;15;16;17;18;19;20;21;22;23;24;25;26;27;28;29;30;32
meta-llama/Meta-Llama-3.1-8B,med_quad,LOO-long,md_mean_L5,ref,0.033952,0.027569,3,0,0;1;2;3;4;5;6;7;8;9;10;11;12;13;14;15;16;17;18;19;20;21;22;23;24;25;26;27;28;29;30;32
meta-llama/Meta-Llama-3.1-8B,med_quad,LOO-long,md_mean_L6,ref,0.024969,0.033355,3,0,0;1;2;3;4;5;6;7;8;9;10;11;12;13;14;15;16;17;18;19;20;21;22;23;24;25;26;27;28;29;30;32
meta-llama/Meta-Llama-3.1-8B,med_quad,LOO-long,md_mean_L7,ref,0.055532,0.031286,3,0,0;1;2;3;4;5;6;7;8;9;10;11;12;13;14;15;16;17;18;19;20;21;22;23;24;25;26;27;28;29;30;32
meta-llama/Meta-Llama-3.1-8B,med_quad,LOO-long,md_mean_L8,ref,0.097766,0.031711,3,0,0;1;2;3;4;5;6;7;8;9;10;11;12;13;14;15;16;17;18;19;20;21;22;23;24;25;26;27;28;29;30;32
meta-llama/Meta-Llama-3.1-8B,med_quad,LOO-long,md_mean_L9,ref,0.138481,0.027555,3,0,0;1;2;3;4;5;6;7;8;9;10;11;12;13;14;15;16;17;18;19;20;21;22;23;24;25;26;27;28;29;30;32
meta-llama/Meta-Llama-3.1-8B,med_quad,LOO-long,rmd_mean_L0,ref,-0.010437,0.004019,3,0,0;1;2;3;4;5;6;7;8;9;10;11;12;13;14;15;16;17;18;19;20;21;22;23;24;25;26;27;28;29;30;32
meta-llama/Meta-Llama-3.1-8B,med_quad,LOO-long,rmd_mean_L1,ref,-0.018528,0.014008,3,0,0;1;2;3;4;5;6;7;8;9;10;11;12;13;14;15;16;17;18;19;20;21;22;23;24;25;26;27;28;29;30;32
meta-llama/Meta-Llama-3.1-8B,med_quad,LOO-long,rmd_mean_L10,ref,0.038446,0.067217,3,0,0;1;2;3;4;5;6;7;8;9;10;11;12;13;14;15;16;17;18;19;20;21;22;23;24;25;26;27;28;29;30;32
meta-llama/Meta-Llama-3.1-8B,med_quad,LOO-long,rmd_mean_L11,ref,0.076685,0.0708,3,0,0;1;2;3;4;5;6;7;8;9;10;11;12;13;14;15;16;17;18;19;20;21;22;23;24;25;26;27;28;29;30;32
meta-llama/Meta-Llama-3.1-8B,med_quad,LOO-long,rmd_mean_L12,ref,0.128235,0.055296,3,0,0;1;2;3;4;5;6;7;8;9;10;11;12;13;14;15;16;17;18;19;20;21;22;23;24;25;26;27;28;29;30;32
meta-llama/Meta-Llama-3.1-8B,med_quad,LOO-long,rmd_mean_L13,ref,0.13368,0.05728,3,0,0;1;2;3;4;5;6;7;8;9;10;11;12;13;14;15;16;17;18;19;20;21;22;23;24;25;26;27;28;29;30;32
meta-llama/Meta-Llama-3.1-8B,med_quad,LOO-long,rmd_mean_L14,ref,0.176097,0.071264,3,0,0;1;2;3;4;5;6;7;8;9;10;11;12;13;14;15;16;17;18;19;20;21;22;23;24;25;26;27;28;29;30;32
meta-llama/Meta-Llama-3.1-8B,med_quad,LOO-long,rmd_mean_L15,ref,0.107937,0.049097,3,0,0;1;2;3;4;5;6;7;8;9;10;11;12;13;14;15;16;17;18;19;20;21;22;23;24;25;26;27;28;29;30;32
meta-llama/Meta-Llama-3.1-8B,med_quad,LOO-long,rmd_mean_L16,ref,0.095601,0.051466,3,0,0;1;2;3;4;5;6;7;8;9;10;11;12;13;14;15;16;17;18;19;20;21;22;23;24;25;26;27;28;29;30;32
meta-llama/Meta-Llama-3.1-8B,med_quad,LOO-long,rmd_mean_L17,ref,-0.045832,0.051524,3,0,0;1;2;3;4;5;6;7;8;9;10;11;12;13;14;15;16;17;18;19;20;21;22;23;24;25;26;27;28;29;30;32
meta-llama/Meta-Llama-3.1-8B,med_quad,LOO-long,rmd_mean_L18,ref,-0.112327,0.042402,3,0,0;1;2;3;4;5;6;7;8;9;10;11;12;13;14;15;16;17;18;19;20;21;22;23;24;25;26;27;28;29;30;32
meta-llama/Meta-Llama-3.1-8B,med_quad,LOO-long,rmd_mean_L19,ref,-0.064442,0.03651,3,0,0;1;2;3;4;5;6;7;8;9;10;11;12;13;14;15;16;17;18;19;20;21;22;23;24;25;26;27;28;29;30;32
meta-llama/Meta-Llama-3.1-8B,med_quad,LOO-long,rmd_mean_L2,ref,-0.071833,0.009027,3,0,0;1;2;3;4;5;6;7;8;9;10;11;12;13;14;15;16;17;18;19;20;21;22;23;24;25;26;27;28;29;30;32
meta-llama/Meta-Llama-3.1-8B,med_quad,LOO-long,rmd_mean_L20,ref,-0.082137,0.02997,3,0,0;1;2;3;4;5;6;7;8;9;10;11;12;13;14;15;16;17;18;19;20;21;22;23;24;25;26;27;28;29;30;32
meta-llama/Meta-Llama-3.1-8B,med_quad,LOO-long,rmd_mean_L21,ref,-0.072062,0.023959,3,0,0;1;2;3;4;5;6;7;8;9;10;11;12;13;14;15;16;17;18;19;20;21;22;23;24;25;26;27;28;29;30;32
meta-llama/Meta-Llama-3.1-8B,med_quad,LOO-long,rmd_mean_L22,ref,-0.063574,0.022725,3,0,0;1;2;3;4;5;6;7;8;9;10;11;12;13;14;15;16;17;18;19;20;21;22;23;24;25;26;27;28;29;30;32
meta-llama/Meta-Llama-3.1-8B,med_quad,LOO-long,rmd_mean_L23,ref,-0.071685,0.020966,3,0,0;1;2;3;4;5;6;7;8;9;10;11;12;13;14;15;16;17;18;19;20;21;22;23;24;25;26;27;28;29;30;32
meta-llama/Meta-Llama-3.1-8B,med_quad,LOO-long,rmd_mean_L24,ref,-0.065362,0.016999,3,0,0;1;2;3;4;5;6;7;8;9;10;11;12;13;14;15;16;17;18;19;20;21;22;23;24;25;26;27;28;29;30;32
meta-llama/Meta-Llama-3.1-8B,med_quad,LOO-long,rmd_mean_L25,ref,-0.056587,0.016063,3,0,0;1;2;3;4;5;6;7;8;9;10;11;12;13;14;15;16;17;18;19;20;21;22;23;24;25;26;27;28;29;30;32
meta-llama/Meta-Llama-3.1-8B,med_quad,LOO-long,rmd_mean_L26,ref,-0.052842,0.016859,3,0,0;1;2;3;4;5;6;7;8;9;10;11;12;13;14;15;16;17;18;19;20;21;22;23;24;25;26;27;28;29;30;32
meta-llama/Meta-Llama-3.1-8B,med_quad,LOO-long,rmd_mean_L27,ref,-0.055617,0.014822,3,0,0;1;2;3;4;5;6;7;8;9;10;11;12;13;14;15;16;17;18;19;20;21;22;23;24;25;26;27;28;29;30;32
meta-llama/Meta-Llama-3.1-8B,med_quad,LOO-long,rmd_mean_L28,ref,-0.056816,0.014488,3,0,0;1;2;3;4;5;6;7;8;9;10;11;12;13;14;15;16;17;18;19;20;21;22;23;24;25;26;27;28;29;30;32
meta-llama/Meta-Llama-3.1-8B,med_quad,LOO-long,rmd_mean_L29,ref,-0.049675,0.014008,3,0,0;1;2;3;4;5;6;7;8;9;10;11;12;13;14;15;16;17;18;19;20;21;22;23;24;25;26;27;28;29;30;32
meta-llama/Meta-Llama-3.1-8B,med_quad,LOO-long,rmd_mean_L3,ref,-0.055654,0.018592,3,0,0;1;2;3;4;5;6;7;8;9;10;11;12;13;14;15;16;17;18;19;20;21;22;23;24;25;26;27;28;29;30;32
meta-llama/Meta-Llama-3.1-8B,med_quad,LOO-long,rmd_mean_L30,ref,-0.058097,0.011566,3,0,0;1;2;3;4;5;6;7;8;9;10;11;12;13;14;15;16;17;18;19;20;21;22;23;24;25;26;27;28;29;30;32
meta-llama/Meta-Llama-3.1-8B,med_quad,LOO-long,rmd_mean_L32,ref,0.015589,0.021061,3,0,0;1;2;3;4;5;6;7;8;9;10;11;12;13;14;15;16;17;18;19;20;21;22;23;24;25;26;27;28;29;30;32
meta-llama/Meta-Llama-3.1-8B,med_quad,LOO-long,rmd_mean_L4,ref,-0.050125,0.036367,3,0,0;1;2;3;4;5;6;7;8;9;10;11;12;13;14;15;16;17;18;19;20;21;22;23;24;25;26;27;28;29;30;32
meta-llama/Meta-Llama-3.1-8B,med_quad,LOO-long,rmd_mean_L5,ref,-0.011785,0.039103,3,0,0;1;2;3;4;5;6;7;8;9;10;11;12;13;14;15;16;17;18;19;20;21;22;23;24;25;26;27;28;29;30;32
meta-llama/Meta-Llama-3.1-8B,med_quad,LOO-long,rmd_mean_L6,ref,-0.04629,0.036599,3,0,0;1;2;3;4;5;6;7;8;9;10;11;12;13;14;15;16;17;18;19;20;21;22;23;24;25;26;27;28;29;30;32
meta-llama/Meta-Llama-3.1-8B,med_quad,LOO-long,rmd_mean_L7,ref,-0.03799,0.056286,3,0,0;1;2;3;4;5;6;7;8;9;10;11;12;13;14;15;16;17;18;19;20;21;22;23;24;25;26;27;28;29;30;32
meta-llama/Meta-Llama-3.1-8B,med_quad,LOO-long,rmd_mean_L8,ref,-0.03577,0.051358,3,0,0;1;2;3;4;5;6;7;8;9;10;11;12;13;14;15;16;17;18;19;20;21;22;23;24;25;26;27;28;29;30;32
meta-llama/Meta-Llama-3.1-8B,med_quad,LOO-long,rmd_mean_L9,ref,-0.02921,0.052749,3,0,0;1;2;3;4;5;6;7;8;9;10;11;12;13;14;15;16;17;18;19;20;21;22;23;24;25;26;27;28;29;30;32
meta-llama/Meta-Llama-3.1-8B,med_quad,LOO-long,satmd_alllayer,ref,0.171584,0.013353,3,0,0;1;2;3;4;5;6;7;8;9;10;11;12;13;14;15;16;17;18;19;20;21;22;23;24;25;26;27;28;29;30;32
meta-llama/Meta-Llama-3.1-8B,med_quad,LOO-long,satrmd_alllayer,ref,-0.104263,0.046737,3,0,0;1;2;3;4;5;6;7;8;9;10;11;12;13;14;15;16;17;18;19;20;21;22;23;24;25;26;27;28;29;30;32
meta-llama/Meta-Llama-3.1-8B,med_quad,SameTask-long,huq_satmd_alllayer,ref,-0.04514,0.033528,3,0,0;1;2;3;4;5;6;7;8;9;10;11;12;13;14;15;16;17;18;19;20;21;22;23;24;25;26;27;28;29;30;32
meta-llama/Meta-Llama-3.1-8B,med_quad,SameTask-long,huq_satrmd_alllayer,ref,-0.062899,0.015684,3,0,0;1;2;3;4;5;6;7;8;9;10;11;12;13;14;15;16;17;18;19;20;21;22;23;24;25;26;27;28;29;30;32
meta-llama/Meta-Llama-3.1-8B,med_quad,SameTask-long,md_mean_L0,ref,-0.110894,0.005444,3,0,0;1;2;3;4;5;6;7;8;9;10;11;12;13;14;15;16;17;18;19;20;21;22;23;24;25;26;27;28;29;30;32
meta-llama/Meta-Llama-3.1-8B,med_quad,SameTask-long,md_mean_L1,ref,-0.117027,0.001661,3,0,0;1;2;3;4;5;6;7;8;9;10;11;12;13;14;15;16;17;18;19;20;21;22;23;24;25;26;27;28;29;30;32
meta-llama/Meta-Llama-3.1-8B,med_quad,SameTask-long,md_mean_L10,ref,-0.029844,0.002826,3,0,0;1;2;3;4;5;6;7;8;9;10;11;12;13;14;15;16;17;18;19;20;21;22;23;24;25;26;27;28;29;30;32
meta-llama/Meta-Llama-3.1-8B,med_quad,SameTask-long,md_mean_L11,ref,-0.00745,0.004806,3,0,0;1;2;3;4;5;6;7;8;9;10;11;12;13;14;15;16;17;18;19;20;21;22;23;24;25;26;27;28;29;30;32
meta-llama/Meta-Llama-3.1-8B,med_quad,SameTask-long,md_mean_L12,ref,0.011595,0.003144,3,0,0;1;2;3;4;5;6;7;8;9;10;11;12;13;14;15;16;17;18;19;20;21;22;23;24;25;26;27;28;29;30;32
meta-llama/Meta-Llama-3.1-8B,med_quad,SameTask-long,md_mean_L13,ref,-0.02417,0.004403,3,0,0;1;2;3;4;5;6;7;8;9;10;11;12;13;14;15;16;17;18;19;20;21;22;23;24;25;26;27;28;29;30;32
meta-llama/Meta-Llama-3.1-8B,med_quad,SameTask-long,md_mean_L14,ref,-0.06899,0.003307,3,0,0;1;2;3;4;5;6;7;8;9;10;11;12;13;14;15;16;17;18;19;20;21;22;23;24;25;26;27;28;29;30;32
meta-llama/Meta-Llama-3.1-8B,med_quad,SameTask-long,md_mean_L15,ref,-0.063541,0.000859,3,0,0;1;2;3;4;5;6;7;8;9;10;11;12;13;14;15;16;17;18;19;20;21;22;23;24;25;26;27;28;29;30;32
meta-llama/Meta-Llama-3.1-8B,med_quad,SameTask-long,md_mean_L16,ref,-0.076982,0.002358,3,0,0;1;2;3;4;5;6;7;8;9;10;11;12;13;14;15;16;17;18;19;20;21;22;23;24;25;26;27;28;29;30;32
meta-llama/Meta-Llama-3.1-8B,med_quad,SameTask-long,md_mean_L17,ref,-0.076333,0.002476,3,0,0;1;2;3;4;5;6;7;8;9;10;11;12;13;14;15;16;17;18;19;20;21;22;23;24;25;26;27;28;29;30;32
meta-llama/Meta-Llama-3.1-8B,med_quad,SameTask-long,md_mean_L18,ref,-0.046021,0.003338,3,0,0;1;2;3;4;5;6;7;8;9;10;11;12;13;14;15;16;17;18;19;20;21;22;23;24;25;26;27;28;29;30;32
meta-llama/Meta-Llama-3.1-8B,med_quad,SameTask-long,md_mean_L19,ref,-0.028564,0.003221,3,0,0;1;2;3;4;5;6;7;8;9;10;11;12;13;14;15;16;17;18;19;20;21;22;23;24;25;26;27;28;29;30;32
meta-llama/Meta-Llama-3.1-8B,med_quad,SameTask-long,md_mean_L2,ref,-0.079193,0.002043,3,0,0;1;2;3;4;5;6;7;8;9;10;11;12;13;14;15;16;17;18;19;20;21;22;23;24;25;26;27;28;29;30;32
meta-llama/Meta-Llama-3.1-8B,med_quad,SameTask-long,md_mean_L20,ref,-0.000996,0.002267,3,0,0;1;2;3;4;5;6;7;8;9;10;11;12;13;14;15;16;17;18;19;20;21;22;23;24;25;26;27;28;29;30;32
meta-llama/Meta-Llama-3.1-8B,med_quad,SameTask-long,md_mean_L21,ref,0.015579,0.007023,3,0,0;1;2;3;4;5;6;7;8;9;10;11;12;13;14;15;16;17;18;19;20;21;22;23;24;25;26;27;28;29;30;32
meta-llama/Meta-Llama-3.1-8B,med_quad,SameTask-long,md_mean_L22,ref,0.019692,0.006796,3,0,0;1;2;3;4;5;6;7;8;9;10;11;12;13;14;15;16;17;18;19;20;21;22;23;24;25;26;27;28;29;30;32
meta-llama/Meta-Llama-3.1-8B,med_quad,SameTask-long,md_mean_L23,ref,0.061992,0.008379,3,0,0;1;2;3;4;5;6;7;8;9;10;11;12;13;14;15;16;17;18;19;20;21;22;23;24;25;26;27;28;29;30;32
meta-llama/Meta-Llama-3.1-8B,med_quad,SameTask-long,md_mean_L24,ref,0.034752,0.008549,3,0,0;1;2;3;4;5;6;7;8;9;10;11;12;13;14;15;16;17;18;19;20;21;22;23;24;25;26;27;28;29;30;32
meta-llama/Meta-Llama-3.1-8B,med_quad,SameTask-long,md_mean_L25,ref,0.030721,0.008997,3,0,0;1;2;3;4;5;6;7;8;9;10;11;12;13;14;15;16;17;18;19;20;21;22;23;24;25;26;27;28;29;30;32
meta-llama/Meta-Llama-3.1-8B,med_quad,SameTask-long,md_mean_L26,ref,0.032657,0.009178,3,0,0;1;2;3;4;5;6;7;8;9;10;11;12;13;14;15;16;17;18;19;20;21;22;23;24;25;26;27;28;29;30;32
meta-llama/Meta-Llama-3.1-8B,med_quad,SameTask-long,md_mean_L27,ref,0.021985,0.005594,3,0,0;1;2;3;4;5;6;7;8;9;10;11;12;13;14;15;16;17;18;19;20;21;22;23;24;25;26;27;28;29;30;32
meta-llama/Meta-Llama-3.1-8B,med_quad,SameTask-long,md_mean_L28,ref,0.01197,0.005159,3,0,0;1;2;3;4;5;6;7;8;9;10;11;12;13;14;15;16;17;18;19;20;21;22;23;24;25;26;27;28;29;30;32
meta-llama/Meta-Llama-3.1-8B,med_quad,SameTask-long,md_mean_L29,ref,0.018834,0.005058,3,0,0;1;2;3;4;5;6;7;8;9;10;11;12;13;14;15;16;17;18;19;20;21;22;23;24;25;26;27;28;29;30;32
meta-llama/Meta-Llama-3.1-8B,med_quad,SameTask-long,md_mean_L3,ref,0.014914,0.00401,3,0,0;1;2;3;4;5;6;7;8;9;10;11;12;13;14;15;16;17;18;19;20;21;22;23;24;25;26;27;28;29;30;32
meta-llama/Meta-Llama-3.1-8B,med_quad,SameTask-long,md_mean_L30,ref,0.038638,0.006513,3,0,0;1;2;3;4;5;6;7;8;9;10;11;12;13;14;15;16;17;18;19;20;21;22;23;24;25;26;27;28;29;30;32
meta-llama/Meta-Llama-3.1-8B,med_quad,SameTask-long,md_mean_L32,ref,-0.228528,0.001532,3,0,0;1;2;3;4;5;6;7;8;9;10;11;12;13;14;15;16;17;18;19;20;21;22;23;24;25;26;27;28;29;30;32
meta-llama/Meta-Llama-3.1-8B,med_quad,SameTask-long,md_mean_L4,ref,-0.024925,0.004659,3,0,0;1;2;3;4;5;6;7;8;9;10;11;12;13;14;15;16;17;18;19;20;21;22;23;24;25;26;27;28;29;30;32
meta-llama/Meta-Llama-3.1-8B,med_quad,SameTask-long,md_mean_L5,ref,-0.055758,0.002412,3,0,0;1;2;3;4;5;6;7;8;9;10;11;12;13;14;15;16;17;18;19;20;21;22;23;24;25;26;27;28;29;30;32
meta-llama/Meta-Llama-3.1-8B,med_quad,SameTask-long,md_mean_L6,ref,-0.078629,0.002931,3,0,0;1;2;3;4;5;6;7;8;9;10;11;12;13;14;15;16;17;18;19;20;21;22;23;24;25;26;27;28;29;30;32
meta-llama/Meta-Llama-3.1-8B,med_quad,SameTask-long,md_mean_L7,ref,-0.06128,0.002122,3,0,0;1;2;3;4;5;6;7;8;9;10;11;12;13;14;15;16;17;18;19;20;21;22;23;24;25;26;27;28;29;30;32
meta-llama/Meta-Llama-3.1-8B,med_quad,SameTask-long,md_mean_L8,ref,-0.035593,0.000647,3,0,0;1;2;3;4;5;6;7;8;9;10;11;12;13;14;15;16;17;18;19;20;21;22;23;24;25;26;27;28;29;30;32
meta-llama/Meta-Llama-3.1-8B,med_quad,SameTask-long,md_mean_L9,ref,-0.007318,0.002119,3,0,0;1;2;3;4;5;6;7;8;9;10;11;12;13;14;15;16;17;18;19;20;21;22;23;24;25;26;27;28;29;30;32
meta-llama/Meta-Llama-3.1-8B,med_quad,SameTask-long,msp_satmd_alllayer,ref,0.106817,0.026528,3,0,0;1;2;3;4;5;6;7;8;9;10;11;12;13;14;15;16;17;18;19;20;21;22;23;24;25;26;27;28;29;30;32
meta-llama/Meta-Llama-3.1-8B,med_quad,SameTask-long,msp_satrmd_alllayer,ref,0.176285,0.028254,3,0,0;1;2;3;4;5;6;7;8;9;10;11;12;13;14;15;16;17;18;19;20;21;22;23;24;25;26;27;28;29;30;32
meta-llama/Meta-Llama-3.1-8B,med_quad,SameTask-long,rmd_mean_L0,ref,-0.023962,0.001756,3,0,0;1;2;3;4;5;6;7;8;9;10;11;12;13;14;15;16;17;18;19;20;21;22;23;24;25;26;27;28;29;30;32
meta-llama/Meta-Llama-3.1-8B,med_quad,SameTask-long,rmd_mean_L1,ref,-0.05162,0.001418,3,0,0;1;2;3;4;5;6;7;8;9;10;11;12;13;14;15;16;17;18;19;20;21;22;23;24;25;26;27;28;29;30;32
meta-llama/Meta-Llama-3.1-8B,med_quad,SameTask-long,rmd_mean_L10,ref,-0.087335,0.005024,3,0,0;1;2;3;4;5;6;7;8;9;10;11;12;13;14;15;16;17;18;19;20;21;22;23;24;25;26;27;28;29;30;32
meta-llama/Meta-Llama-3.1-8B,med_quad,SameTask-long,rmd_mean_L11,ref,-0.072609,0.005706,3,0,0;1;2;3;4;5;6;7;8;9;10;11;12;13;14;15;16;17;18;19;20;21;22;23;24;25;26;27;28;29;30;32
meta-llama/Meta-Llama-3.1-8B,med_quad,SameTask-long,rmd_mean_L12,ref,-0.042044,0.007142,3,0,0;1;2;3;4;5;6;7;8;9;10;11;12;13;14;15;16;17;18;19;20;21;22;23;24;25;26;27;28;29;30;32
meta-llama/Meta-Llama-3.1-8B,med_quad,SameTask-long,rmd_mean_L13,ref,-0.034512,0.010139,3,0,0;1;2;3;4;5;6;7;8;9;10;11;12;13;14;15;16;17;18;19;20;21;22;23;24;25;26;27;28;29;30;32
meta-llama/Meta-Llama-3.1-8B,med_quad,SameTask-long,rmd_mean_L14,ref,-0.064991,0.00824,3,0,0;1;2;3;4;5;6;7;8;9;10;11;12;13;14;15;16;17;18;19;20;21;22;23;24;25;26;27;28;29;30;32
meta-llama/Meta-Llama-3.1-8B,med_quad,SameTask-long,rmd_mean_L15,ref,-0.086506,0.002194,3,0,0;1;2;3;4;5;6;7;8;9;10;11;12;13;14;15;16;17;18;19;20;21;22;23;24;25;26;27;28;29;30;32
meta-llama/Meta-Llama-3.1-8B,med_quad,SameTask-long,rmd_mean_L16,ref,-0.0636,0.003881,3,0,0;1;2;3;4;5;6;7;8;9;10;11;12;13;14;15;16;17;18;19;20;21;22;23;24;25;26;27;28;29;30;32
meta-llama/Meta-Llama-3.1-8B,med_quad,SameTask-long,rmd_mean_L17,ref,-0.138878,0.001185,3,0,0;1;2;3;4;5;6;7;8;9;10;11;12;13;14;15;16;17;18;19;20;21;22;23;24;25;26;27;28;29;30;32
meta-llama/Meta-Llama-3.1-8B,med_quad,SameTask-long,rmd_mean_L18,ref,-0.168469,0.002243,3,0,0;1;2;3;4;5;6;7;8;9;10;11;12;13;14;15;16;17;18;19;20;21;22;23;24;25;26;27;28;29;30;32
meta-llama/Meta-Llama-3.1-8B,med_quad,SameTask-long,rmd_mean_L19,ref,-0.129366,0.002196,3,0,0;1;2;3;4;5;6;7;8;9;10;11;12;13;14;15;16;17;18;19;20;21;22;23;24;25;26;27;28;29;30;32
meta-llama/Meta-Llama-3.1-8B,med_quad,SameTask-long,rmd_mean_L2,ref,-0.099586,0.003557,3,0,0;1;2;3;4;5;6;7;8;9;10;11;12;13;14;15;16;17;18;19;20;21;22;23;24;25;26;27;28;29;30;32
meta-llama/Meta-Llama-3.1-8B,med_quad,SameTask-long,rmd_mean_L20,ref,-0.144564,0.001419,3,0,0;1;2;3;4;5;6;7;8;9;10;11;12;13;14;15;16;17;18;19;20;21;22;23;24;25;26;27;28;29;30;32
meta-llama/Meta-Llama-3.1-8B,med_quad,SameTask-long,rmd_mean_L21,ref,-0.135925,0.002388,3,0,0;1;2;3;4;5;6;7;8;9;10;11;12;13;14;15;16;17;18;19;20;21;22;23;24;25;26;27;28;29;30;32
meta-llama/Meta-Llama-3.1-8B,med_quad,SameTask-long,rmd_mean_L22,ref,-0.121251,0.005255,3,0,0;1;2;3;4;5;6;7;8;9;10;11;12;13;14;15;16;17;18;19;20;21;22;23;24;25;26;27;28;29;30;32
meta-llama/Meta-Llama-3.1-8B,med_quad,SameTask-long,rmd_mean_L23,ref,-0.1168,0.003725,3,0,0;1;2;3;4;5;6;7;8;9;10;11;12;13;14;15;16;17;18;19;20;21;22;23;24;25;26;27;28;29;30;32
meta-llama/Meta-Llama-3.1-8B,med_quad,SameTask-long,rmd_mean_L24,ref,-0.11307,0.003573,3,0,0;1;2;3;4;5;6;7;8;9;10;11;12;13;14;15;16;17;18;19;20;21;22;23;24;25;26;27;28;29;30;32
meta-llama/Meta-Llama-3.1-8B,med_quad,SameTask-long,rmd_mean_L25,ref,-0.1039,0.003225,3,0,0;1;2;3;4;5;6;7;8;9;10;11;12;13;14;15;16;17;18;19;20;21;22;23;24;25;26;27;28;29;30;32
meta-llama/Meta-Llama-3.1-8B,med_quad,SameTask-long,rmd_mean_L26,ref,-0.099343,0.003602,3,0,0;1;2;3;4;5;6;7;8;9;10;11;12;13;14;15;16;17;18;19;20;21;22;23;24;25;26;27;28;29;30;32
meta-llama/Meta-Llama-3.1-8B,med_quad,SameTask-long,rmd_mean_L27,ref,-0.106165,0.003216,3,0,0;1;2;3;4;5;6;7;8;9;10;11;12;13;14;15;16;17;18;19;20;21;22;23;24;25;26;27;28;29;30;32
meta-llama/Meta-Llama-3.1-8B,med_quad,SameTask-long,rmd_mean_L28,ref,-0.109219,0.002589,3,0,0;1;2;3;4;5;6;7;8;9;10;11;12;13;14;15;16;17;18;19;20;21;22;23;24;25;26;27;28;29;30;32
meta-llama/Meta-Llama-3.1-8B,med_quad,SameTask-long,rmd_mean_L29,ref,-0.105094,0.003494,3,0,0;1;2;3;4;5;6;7;8;9;10;11;12;13;14;15;16;17;18;19;20;21;22;23;24;25;26;27;28;29;30;32
meta-llama/Meta-Llama-3.1-8B,med_quad,SameTask-long,rmd_mean_L3,ref,-0.082991,0.005811,3,0,0;1;2;3;4;5;6;7;8;9;10;11;12;13;14;15;16;17;18;19;20;21;22;23;24;25;26;27;28;29;30;32
meta-llama/Meta-Llama-3.1-8B,med_quad,SameTask-long,rmd_mean_L30,ref,-0.111014,0.002803,3,0,0;1;2;3;4;5;6;7;8;9;10;11;12;13;14;15;16;17;18;19;20;21;22;23;24;25;26;27;28;29;30;32
meta-llama/Meta-Llama-3.1-8B,med_quad,SameTask-long,rmd_mean_L32,ref,-0.080402,0.003345,3,0,0;1;2;3;4;5;6;7;8;9;10;11;12;13;14;15;16;17;18;19;20;21;22;23;24;25;26;27;28;29;30;32
meta-llama/Meta-Llama-3.1-8B,med_quad,SameTask-long,rmd_mean_L4,ref,-0.062523,0.003333,3,0,0;1;2;3;4;5;6;7;8;9;10;11;12;13;14;15;16;17;18;19;20;21;22;23;24;25;26;27;28;29;30;32
meta-llama/Meta-Llama-3.1-8B,med_quad,SameTask-long,rmd_mean_L5,ref,-0.057807,0.00211,3,0,0;1;2;3;4;5;6;7;8;9;10;11;12;13;14;15;16;17;18;19;20;21;22;23;24;25;26;27;28;29;30;32
meta-llama/Meta-Llama-3.1-8B,med_quad,SameTask-long,rmd_mean_L6,ref,-0.083222,0.001873,3,0,0;1;2;3;4;5;6;7;8;9;10;11;12;13;14;15;16;17;18;19;20;21;22;23;24;25;26;27;28;29;30;32
meta-llama/Meta-Llama-3.1-8B,med_quad,SameTask-long,rmd_mean_L7,ref,-0.074198,0.005118,3,0,0;1;2;3;4;5;6;7;8;9;10;11;12;13;14;15;16;17;18;19;20;21;22;23;24;25;26;27;28;29;30;32
meta-llama/Meta-Llama-3.1-8B,med_quad,SameTask-long,rmd_mean_L8,ref,-0.089484,0.00446,3,0,0;1;2;3;4;5;6;7;8;9;10;11;12;13;14;15;16;17;18;19;20;21;22;23;24;25;26;27;28;29;30;32
meta-llama/Meta-Llama-3.1-8B,med_quad,SameTask-long,rmd_mean_L9,ref,-0.114604,0.001238,3,0,0;1;2;3;4;5;6;7;8;9;10;11;12;13;14;15;16;17;18;19;20;21;22;23;24;25;26;27;28;29;30;32
meta-llama/Meta-Llama-3.1-8B,med_quad,SameTask-long,satmd_alllayer,ref,-0.0423,0.028226,3,0,0;1;2;3;4;5;6;7;8;9;10;11;12;13;14;15;16;17;18;19;20;21;22;23;24;25;26;27;28;29;30;32
meta-llama/Meta-Llama-3.1-8B,med_quad,SameTask-long,satrmd_alllayer,ref,-0.044907,0.023246,3,0,0;1;2;3;4;5;6;7;8;9;10;11;12;13;14;15;16;17;18;19;20;21;22;23;24;25;26;27;28;29;30;32
meta-llama/Meta-Llama-3.1-8B,pubmed_qa,1ds-Diff-long,huq_satmd_alllayer,ref,0.117718,0.0,3,0,0;1;2;3;4;5;6;7;8;9;10;11;12;13;14;15;16;17;18;19;20;21;22;23;24;25;26;27;28;29;30;32
meta-llama/Meta-Llama-3.1-8B,pubmed_qa,1ds-Diff-long,huq_satrmd_alllayer,ref,0.230401,0.0,3,0,0;1;2;3;4;5;6;7;8;9;10;11;12;13;14;15;16;17;18;19;20;21;22;23;24;25;26;27;28;29;30;32
meta-llama/Meta-Llama-3.1-8B,pubmed_qa,1ds-Diff-long,md_mean_L0,ref,-0.224103,0.0,3,0,0;1;2;3;4;5;6;7;8;9;10;11;12;13;14;15;16;17;18;19;20;21;22;23;24;25;26;27;28;29;30;32
meta-llama/Meta-Llama-3.1-8B,pubmed_qa,1ds-Diff-long,md_mean_L1,ref,-0.375399,0.0,3,0,0;1;2;3;4;5;6;7;8;9;10;11;12;13;14;15;16;17;18;19;20;21;22;23;24;25;26;27;28;29;30;32
meta-llama/Meta-Llama-3.1-8B,pubmed_qa,1ds-Diff-long,md_mean_L10,ref,-0.18964,0.0,3,0,0;1;2;3;4;5;6;7;8;9;10;11;12;13;14;15;16;17;18;19;20;21;22;23;24;25;26;27;28;29;30;32
meta-llama/Meta-Llama-3.1-8B,pubmed_qa,1ds-Diff-long,md_mean_L11,ref,-0.021864,0.0,3,0,0;1;2;3;4;5;6;7;8;9;10;11;12;13;14;15;16;17;18;19;20;21;22;23;24;25;26;27;28;29;30;32
meta-llama/Meta-Llama-3.1-8B,pubmed_qa,1ds-Diff-long,md_mean_L12,ref,0.027085,0.0,3,0,0;1;2;3;4;5;6;7;8;9;10;11;12;13;14;15;16;17;18;19;20;21;22;23;24;25;26;27;28;29;30;32
meta-llama/Meta-Llama-3.1-8B,pubmed_qa,1ds-Diff-long,md_mean_L13,ref,0.113427,0.0,3,0,0;1;2;3;4;5;6;7;8;9;10;11;12;13;14;15;16;17;18;19;20;21;22;23;24;25;26;27;28;29;30;32
meta-llama/Meta-Llama-3.1-8B,pubmed_qa,1ds-Diff-long,md_mean_L14,ref,-0.077252,0.0,3,0,0;1;2;3;4;5;6;7;8;9;10;11;12;13;14;15;16;17;18;19;20;21;22;23;24;25;26;27;28;29;30;32
meta-llama/Meta-Llama-3.1-8B,pubmed_qa,1ds-Diff-long,md_mean_L15,ref,-0.150513,0.0,3,0,0;1;2;3;4;5;6;7;8;9;10;11;12;13;14;15;16;17;18;19;20;21;22;23;24;25;26;27;28;29;30;32
meta-llama/Meta-Llama-3.1-8B,pubmed_qa,1ds-Diff-long,md_mean_L16,ref,-0.21149,0.0,3,0,0;1;2;3;4;5;6;7;8;9;10;11;12;13;14;15;16;17;18;19;20;21;22;23;24;25;26;27;28;29;30;32
meta-llama/Meta-Llama-3.1-8B,pubmed_qa,1ds-Diff-long,md_mean_L17,ref,-0.281805,0.0,3,0,0;1;2;3;4;5;6;7;8;9;10;11;12;13;14;15;16;17;18;19;20;21;22;23;24;25;26;27;28;29;30;32
meta-llama/Meta-Llama-3.1-8B,pubmed_qa,1ds-Diff-long,md_mean_L18,ref,-0.372414,0.0,3,0,0;1;2;3;4;5;6;7;8;9;10;11;12;13;14;15;16;17;18;19;20;21;22;23;24;25;26;27;28;29;30;32
meta-llama/Meta-Llama-3.1-8B,pubmed_qa,1ds-Diff-long,md_mean_L19,ref,-0.426588,0.0,3,0,0;1;2;3;4;5;6;7;8;9;10;11;12;13;14;15;16;17;18;19;20;21;22;23;24;25;26;27;28;29;30;32
meta-llama/Meta-Llama-3.1-8B,pubmed_qa,1ds-Diff-long,md_mean_L2,ref,-0.505216,0.0,3,0,0;1;2;3;4;5;6;7;8;9;10;11;12;13;14;15;16;17;18;19;20;21;22;23;24;25;26;27;28;29;30;32
meta-llama/Meta-Llama-3.1-8B,pubmed_qa,1ds-Diff-long,md_mean_L20,ref,-0.458792,0.0,3,0,0;1;2;3;4;5;6;7;8;9;10;11;12;13;14;15;16;17;18;19;20;21;22;23;24;25;26;27;28;29;30;32
meta-llama/Meta-Llama-3.1-8B,pubmed_qa,1ds-Diff-long,md_mean_L21,ref,-0.464589,0.0,3,0,0;1;2;3;4;5;6;7;8;9;10;11;12;13;14;15;16;17;18;19;20;21;22;23;24;25;26;27;28;29;30;32
meta-llama/Meta-Llama-3.1-8B,pubmed_qa,1ds-Diff-long,md_mean_L22,ref,-0.486246,0.0,3,0,0;1;2;3;4;5;6;7;8;9;10;11;12;13;14;15;16;17;18;19;20;21;22;23;24;25;26;27;28;29;30;32
meta-llama/Meta-Llama-3.1-8B,pubmed_qa,1ds-Diff-long,md_mean_L23,ref,-0.492496,0.0,3,0,0;1;2;3;4;5;6;7;8;9;10;11;12;13;14;15;16;17;18;19;20;21;22;23;24;25;26;27;28;29;30;32
meta-llama/Meta-Llama-3.1-8B,pubmed_qa,1ds-Diff-long,md_mean_L24,ref,-0.47589,0.0,3,0,0;1;2;3;4;5;6;7;8;9;10;11;12;13;14;15;16;17;18;19;20;21;22;23;24;25;26;27;28;29;30;32
meta-llama/Meta-Llama-3.1-8B,pubmed_qa,1ds-Diff-long,md_mean_L25,ref,-0.473388,0.0,3,0,0;1;2;3;4;5;6;7;8;9;10;11;12;13;14;15;16;17;18;19;20;21;22;23;24;25;26;27;28;29;30;32
meta-llama/Meta-Llama-3.1-8B,pubmed_qa,1ds-Diff-long,md_mean_L26,ref,-0.503272,0.0,3,0,0;1;2;3;4;5;6;7;8;9;10;11;12;13;14;15;16;17;18;19;20;21;22;23;24;25;26;27;28;29;30;32
meta-llama/Meta-Llama-3.1-8B,pubmed_qa,1ds-Diff-long,md_mean_L27,ref,-0.491998,0.0,3,0,0;1;2;3;4;5;6;7;8;9;10;11;12;13;14;15;16;17;18;19;20;21;22;23;24;25;26;27;28;29;30;32
meta-llama/Meta-Llama-3.1-8B,pubmed_qa,1ds-Diff-long,md_mean_L28,ref,-0.493244,0.0,3,0,0;1;2;3;4;5;6;7;8;9;10;11;12;13;14;15;16;17;18;19;20;21;22;23;24;25;26;27;28;29;30;32
meta-llama/Meta-Llama-3.1-8B,pubmed_qa,1ds-Diff-long,md_mean_L29,ref,-0.496901,0.0,3,0,0;1;2;3;4;5;6;7;8;9;10;11;12;13;14;15;16;17;18;19;20;21;22;23;24;25;26;27;28;29;30;32
meta-llama/Meta-Llama-3.1-8B,pubmed_qa,1ds-Diff-long,md_mean_L3,ref,-0.593647,0.0,3,0,0;1;2;3;4;5;6;7;8;9;10;11;12;13;14;15;16;17;18;19;20;21;22;23;24;25;26;27;28;29;30;32
meta-llama/Meta-Llama-3.1-8B,pubmed_qa,1ds-Diff-long,md_mean_L30,ref,-0.528799,0.0,3,0,0;1;2;3;4;5;6;7;8;9;10;11;12;13;14;15;16;17;18;19;20;21;22;23;24;25;26;27;28;29;30;32
meta-llama/Meta-Llama-3.1-8B,pubmed_qa,1ds-Diff-long,md_mean_L32,ref,-0.381327,0.0,3,0,0;1;2;3;4;5;6;7;8;9;10;11;12;13;14;15;16;17;18;19;20;21;22;23;24;25;26;27;28;29;30;32
meta-llama/Meta-Llama-3.1-8B,pubmed_qa,1ds-Diff-long,md_mean_L4,ref,-0.563355,0.0,3,0,0;1;2;3;4;5;6;7;8;9;10;11;12;13;14;15;16;17;18;19;20;21;22;23;24;25;26;27;28;29;30;32
meta-llama/Meta-Llama-3.1-8B,pubmed_qa,1ds-Diff-long,md_mean_L5,ref,-0.533073,0.0,3,0,0;1;2;3;4;5;6;7;8;9;10;11;12;13;14;15;16;17;18;19;20;21;22;23;24;25;26;27;28;29;30;32
meta-llama/Meta-Llama-3.1-8B,pubmed_qa,1ds-Diff-long,md_mean_L6,ref,-0.487781,0.0,3,0,0;1;2;3;4;5;6;7;8;9;10;11;12;13;14;15;16;17;18;19;20;21;22;23;24;25;26;27;28;29;30;32
meta-llama/Meta-Llama-3.1-8B,pubmed_qa,1ds-Diff-long,md_mean_L7,ref,-0.454576,0.0,3,0,0;1;2;3;4;5;6;7;8;9;10;11;12;13;14;15;16;17;18;19;20;21;22;23;24;25;26;27;28;29;30;32
meta-llama/Meta-Llama-3.1-8B,pubmed_qa,1ds-Diff-long,md_mean_L8,ref,-0.379548,0.0,3,0,0;1;2;3;4;5;6;7;8;9;10;11;12;13;14;15;16;17;18;19;20;21;22;23;24;25;26;27;28;29;30;32
meta-llama/Meta-Llama-3.1-8B,pubmed_qa,1ds-Diff-long,md_mean_L9,ref,-0.208351,0.0,3,0,0;1;2;3;4;5;6;7;8;9;10;11;12;13;14;15;16;17;18;19;20;21;22;23;24;25;26;27;28;29;30;32
meta-llama/Meta-Llama-3.1-8B,pubmed_qa,1ds-Diff-long,msp_satmd_alllayer,ref,0.090311,0.0,3,0,0;1;2;3;4;5;6;7;8;9;10;11;12;13;14;15;16;17;18;19;20;21;22;23;24;25;26;27;28;29;30;32
meta-llama/Meta-Llama-3.1-8B,pubmed_qa,1ds-Diff-long,msp_satrmd_alllayer,ref,0.135752,0.0,3,0,0;1;2;3;4;5;6;7;8;9;10;11;12;13;14;15;16;17;18;19;20;21;22;23;24;25;26;27;28;29;30;32
meta-llama/Meta-Llama-3.1-8B,pubmed_qa,1ds-Diff-long,rmd_mean_L0,ref,0.156686,0.0,3,0,0;1;2;3;4;5;6;7;8;9;10;11;12;13;14;15;16;17;18;19;20;21;22;23;24;25;26;27;28;29;30;32
meta-llama/Meta-Llama-3.1-8B,pubmed_qa,1ds-Diff-long,rmd_mean_L1,ref,-0.043835,0.0,3,0,0;1;2;3;4;5;6;7;8;9;10;11;12;13;14;15;16;17;18;19;20;21;22;23;24;25;26;27;28;29;30;32
meta-llama/Meta-Llama-3.1-8B,pubmed_qa,1ds-Diff-long,rmd_mean_L10,ref,-0.144069,0.0,3,0,0;1;2;3;4;5;6;7;8;9;10;11;12;13;14;15;16;17;18;19;20;21;22;23;24;25;26;27;28;29;30;32
meta-llama/Meta-Llama-3.1-8B,pubmed_qa,1ds-Diff-long,rmd_mean_L11,ref,-0.028011,0.0,3,0,0;1;2;3;4;5;6;7;8;9;10;11;12;13;14;15;16;17;18;19;20;21;22;23;24;25;26;27;28;29;30;32
meta-llama/Meta-Llama-3.1-8B,pubmed_qa,1ds-Diff-long,rmd_mean_L12,ref,-0.011914,0.0,3,0,0;1;2;3;4;5;6;7;8;9;10;11;12;13;14;15;16;17;18;19;20;21;22;23;24;25;26;27;28;29;30;32
meta-llama/Meta-Llama-3.1-8B,pubmed_qa,1ds-Diff-long,rmd_mean_L13,ref,0.0403,0.0,3,0,0;1;2;3;4;5;6;7;8;9;10;11;12;13;14;15;16;17;18;19;20;21;22;23;24;25;26;27;28;29;30;32
meta-llama/Meta-Llama-3.1-8B,pubmed_qa,1ds-Diff-long,rmd_mean_L14,ref,-0.108576,0.0,3,0,0;1;2;3;4;5;6;7;8;9;10;11;12;13;14;15;16;17;18;19;20;21;22;23;24;25;26;27;28;29;30;32
meta-llama/Meta-Llama-3.1-8B,pubmed_qa,1ds-Diff-long,rmd_mean_L15,ref,-0.147638,0.0,3,0,0;1;2;3;4;5;6;7;8;9;10;11;12;13;14;15;16;17;18;19;20;21;22;23;24;25;26;27;28;29;30;32
meta-llama/Meta-Llama-3.1-8B,pubmed_qa,1ds-Diff-long,rmd_mean_L16,ref,-0.173063,0.0,3,0,0;1;2;3;4;5;6;7;8;9;10;11;12;13;14;15;16;17;18;19;20;21;22;23;24;25;26;27;28;29;30;32
meta-llama/Meta-Llama-3.1-8B,pubmed_qa,1ds-Diff-long,rmd_mean_L17,ref,-0.187266,0.0,3,0,0;1;2;3;4;5;6;7;8;9;10;11;12;13;14;15;16;17;18;19;20;21;22;23;24;25;26;27;28;29;30;32
meta-llama/Meta-Llama-3.1-8B,pubmed_qa,1ds-Diff-long,rmd_mean_L18,ref,-0.258665,0.0,3,0,0;1;2;3;4;5;6;7;8;9;10;11;12;13;14;15;16;17;18;19;20;21;22;23;24;25;26;27;28;29;30;32
meta-llama/Meta-Llama-3.1-8B,pubmed_qa,1ds-Diff-long,rmd_mean_L19,ref,-0.313569,0.0,3,0,0;1;2;3;4;5;6;7;8;9;10;11;12;13;14;15;16;17;18;19;20;21;22;23;24;25;26;27;28;29;30;32
meta-llama/Meta-Llama-3.1-8B,pubmed_qa,1ds-Diff-long,rmd_mean_L2,ref,-0.061848,0.0,3,0,0;1;2;3;4;5;6;7;8;9;10;11;12;13;14;15;16;17;18;19;20;21;22;23;24;25;26;27;28;29;30;32
meta-llama/Meta-Llama-3.1-8B,pubmed_qa,1ds-Diff-long,rmd_mean_L20,ref,-0.343074,0.0,3,0,0;1;2;3;4;5;6;7;8;9;10;11;12;13;14;15;16;17;18;19;20;21;22;23;24;25;26;27;28;29;30;32
meta-llama/Meta-Llama-3.1-8B,pubmed_qa,1ds-Diff-long,rmd_mean_L21,ref,-0.330178,0.0,3,0,0;1;2;3;4;5;6;7;8;9;10;11;12;13;14;15;16;17;18;19;20;21;22;23;24;25;26;27;28;29;30;32
meta-llama/Meta-Llama-3.1-8B,pubmed_qa,1ds-Diff-long,rmd_mean_L22,ref,-0.353407,0.0,3,0,0;1;2;3;4;5;6;7;8;9;10;11;12;13;14;15;16;17;18;19;20;21;22;23;24;25;26;27;28;29;30;32
meta-llama/Meta-Llama-3.1-8B,pubmed_qa,1ds-Diff-long,rmd_mean_L23,ref,-0.338956,0.0,3,0,0;1;2;3;4;5;6;7;8;9;10;11;12;13;14;15;16;17;18;19;20;21;22;23;24;25;26;27;28;29;30;32
meta-llama/Meta-Llama-3.1-8B,pubmed_qa,1ds-Diff-long,rmd_mean_L24,ref,-0.318588,0.0,3,0,0;1;2;3;4;5;6;7;8;9;10;11;12;13;14;15;16;17;18;19;20;21;22;23;24;25;26;27;28;29;30;32
meta-llama/Meta-Llama-3.1-8B,pubmed_qa,1ds-Diff-long,rmd_mean_L25,ref,-0.307058,0.0,3,0,0;1;2;3;4;5;6;7;8;9;10;11;12;13;14;15;16;17;18;19;20;21;22;23;24;25;26;27;28;29;30;32
meta-llama/Meta-Llama-3.1-8B,pubmed_qa,1ds-Diff-long,rmd_mean_L26,ref,-0.354405,0.0,3,0,0;1;2;3;4;5;6;7;8;9;10;11;12;13;14;15;16;17;18;19;20;21;22;23;24;25;26;27;28;29;30;32
meta-llama/Meta-Llama-3.1-8B,pubmed_qa,1ds-Diff-long,rmd_mean_L27,ref,-0.333679,0.0,3,0,0;1;2;3;4;5;6;7;8;9;10;11;12;13;14;15;16;17;18;19;20;21;22;23;24;25;26;27;28;29;30;32
meta-llama/Meta-Llama-3.1-8B,pubmed_qa,1ds-Diff-long,rmd_mean_L28,ref,-0.318167,0.0,3,0,0;1;2;3;4;5;6;7;8;9;10;11;12;13;14;15;16;17;18;19;20;21;22;23;24;25;26;27;28;29;30;32
meta-llama/Meta-Llama-3.1-8B,pubmed_qa,1ds-Diff-long,rmd_mean_L29,ref,-0.309052,0.0,3,0,0;1;2;3;4;5;6;7;8;9;10;11;12;13;14;15;16;17;18;19;20;21;22;23;24;25;26;27;28;29;30;32
meta-llama/Meta-Llama-3.1-8B,pubmed_qa,1ds-Diff-long,rmd_mean_L3,ref,-0.218139,0.0,3,0,0;1;2;3;4;5;6;7;8;9;10;11;12;13;14;15;16;17;18;19;20;21;22;23;24;25;26;27;28;29;30;32
meta-llama/Meta-Llama-3.1-8B,pubmed_qa,1ds-Diff-long,rmd_mean_L30,ref,-0.318716,0.0,3,0,0;1;2;3;4;5;6;7;8;9;10;11;12;13;14;15;16;17;18;19;20;21;22;23;24;25;26;27;28;29;30;32
meta-llama/Meta-Llama-3.1-8B,pubmed_qa,1ds-Diff-long,rmd_mean_L32,ref,-0.295755,0.0,3,0,0;1;2;3;4;5;6;7;8;9;10;11;12;13;14;15;16;17;18;19;20;21;22;23;24;25;26;27;28;29;30;32
meta-llama/Meta-Llama-3.1-8B,pubmed_qa,1ds-Diff-long,rmd_mean_L4,ref,-0.292514,0.0,3,0,0;1;2;3;4;5;6;7;8;9;10;11;12;13;14;15;16;17;18;19;20;21;22;23;24;25;26;27;28;29;30;32
meta-llama/Meta-Llama-3.1-8B,pubmed_qa,1ds-Diff-long,rmd_mean_L5,ref,-0.305056,0.0,3,0,0;1;2;3;4;5;6;7;8;9;10;11;12;13;14;15;16;17;18;19;20;21;22;23;24;25;26;27;28;29;30;32
meta-llama/Meta-Llama-3.1-8B,pubmed_qa,1ds-Diff-long,rmd_mean_L6,ref,-0.285796,0.0,3,0,0;1;2;3;4;5;6;7;8;9;10;11;12;13;14;15;16;17;18;19;20;21;22;23;24;25;26;27;28;29;30;32
meta-llama/Meta-Llama-3.1-8B,pubmed_qa,1ds-Diff-long,rmd_mean_L7,ref,-0.267169,0.0,3,0,0;1;2;3;4;5;6;7;8;9;10;11;12;13;14;15;16;17;18;19;20;21;22;23;24;25;26;27;28;29;30;32
meta-llama/Meta-Llama-3.1-8B,pubmed_qa,1ds-Diff-long,rmd_mean_L8,ref,-0.275916,0.0,3,0,0;1;2;3;4;5;6;7;8;9;10;11;12;13;14;15;16;17;18;19;20;21;22;23;24;25;26;27;28;29;30;32
meta-llama/Meta-Llama-3.1-8B,pubmed_qa,1ds-Diff-long,rmd_mean_L9,ref,-0.151115,0.0,3,0,0;1;2;3;4;5;6;7;8;9;10;11;12;13;14;15;16;17;18;19;20;21;22;23;24;25;26;27;28;29;30;32
meta-llama/Meta-Llama-3.1-8B,pubmed_qa,1ds-Diff-long,satmd_alllayer,ref,0.117718,0.0,3,0,0;1;2;3;4;5;6;7;8;9;10;11;12;13;14;15;16;17;18;19;20;21;22;23;24;25;26;27;28;29;30;32
meta-llama/Meta-Llama-3.1-8B,pubmed_qa,1ds-Diff-long,satrmd_alllayer,ref,0.230401,0.0,3,0,0;1;2;3;4;5;6;7;8;9;10;11;12;13;14;15;16;17;18;19;20;21;22;23;24;25;26;27;28;29;30;32
meta-llama/Meta-Llama-3.1-8B,pubmed_qa,DiffTask-long,huq_satmd_alllayer,ref,-0.117609,0.02324,3,0,0;1;2;3;4;5;6;7;8;9;10;11;12;13;14;15;16;17;18;19;20;21;22;23;24;25;26;27;28;29;30;32
meta-llama/Meta-Llama-3.1-8B,pubmed_qa,DiffTask-long,huq_satrmd_alllayer,ref,-0.035502,0.127937,3,0,0;1;2;3;4;5;6;7;8;9;10;11;12;13;14;15;16;17;18;19;20;21;22;23;24;25;26;27;28;29;30;32
meta-llama/Meta-Llama-3.1-8B,pubmed_qa,DiffTask-long,md_mean_L0,ref,-0.193172,0.014558,3,0,0;1;2;3;4;5;6;7;8;9;10;11;12;13;14;15;16;17;18;19;20;21;22;23;24;25;26;27;28;29;30;32
meta-llama/Meta-Llama-3.1-8B,pubmed_qa,DiffTask-long,md_mean_L1,ref,-0.212024,0.002759,3,0,0;1;2;3;4;5;6;7;8;9;10;11;12;13;14;15;16;17;18;19;20;21;22;23;24;25;26;27;28;29;30;32
meta-llama/Meta-Llama-3.1-8B,pubmed_qa,DiffTask-long,md_mean_L10,ref,-0.006961,0.015042,3,0,0;1;2;3;4;5;6;7;8;9;10;11;12;13;14;15;16;17;18;19;20;21;22;23;24;25;26;27;28;29;30;32
meta-llama/Meta-Llama-3.1-8B,pubmed_qa,DiffTask-long,md_mean_L11,ref,0.033271,0.008063,3,0,0;1;2;3;4;5;6;7;8;9;10;11;12;13;14;15;16;17;18;19;20;21;22;23;24;25;26;27;28;29;30;32
meta-llama/Meta-Llama-3.1-8B,pubmed_qa,DiffTask-long,md_mean_L12,ref,0.076458,0.010844,3,0,0;1;2;3;4;5;6;7;8;9;10;11;12;13;14;15;16;17;18;19;20;21;22;23;24;25;26;27;28;29;30;32
meta-llama/Meta-Llama-3.1-8B,pubmed_qa,DiffTask-long,md_mean_L13,ref,0.104794,0.00978,3,0,0;1;2;3;4;5;6;7;8;9;10;11;12;13;14;15;16;17;18;19;20;21;22;23;24;25;26;27;28;29;30;32
meta-llama/Meta-Llama-3.1-8B,pubmed_qa,DiffTask-long,md_mean_L14,ref,0.085131,0.017454,3,0,0;1;2;3;4;5;6;7;8;9;10;11;12;13;14;15;16;17;18;19;20;21;22;23;24;25;26;27;28;29;30;32
meta-llama/Meta-Llama-3.1-8B,pubmed_qa,DiffTask-long,md_mean_L15,ref,0.031659,0.023129,3,0,0;1;2;3;4;5;6;7;8;9;10;11;12;13;14;15;16;17;18;19;20;21;22;23;24;25;26;27;28;29;30;32
meta-llama/Meta-Llama-3.1-8B,pubmed_qa,DiffTask-long,md_mean_L16,ref,0.002698,0.028691,3,0,0;1;2;3;4;5;6;7;8;9;10;11;12;13;14;15;16;17;18;19;20;21;22;23;24;25;26;27;28;29;30;32
meta-llama/Meta-Llama-3.1-8B,pubmed_qa,DiffTask-long,md_mean_L17,ref,-0.04912,0.024694,3,0,0;1;2;3;4;5;6;7;8;9;10;11;12;13;14;15;16;17;18;19;20;21;22;23;24;25;26;27;28;29;30;32
meta-llama/Meta-Llama-3.1-8B,pubmed_qa,DiffTask-long,md_mean_L18,ref,-0.135451,0.033436,3,0,0;1;2;3;4;5;6;7;8;9;10;11;12;13;14;15;16;17;18;19;20;21;22;23;24;25;26;27;28;29;30;32
meta-llama/Meta-Llama-3.1-8B,pubmed_qa,DiffTask-long,md_mean_L19,ref,-0.213881,0.027826,3,0,0;1;2;3;4;5;6;7;8;9;10;11;12;13;14;15;16;17;18;19;20;21;22;23;24;25;26;27;28;29;30;32
meta-llama/Meta-Llama-3.1-8B,pubmed_qa,DiffTask-long,md_mean_L2,ref,-0.173713,0.010673,3,0,0;1;2;3;4;5;6;7;8;9;10;11;12;13;14;15;16;17;18;19;20;21;22;23;24;25;26;27;28;29;30;32
meta-llama/Meta-Llama-3.1-8B,pubmed_qa,DiffTask-long,md_mean_L20,ref,-0.211752,0.027671,3,0,0;1;2;3;4;5;6;7;8;9;10;11;12;13;14;15;16;17;18;19;20;21;22;23;24;25;26;27;28;29;30;32
meta-llama/Meta-Llama-3.1-8B,pubmed_qa,DiffTask-long,md_mean_L21,ref,-0.196638,0.024718,3,0,0;1;2;3;4;5;6;7;8;9;10;11;12;13;14;15;16;17;18;19;20;21;22;23;24;25;26;27;28;29;30;32
meta-llama/Meta-Llama-3.1-8B,pubmed_qa,DiffTask-long,md_mean_L22,ref,-0.253251,0.021061,3,0,0;1;2;3;4;5;6;7;8;9;10;11;12;13;14;15;16;17;18;19;20;21;22;23;24;25;26;27;28;29;30;32
meta-llama/Meta-Llama-3.1-8B,pubmed_qa,DiffTask-long,md_mean_L23,ref,-0.292639,0.022369,3,0,0;1;2;3;4;5;6;7;8;9;10;11;12;13;14;15;16;17;18;19;20;21;22;23;24;25;26;27;28;29;30;32
meta-llama/Meta-Llama-3.1-8B,pubmed_qa,DiffTask-long,md_mean_L24,ref,-0.314174,0.021454,3,0,0;1;2;3;4;5;6;7;8;9;10;11;12;13;14;15;16;17;18;19;20;21;22;23;24;25;26;27;28;29;30;32
meta-llama/Meta-Llama-3.1-8B,pubmed_qa,DiffTask-long,md_mean_L25,ref,-0.321373,0.01898,3,0,0;1;2;3;4;5;6;7;8;9;10;11;12;13;14;15;16;17;18;19;20;21;22;23;24;25;26;27;28;29;30;32
meta-llama/Meta-Llama-3.1-8B,pubmed_qa,DiffTask-long,md_mean_L26,ref,-0.360653,0.015826,3,0,0;1;2;3;4;5;6;7;8;9;10;11;12;13;14;15;16;17;18;19;20;21;22;23;24;25;26;27;28;29;30;32
meta-llama/Meta-Llama-3.1-8B,pubmed_qa,DiffTask-long,md_mean_L27,ref,-0.369677,0.014408,3,0,0;1;2;3;4;5;6;7;8;9;10;11;12;13;14;15;16;17;18;19;20;21;22;23;24;25;26;27;28;29;30;32
meta-llama/Meta-Llama-3.1-8B,pubmed_qa,DiffTask-long,md_mean_L28,ref,-0.336155,0.015269,3,0,0;1;2;3;4;5;6;7;8;9;10;11;12;13;14;15;16;17;18;19;20;21;22;23;24;25;26;27;28;29;30;32
meta-llama/Meta-Llama-3.1-8B,pubmed_qa,DiffTask-long,md_mean_L29,ref,-0.325663,0.013751,3,0,0;1;2;3;4;5;6;7;8;9;10;11;12;13;14;15;16;17;18;19;20;21;22;23;24;25;26;27;28;29;30;32
meta-llama/Meta-Llama-3.1-8B,pubmed_qa,DiffTask-long,md_mean_L3,ref,-0.13496,0.006373,3,0,0;1;2;3;4;5;6;7;8;9;10;11;12;13;14;15;16;17;18;19;20;21;22;23;24;25;26;27;28;29;30;32
meta-llama/Meta-Llama-3.1-8B,pubmed_qa,DiffTask-long,md_mean_L30,ref,-0.362297,0.010066,3,0,0;1;2;3;4;5;6;7;8;9;10;11;12;13;14;15;16;17;18;19;20;21;22;23;24;25;26;27;28;29;30;32
meta-llama/Meta-Llama-3.1-8B,pubmed_qa,DiffTask-long,md_mean_L32,ref,-0.077166,0.010718,3,0,0;1;2;3;4;5;6;7;8;9;10;11;12;13;14;15;16;17;18;19;20;21;22;23;24;25;26;27;28;29;30;32
meta-llama/Meta-Llama-3.1-8B,pubmed_qa,DiffTask-long,md_mean_L4,ref,-0.11942,0.004623,3,0,0;1;2;3;4;5;6;7;8;9;10;11;12;13;14;15;16;17;18;19;20;21;22;23;24;25;26;27;28;29;30;32
meta-llama/Meta-Llama-3.1-8B,pubmed_qa,DiffTask-long,md_mean_L5,ref,-0.113312,0.010806,3,0,0;1;2;3;4;5;6;7;8;9;10;11;12;13;14;15;16;17;18;19;20;21;22;23;24;25;26;27;28;29;30;32
meta-llama/Meta-Llama-3.1-8B,pubmed_qa,DiffTask-long,md_mean_L6,ref,-0.138213,0.011981,3,0,0;1;2;3;4;5;6;7;8;9;10;11;12;13;14;15;16;17;18;19;20;21;22;23;24;25;26;27;28;29;30;32
meta-llama/Meta-Llama-3.1-8B,pubmed_qa,DiffTask-long,md_mean_L7,ref,-0.120063,0.014218,3,0,0;1;2;3;4;5;6;7;8;9;10;11;12;13;14;15;16;17;18;19;20;21;22;23;24;25;26;27;28;29;30;32
meta-llama/Meta-Llama-3.1-8B,pubmed_qa,DiffTask-long,md_mean_L8,ref,-0.099194,0.016194,3,0,0;1;2;3;4;5;6;7;8;9;10;11;12;13;14;15;16;17;18;19;20;21;22;23;24;25;26;27;28;29;30;32
meta-llama/Meta-Llama-3.1-8B,pubmed_qa,DiffTask-long,md_mean_L9,ref,-0.002845,0.012481,3,0,0;1;2;3;4;5;6;7;8;9;10;11;12;13;14;15;16;17;18;19;20;21;22;23;24;25;26;27;28;29;30;32
meta-llama/Meta-Llama-3.1-8B,pubmed_qa,DiffTask-long,rmd_mean_L0,ref,0.238099,0.001655,3,0,0;1;2;3;4;5;6;7;8;9;10;11;12;13;14;15;16;17;18;19;20;21;22;23;24;25;26;27;28;29;30;32
meta-llama/Meta-Llama-3.1-8B,pubmed_qa,DiffTask-long,rmd_mean_L1,ref,0.287672,0.013036,3,0,0;1;2;3;4;5;6;7;8;9;10;11;12;13;14;15;16;17;18;19;20;21;22;23;24;25;26;27;28;29;30;32
meta-llama/Meta-Llama-3.1-8B,pubmed_qa,DiffTask-long,rmd_mean_L10,ref,0.104708,0.028059,3,0,0;1;2;3;4;5;6;7;8;9;10;11;12;13;14;15;16;17;18;19;20;21;22;23;24;25;26;27;28;29;30;32
meta-llama/Meta-Llama-3.1-8B,pubmed_qa,DiffTask-long,rmd_mean_L11,ref,0.093165,0.014687,3,0,0;1;2;3;4;5;6;7;8;9;10;11;12;13;14;15;16;17;18;19;20;21;22;23;24;25;26;27;28;29;30;32
meta-llama/Meta-Llama-3.1-8B,pubmed_qa,DiffTask-long,rmd_mean_L12,ref,0.104372,0.016376,3,0,0;1;2;3;4;5;6;7;8;9;10;11;12;13;14;15;16;17;18;19;20;21;22;23;24;25;26;27;28;29;30;32
meta-llama/Meta-Llama-3.1-8B,pubmed_qa,DiffTask-long,rmd_mean_L13,ref,0.092721,0.012438,3,0,0;1;2;3;4;5;6;7;8;9;10;11;12;13;14;15;16;17;18;19;20;21;22;23;24;25;26;27;28;29;30;32
meta-llama/Meta-Llama-3.1-8B,pubmed_qa,DiffTask-long,rmd_mean_L14,ref,0.091665,0.020972,3,0,0;1;2;3;4;5;6;7;8;9;10;11;12;13;14;15;16;17;18;19;20;21;22;23;24;25;26;27;28;29;30;32
meta-llama/Meta-Llama-3.1-8B,pubmed_qa,DiffTask-long,rmd_mean_L15,ref,0.152691,0.017292,3,0,0;1;2;3;4;5;6;7;8;9;10;11;12;13;14;15;16;17;18;19;20;21;22;23;24;25;26;27;28;29;30;32
meta-llama/Meta-Llama-3.1-8B,pubmed_qa,DiffTask-long,rmd_mean_L16,ref,0.139805,0.030491,3,0,0;1;2;3;4;5;6;7;8;9;10;11;12;13;14;15;16;17;18;19;20;21;22;23;24;25;26;27;28;29;30;32
meta-llama/Meta-Llama-3.1-8B,pubmed_qa,DiffTask-long,rmd_mean_L17,ref,0.14471,0.029801,3,0,0;1;2;3;4;5;6;7;8;9;10;11;12;13;14;15;16;17;18;19;20;21;22;23;24;25;26;27;28;29;30;32
meta-llama/Meta-Llama-3.1-8B,pubmed_qa,DiffTask-long,rmd_mean_L18,ref,0.191878,0.036501,3,0,0;1;2;3;4;5;6;7;8;9;10;11;12;13;14;15;16;17;18;19;20;21;22;23;24;25;26;27;28;29;30;32
meta-llama/Meta-Llama-3.1-8B,pubmed_qa,DiffTask-long,rmd_mean_L19,ref,0.226838,0.031019,3,0,0;1;2;3;4;5;6;7;8;9;10;11;12;13;14;15;16;17;18;19;20;21;22;23;24;25;26;27;28;29;30;32
meta-llama/Meta-Llama-3.1-8B,pubmed_qa,DiffTask-long,rmd_mean_L2,ref,0.283338,0.005583,3,0,0;1;2;3;4;5;6;7;8;9;10;11;12;13;14;15;16;17;18;19;20;21;22;23;24;25;26;27;28;29;30;32
meta-llama/Meta-Llama-3.1-8B,pubmed_qa,DiffTask-long,rmd_mean_L20,ref,0.240577,0.033668,3,0,0;1;2;3;4;5;6;7;8;9;10;11;12;13;14;15;16;17;18;19;20;21;22;23;24;25;26;27;28;29;30;32
meta-llama/Meta-Llama-3.1-8B,pubmed_qa,DiffTask-long,rmd_mean_L21,ref,0.250953,0.029715,3,0,0;1;2;3;4;5;6;7;8;9;10;11;12;13;14;15;16;17;18;19;20;21;22;23;24;25;26;27;28;29;30;32
meta-llama/Meta-Llama-3.1-8B,pubmed_qa,DiffTask-long,rmd_mean_L22,ref,0.258648,0.026305,3,0,0;1;2;3;4;5;6;7;8;9;10;11;12;13;14;15;16;17;18;19;20;21;22;23;24;25;26;27;28;29;30;32
meta-llama/Meta-Llama-3.1-8B,pubmed_qa,DiffTask-long,rmd_mean_L23,ref,0.24065,0.023521,3,0,0;1;2;3;4;5;6;7;8;9;10;11;12;13;14;15;16;17;18;19;20;21;22;23;24;25;26;27;28;29;30;32
meta-llama/Meta-Llama-3.1-8B,pubmed_qa,DiffTask-long,rmd_mean_L24,ref,0.215142,0.020905,3,0,0;1;2;3;4;5;6;7;8;9;10;11;12;13;14;15;16;17;18;19;20;21;22;23;24;25;26;27;28;29;30;32
meta-llama/Meta-Llama-3.1-8B,pubmed_qa,DiffTask-long,rmd_mean_L25,ref,0.207701,0.016483,3,0,0;1;2;3;4;5;6;7;8;9;10;11;12;13;14;15;16;17;18;19;20;21;22;23;24;25;26;27;28;29;30;32
meta-llama/Meta-Llama-3.1-8B,pubmed_qa,DiffTask-long,rmd_mean_L26,ref,0.207363,0.01705,3,0,0;1;2;3;4;5;6;7;8;9;10;11;12;13;14;15;16;17;18;19;20;21;22;23;24;25;26;27;28;29;30;32
meta-llama/Meta-Llama-3.1-8B,pubmed_qa,DiffTask-long,rmd_mean_L27,ref,0.200591,0.019911,3,0,0;1;2;3;4;5;6;7;8;9;10;11;12;13;14;15;16;17;18;19;20;21;22;23;24;25;26;27;28;29;30;32
meta-llama/Meta-Llama-3.1-8B,pubmed_qa,DiffTask-long,rmd_mean_L28,ref,0.190299,0.01823,3,0,0;1;2;3;4;5;6;7;8;9;10;11;12;13;14;15;16;17;18;19;20;21;22;23;24;25;26;27;28;29;30;32
meta-llama/Meta-Llama-3.1-8B,pubmed_qa,DiffTask-long,rmd_mean_L29,ref,0.192828,0.017887,3,0,0;1;2;3;4;5;6;7;8;9;10;11;12;13;14;15;16;17;18;19;20;21;22;23;24;25;26;27;28;29;30;32
meta-llama/Meta-Llama-3.1-8B,pubmed_qa,DiffTask-long,rmd_mean_L3,ref,0.23754,0.003004,3,0,0;1;2;3;4;5;6;7;8;9;10;11;12;13;14;15;16;17;18;19;20;21;22;23;24;25;26;27;28;29;30;32
meta-llama/Meta-Llama-3.1-8B,pubmed_qa,DiffTask-long,rmd_mean_L30,ref,0.204722,0.017523,3,0,0;1;2;3;4;5;6;7;8;9;10;11;12;13;14;15;16;17;18;19;20;21;22;23;24;25;26;27;28;29;30;32
meta-llama/Meta-Llama-3.1-8B,pubmed_qa,DiffTask-long,rmd_mean_L32,ref,0.149102,0.007576,3,0,0;1;2;3;4;5;6;7;8;9;10;11;12;13;14;15;16;17;18;19;20;21;22;23;24;25;26;27;28;29;30;32
meta-llama/Meta-Llama-3.1-8B,pubmed_qa,DiffTask-long,rmd_mean_L4,ref,0.222976,0.004787,3,0,0;1;2;3;4;5;6;7;8;9;10;11;12;13;14;15;16;17;18;19;20;21;22;23;24;25;26;27;28;29;30;32
meta-llama/Meta-Llama-3.1-8B,pubmed_qa,DiffTask-long,rmd_mean_L5,ref,0.238951,0.008276,3,0,0;1;2;3;4;5;6;7;8;9;10;11;12;13;14;15;16;17;18;19;20;21;22;23;24;25;26;27;28;29;30;32
meta-llama/Meta-Llama-3.1-8B,pubmed_qa,DiffTask-long,rmd_mean_L6,ref,0.232758,0.020762,3,0,0;1;2;3;4;5;6;7;8;9;10;11;12;13;14;15;16;17;18;19;20;21;22;23;24;25;26;27;28;29;30;32
meta-llama/Meta-Llama-3.1-8B,pubmed_qa,DiffTask-long,rmd_mean_L7,ref,0.151083,0.031443,3,0,0;1;2;3;4;5;6;7;8;9;10;11;12;13;14;15;16;17;18;19;20;21;22;23;24;25;26;27;28;29;30;32
meta-llama/Meta-Llama-3.1-8B,pubmed_qa,DiffTask-long,rmd_mean_L8,ref,0.113887,0.019794,3,0,0;1;2;3;4;5;6;7;8;9;10;11;12;13;14;15;16;17;18;19;20;21;22;23;24;25;26;27;28;29;30;32
meta-llama/Meta-Llama-3.1-8B,pubmed_qa,DiffTask-long,rmd_mean_L9,ref,0.102188,0.019433,3,0,0;1;2;3;4;5;6;7;8;9;10;11;12;13;14;15;16;17;18;19;20;21;22;23;24;25;26;27;28;29;30;32
meta-llama/Meta-Llama-3.1-8B,pubmed_qa,DiffTask-long,satmd_alllayer,ref,-0.117937,0.023331,3,0,0;1;2;3;4;5;6;7;8;9;10;11;12;13;14;15;16;17;18;19;20;21;22;23;24;25;26;27;28;29;30;32
meta-llama/Meta-Llama-3.1-8B,pubmed_qa,DiffTask-long,satrmd_alllayer,ref,-0.08803,0.123466,3,0,0;1;2;3;4;5;6;7;8;9;10;11;12;13;14;15;16;17;18;19;20;21;22;23;24;25;26;27;28;29;30;32
meta-llama/Meta-Llama-3.1-8B,pubmed_qa,ID,huq_satmd_alllayer,ref,0.474413,0.0,3,0,0;1;2;3;4;5;6;7;8;9;10;11;12;13;14;15;16;17;18;19;20;21;22;23;24;25;26;27;28;29;30;32
meta-llama/Meta-Llama-3.1-8B,pubmed_qa,ID,huq_satrmd_alllayer,ref,0.551866,0.0,3,0,0;1;2;3;4;5;6;7;8;9;10;11;12;13;14;15;16;17;18;19;20;21;22;23;24;25;26;27;28;29;30;32
meta-llama/Meta-Llama-3.1-8B,pubmed_qa,ID,md_mean_L0,ref,0.15682,0.0,3,0,0;1;2;3;4;5;6;7;8;9;10;11;12;13;14;15;16;17;18;19;20;21;22;23;24;25;26;27;28;29;30;32
meta-llama/Meta-Llama-3.1-8B,pubmed_qa,ID,md_mean_L1,ref,0.214875,0.0,3,0,0;1;2;3;4;5;6;7;8;9;10;11;12;13;14;15;16;17;18;19;20;21;22;23;24;25;26;27;28;29;30;32
meta-llama/Meta-Llama-3.1-8B,pubmed_qa,ID,md_mean_L10,ref,0.316029,0.0,3,0,0;1;2;3;4;5;6;7;8;9;10;11;12;13;14;15;16;17;18;19;20;21;22;23;24;25;26;27;28;29;30;32
meta-llama/Meta-Llama-3.1-8B,pubmed_qa,ID,md_mean_L11,ref,0.32039,0.0,3,0,0;1;2;3;4;5;6;7;8;9;10;11;12;13;14;15;16;17;18;19;20;21;22;23;24;25;26;27;28;29;30;32
meta-llama/Meta-Llama-3.1-8B,pubmed_qa,ID,md_mean_L12,ref,0.316555,0.0,3,0,0;1;2;3;4;5;6;7;8;9;10;11;12;13;14;15;16;17;18;19;20;21;22;23;24;25;26;27;28;29;30;32
meta-llama/Meta-Llama-3.1-8B,pubmed_qa,ID,md_mean_L13,ref,0.333504,0.0,3,0,0;1;2;3;4;5;6;7;8;9;10;11;12;13;14;15;16;17;18;19;20;21;22;23;24;25;26;27;28;29;30;32
meta-llama/Meta-Llama-3.1-8B,pubmed_qa,ID,md_mean_L14,ref,0.341501,0.0,3,0,0;1;2;3;4;5;6;7;8;9;10;11;12;13;14;15;16;17;18;19;20;21;22;23;24;25;26;27;28;29;30;32
meta-llama/Meta-Llama-3.1-8B,pubmed_qa,ID,md_mean_L15,ref,0.347097,0.0,3,0,0;1;2;3;4;5;6;7;8;9;10;11;12;13;14;15;16;17;18;19;20;21;22;23;24;25;26;27;28;29;30;32
meta-llama/Meta-Llama-3.1-8B,pubmed_qa,ID,md_mean_L16,ref,0.364512,0.0,3,0,0;1;2;3;4;5;6;7;8;9;10;11;12;13;14;15;16;17;18;19;20;21;22;23;24;25;26;27;28;29;30;32
meta-llama/Meta-Llama-3.1-8B,pubmed_qa,ID,md_mean_L17,ref,0.355871,0.0,3,0,0;1;2;3;4;5;6;7;8;9;10;11;12;13;14;15;16;17;18;19;20;21;22;23;24;25;26;27;28;29;30;32
meta-llama/Meta-Llama-3.1-8B,pubmed_qa,ID,md_mean_L18,ref,0.359583,0.0,3,0,0;1;2;3;4;5;6;7;8;9;10;11;12;13;14;15;16;17;18;19;20;21;22;23;24;25;26;27;28;29;30;32
meta-llama/Meta-Llama-3.1-8B,pubmed_qa,ID,md_mean_L19,ref,0.354632,0.0,3,0,0;1;2;3;4;5;6;7;8;9;10;11;12;13;14;15;16;17;18;19;20;21;22;23;24;25;26;27;28;29;30;32
meta-llama/Meta-Llama-3.1-8B,pubmed_qa,ID,md_mean_L2,ref,0.209685,0.0,3,0,0;1;2;3;4;5;6;7;8;9;10;11;12;13;14;15;16;17;18;19;20;21;22;23;24;25;26;27;28;29;30;32
meta-llama/Meta-Llama-3.1-8B,pubmed_qa,ID,md_mean_L20,ref,0.34555,0.0,3,0,0;1;2;3;4;5;6;7;8;9;10;11;12;13;14;15;16;17;18;19;20;21;22;23;24;25;26;27;28;29;30;32
meta-llama/Meta-Llama-3.1-8B,pubmed_qa,ID,md_mean_L21,ref,0.342899,0.0,3,0,0;1;2;3;4;5;6;7;8;9;10;11;12;13;14;15;16;17;18;19;20;21;22;23;24;25;26;27;28;29;30;32
meta-llama/Meta-Llama-3.1-8B,pubmed_qa,ID,md_mean_L22,ref,0.340898,0.0,3,0,0;1;2;3;4;5;6;7;8;9;10;11;12;13;14;15;16;17;18;19;20;21;22;23;24;25;26;27;28;29;30;32
meta-llama/Meta-Llama-3.1-8B,pubmed_qa,ID,md_mean_L23,ref,0.340115,0.0,3,0,0;1;2;3;4;5;6;7;8;9;10;11;12;13;14;15;16;17;18;19;20;21;22;23;24;25;26;27;28;29;30;32
meta-llama/Meta-Llama-3.1-8B,pubmed_qa,ID,md_mean_L24,ref,0.337892,0.0,3,0,0;1;2;3;4;5;6;7;8;9;10;11;12;13;14;15;16;17;18;19;20;21;22;23;24;25;26;27;28;29;30;32
meta-llama/Meta-Llama-3.1-8B,pubmed_qa,ID,md_mean_L25,ref,0.331839,0.0,3,0,0;1;2;3;4;5;6;7;8;9;10;11;12;13;14;15;16;17;18;19;20;21;22;23;24;25;26;27;28;29;30;32
meta-llama/Meta-Llama-3.1-8B,pubmed_qa,ID,md_mean_L26,ref,0.33272,0.0,3,0,0;1;2;3;4;5;6;7;8;9;10;11;12;13;14;15;16;17;18;19;20;21;22;23;24;25;26;27;28;29;30;32
meta-llama/Meta-Llama-3.1-8B,pubmed_qa,ID,md_mean_L27,ref,0.331042,0.0,3,0,0;1;2;3;4;5;6;7;8;9;10;11;12;13;14;15;16;17;18;19;20;21;22;23;24;25;26;27;28;29;30;32
meta-llama/Meta-Llama-3.1-8B,pubmed_qa,ID,md_mean_L28,ref,0.332154,0.0,3,0,0;1;2;3;4;5;6;7;8;9;10;11;12;13;14;15;16;17;18;19;20;21;22;23;24;25;26;27;28;29;30;32
meta-llama/Meta-Llama-3.1-8B,pubmed_qa,ID,md_mean_L29,ref,0.330904,0.0,3,0,0;1;2;3;4;5;6;7;8;9;10;11;12;13;14;15;16;17;18;19;20;21;22;23;24;25;26;27;28;29;30;32
meta-llama/Meta-Llama-3.1-8B,pubmed_qa,ID,md_mean_L3,ref,0.23899,0.0,3,0,0;1;2;3;4;5;6;7;8;9;10;11;12;13;14;15;16;17;18;19;20;21;22;23;24;25;26;27;28;29;30;32
meta-llama/Meta-Llama-3.1-8B,pubmed_qa,ID,md_mean_L30,ref,0.32603,0.0,3,0,0;1;2;3;4;5;6;7;8;9;10;11;12;13;14;15;16;17;18;19;20;21;22;23;24;25;26;27;28;29;30;32
meta-llama/Meta-Llama-3.1-8B,pubmed_qa,ID,md_mean_L32,ref,0.320193,0.0,3,0,0;1;2;3;4;5;6;7;8;9;10;11;12;13;14;15;16;17;18;19;20;21;22;23;24;25;26;27;28;29;30;32
meta-llama/Meta-Llama-3.1-8B,pubmed_qa,ID,md_mean_L4,ref,0.251997,0.0,3,0,0;1;2;3;4;5;6;7;8;9;10;11;12;13;14;15;16;17;18;19;20;21;22;23;24;25;26;27;28;29;30;32
meta-llama/Meta-Llama-3.1-8B,pubmed_qa,ID,md_mean_L5,ref,0.276035,0.0,3,0,0;1;2;3;4;5;6;7;8;9;10;11;12;13;14;15;16;17;18;19;20;21;22;23;24;25;26;27;28;29;30;32
meta-llama/Meta-Llama-3.1-8B,pubmed_qa,ID,md_mean_L6,ref,0.277696,0.0,3,0,0;1;2;3;4;5;6;7;8;9;10;11;12;13;14;15;16;17;18;19;20;21;22;23;24;25;26;27;28;29;30;32
meta-llama/Meta-Llama-3.1-8B,pubmed_qa,ID,md_mean_L7,ref,0.283086,0.0,3,0,0;1;2;3;4;5;6;7;8;9;10;11;12;13;14;15;16;17;18;19;20;21;22;23;24;25;26;27;28;29;30;32
meta-llama/Meta-Llama-3.1-8B,pubmed_qa,ID,md_mean_L8,ref,0.292553,0.0,3,0,0;1;2;3;4;5;6;7;8;9;10;11;12;13;14;15;16;17;18;19;20;21;22;23;24;25;26;27;28;29;30;32
meta-llama/Meta-Llama-3.1-8B,pubmed_qa,ID,md_mean_L9,ref,0.313242,0.0,3,0,0;1;2;3;4;5;6;7;8;9;10;11;12;13;14;15;16;17;18;19;20;21;22;23;24;25;26;27;28;29;30;32
meta-llama/Meta-Llama-3.1-8B,pubmed_qa,ID,msp_satmd_alllayer,ref,0.507866,0.0,3,0,0;1;2;3;4;5;6;7;8;9;10;11;12;13;14;15;16;17;18;19;20;21;22;23;24;25;26;27;28;29;30;32
meta-llama/Meta-Llama-3.1-8B,pubmed_qa,ID,msp_satrmd_alllayer,ref,0.579467,0.0,3,0,0;1;2;3;4;5;6;7;8;9;10;11;12;13;14;15;16;17;18;19;20;21;22;23;24;25;26;27;28;29;30;32
meta-llama/Meta-Llama-3.1-8B,pubmed_qa,ID,rmd_mean_L0,ref,0.380177,0.0,3,0,0;1;2;3;4;5;6;7;8;9;10;11;12;13;14;15;16;17;18;19;20;21;22;23;24;25;26;27;28;29;30;32
meta-llama/Meta-Llama-3.1-8B,pubmed_qa,ID,rmd_mean_L1,ref,0.402566,0.0,3,0,0;1;2;3;4;5;6;7;8;9;10;11;12;13;14;15;16;17;18;19;20;21;22;23;24;25;26;27;28;29;30;32
meta-llama/Meta-Llama-3.1-8B,pubmed_qa,ID,rmd_mean_L10,ref,0.34234,0.0,3,0,0;1;2;3;4;5;6;7;8;9;10;11;12;13;14;15;16;17;18;19;20;21;22;23;24;25;26;27;28;29;30;32
meta-llama/Meta-Llama-3.1-8B,pubmed_qa,ID,rmd_mean_L11,ref,0.329503,0.0,3,0,0;1;2;3;4;5;6;7;8;9;10;11;12;13;14;15;16;17;18;19;20;21;22;23;24;25;26;27;28;29;30;32
meta-llama/Meta-Llama-3.1-8B,pubmed_qa,ID,rmd_mean_L12,ref,0.333079,0.0,3,0,0;1;2;3;4;5;6;7;8;9;10;11;12;13;14;15;16;17;18;19;20;21;22;23;24;25;26;27;28;29;30;32
meta-llama/Meta-Llama-3.1-8B,pubmed_qa,ID,rmd_mean_L13,ref,0.343431,0.0,3,0,0;1;2;3;4;5;6;7;8;9;10;11;12;13;14;15;16;17;18;19;20;21;22;23;24;25;26;27;28;29;30;32
meta-llama/Meta-Llama-3.1-8B,pubmed_qa,ID,rmd_mean_L14,ref,0.357386,0.0,3,0,0;1;2;3;4;5;6;7;8;9;10;11;12;13;14;15;16;17;18;19;20;21;22;23;24;25;26;27;28;29;30;32
meta-llama/Meta-Llama-3.1-8B,pubmed_qa,ID,rmd_mean_L15,ref,0.353943,0.0,3,0,0;1;2;3;4;5;6;7;8;9;10;11;12;13;14;15;16;17;18;19;20;21;22;23;24;25;26;27;28;29;30;32
meta-llama/Meta-Llama-3.1-8B,pubmed_qa,ID,rmd_mean_L16,ref,0.378393,0.0,3,0,0;1;2;3;4;5;6;7;8;9;10;11;12;13;14;15;16;17;18;19;20;21;22;23;24;25;26;27;28;29;30;32
meta-llama/Meta-Llama-3.1-8B,pubmed_qa,ID,rmd_mean_L17,ref,0.383749,0.0,3,0,0;1;2;3;4;5;6;7;8;9;10;11;12;13;14;15;16;17;18;19;20;21;22;23;24;25;26;27;28;29;30;32
meta-llama/Meta-Llama-3.1-8B,pubmed_qa,ID,rmd_mean_L18,ref,0.38707,0.0,3,0,0;1;2;3;4;5;6;7;8;9;10;11;12;13;14;15;16;17;18;19;20;21;22;23;24;25;26;27;28;29;30;32
meta-llama/Meta-Llama-3.1-8B,pubmed_qa,ID,rmd_mean_L19,ref,0.397855,0.0,3,0,0;1;2;3;4;5;6;7;8;9;10;11;12;13;14;15;16;17;18;19;20;21;22;23;24;25;26;27;28;29;30;32
meta-llama/Meta-Llama-3.1-8B,pubmed_qa,ID,rmd_mean_L2,ref,0.331592,0.0,3,0,0;1;2;3;4;5;6;7;8;9;10;11;12;13;14;15;16;17;18;19;20;21;22;23;24;25;26;27;28;29;30;32
meta-llama/Meta-Llama-3.1-8B,pubmed_qa,ID,rmd_mean_L20,ref,0.400796,0.0,3,0,0;1;2;3;4;5;6;7;8;9;10;11;12;13;14;15;16;17;18;19;20;21;22;23;24;25;26;27;28;29;30;32
meta-llama/Meta-Llama-3.1-8B,pubmed_qa,ID,rmd_mean_L21,ref,0.405405,0.0,3,0,0;1;2;3;4;5;6;7;8;9;10;11;12;13;14;15;16;17;18;19;20;21;22;23;24;25;26;27;28;29;30;32
meta-llama/Meta-Llama-3.1-8B,pubmed_qa,ID,rmd_mean_L22,ref,0.414408,0.0,3,0,0;1;2;3;4;5;6;7;8;9;10;11;12;13;14;15;16;17;18;19;20;21;22;23;24;25;26;27;28;29;30;32
meta-llama/Meta-Llama-3.1-8B,pubmed_qa,ID,rmd_mean_L23,ref,0.424228,0.0,3,0,0;1;2;3;4;5;6;7;8;9;10;11;12;13;14;15;16;17;18;19;20;21;22;23;24;25;26;27;28;29;30;32
meta-llama/Meta-Llama-3.1-8B,pubmed_qa,ID,rmd_mean_L24,ref,0.427346,0.0,3,0,0;1;2;3;4;5;6;7;8;9;10;11;12;13;14;15;16;17;18;19;20;21;22;23;24;25;26;27;28;29;30;32
meta-llama/Meta-Llama-3.1-8B,pubmed_qa,ID,rmd_mean_L25,ref,0.426887,0.0,3,0,0;1;2;3;4;5;6;7;8;9;10;11;12;13;14;15;16;17;18;19;20;21;22;23;24;25;26;27;28;29;30;32
meta-llama/Meta-Llama-3.1-8B,pubmed_qa,ID,rmd_mean_L26,ref,0.432446,0.0,3,0,0;1;2;3;4;5;6;7;8;9;10;11;12;13;14;15;16;17;18;19;20;21;22;23;24;25;26;27;28;29;30;32
meta-llama/Meta-Llama-3.1-8B,pubmed_qa,ID,rmd_mean_L27,ref,0.425963,0.0,3,0,0;1;2;3;4;5;6;7;8;9;10;11;12;13;14;15;16;17;18;19;20;21;22;23;24;25;26;27;28;29;30;32
meta-llama/Meta-Llama-3.1-8B,pubmed_qa,ID,rmd_mean_L28,ref,0.424742,0.0,3,0,0;1;2;3;4;5;6;7;8;9;10;11;12;13;14;15;16;17;18;19;20;21;22;23;24;25;26;27;28;29;30;32
meta-llama/Meta-Llama-3.1-8B,pubmed_qa,ID,rmd_mean_L29,ref,0.421641,0.0,3,0,0;1;2;3;4;5;6;7;8;9;10;11;12;13;14;15;16;17;18;19;20;21;22;23;24;25;26;27;28;29;30;32
meta-llama/Meta-Llama-3.1-8B,pubmed_qa,ID,rmd_mean_L3,ref,0.318095,0.0,3,0,0;1;2;3;4;5;6;7;8;9;10;11;12;13;14;15;16;17;18;19;20;21;22;23;24;25;26;27;28;29;30;32
meta-llama/Meta-Llama-3.1-8B,pubmed_qa,ID,rmd_mean_L30,ref,0.421365,0.0,3,0,0;1;2;3;4;5;6;7;8;9;10;11;12;13;14;15;16;17;18;19;20;21;22;23;24;25;26;27;28;29;30;32
meta-llama/Meta-Llama-3.1-8B,pubmed_qa,ID,rmd_mean_L32,ref,0.423696,0.0,3,0,0;1;2;3;4;5;6;7;8;9;10;11;12;13;14;15;16;17;18;19;20;21;22;23;24;25;26;27;28;29;30;32
meta-llama/Meta-Llama-3.1-8B,pubmed_qa,ID,rmd_mean_L4,ref,0.308956,0.0,3,0,0;1;2;3;4;5;6;7;8;9;10;11;12;13;14;15;16;17;18;19;20;21;22;23;24;25;26;27;28;29;30;32
meta-llama/Meta-Llama-3.1-8B,pubmed_qa,ID,rmd_mean_L5,ref,0.325259,0.0,3,0,0;1;2;3;4;5;6;7;8;9;10;11;12;13;14;15;16;17;18;19;20;21;22;23;24;25;26;27;28;29;30;32
meta-llama/Meta-Llama-3.1-8B,pubmed_qa,ID,rmd_mean_L6,ref,0.325226,0.0,3,0,0;1;2;3;4;5;6;7;8;9;10;11;12;13;14;15;16;17;18;19;20;21;22;23;24;25;26;27;28;29;30;32
meta-llama/Meta-Llama-3.1-8B,pubmed_qa,ID,rmd_mean_L7,ref,0.313182,0.0,3,0,0;1;2;3;4;5;6;7;8;9;10;11;12;13;14;15;16;17;18;19;20;21;22;23;24;25;26;27;28;29;30;32
meta-llama/Meta-Llama-3.1-8B,pubmed_qa,ID,rmd_mean_L8,ref,0.318513,0.0,3,0,0;1;2;3;4;5;6;7;8;9;10;11;12;13;14;15;16;17;18;19;20;21;22;23;24;25;26;27;28;29;30;32
meta-llama/Meta-Llama-3.1-8B,pubmed_qa,ID,rmd_mean_L9,ref,0.335459,0.0,3,0,0;1;2;3;4;5;6;7;8;9;10;11;12;13;14;15;16;17;18;19;20;21;22;23;24;25;26;27;28;29;30;32
meta-llama/Meta-Llama-3.1-8B,pubmed_qa,ID,satmd_alllayer,ref,0.430078,0.0,3,0,0;1;2;3;4;5;6;7;8;9;10;11;12;13;14;15;16;17;18;19;20;21;22;23;24;25;26;27;28;29;30;32
meta-llama/Meta-Llama-3.1-8B,pubmed_qa,ID,satrmd_alllayer,ref,0.527041,0.0,3,0,0;1;2;3;4;5;6;7;8;9;10;11;12;13;14;15;16;17;18;19;20;21;22;23;24;25;26;27;28;29;30;32
meta-llama/Meta-Llama-3.1-8B,pubmed_qa,LOO-long,huq_satmd_alllayer,ref,-0.003755,0.029441,3,0,0;1;2;3;4;5;6;7;8;9;10;11;12;13;14;15;16;17;18;19;20;21;22;23;24;25;26;27;28;29;30;32
meta-llama/Meta-Llama-3.1-8B,pubmed_qa,LOO-long,huq_satrmd_alllayer,ref,-0.054219,0.130533,3,0,0;1;2;3;4;5;6;7;8;9;10;11;12;13;14;15;16;17;18;19;20;21;22;23;24;25;26;27;28;29;30;32
meta-llama/Meta-Llama-3.1-8B,pubmed_qa,LOO-long,md_mean_L0,ref,-0.188608,0.005484,3,0,0;1;2;3;4;5;6;7;8;9;10;11;12;13;14;15;16;17;18;19;20;21;22;23;24;25;26;27;28;29;30;32
meta-llama/Meta-Llama-3.1-8B,pubmed_qa,LOO-long,md_mean_L1,ref,-0.201653,0.004156,3,0,0;1;2;3;4;5;6;7;8;9;10;11;12;13;14;15;16;17;18;19;20;21;22;23;24;25;26;27;28;29;30;32
meta-llama/Meta-Llama-3.1-8B,pubmed_qa,LOO-long,md_mean_L10,ref,0.004707,0.008562,3,0,0;1;2;3;4;5;6;7;8;9;10;11;12;13;14;15;16;17;18;19;20;21;22;23;24;25;26;27;28;29;30;32
meta-llama/Meta-Llama-3.1-8B,pubmed_qa,LOO-long,md_mean_L11,ref,0.054835,0.004619,3,0,0;1;2;3;4;5;6;7;8;9;10;11;12;13;14;15;16;17;18;19;20;21;22;23;24;25;26;27;28;29;30;32
meta-llama/Meta-Llama-3.1-8B,pubmed_qa,LOO-long,md_mean_L12,ref,0.092746,0.006097,3,0,0;1;2;3;4;5;6;7;8;9;10;11;12;13;14;15;16;17;18;19;20;21;22;23;24;25;26;27;28;29;30;32
meta-llama/Meta-Llama-3.1-8B,pubmed_qa,LOO-long,md_mean_L13,ref,0.124707,0.0055,3,0,0;1;2;3;4;5;6;7;8;9;10;11;12;13;14;15;16;17;18;19;20;21;22;23;24;25;26;27;28;29;30;32
meta-llama/Meta-Llama-3.1-8B,pubmed_qa,LOO-long,md_mean_L14,ref,0.110333,0.002433,3,0,0;1;2;3;4;5;6;7;8;9;10;11;12;13;14;15;16;17;18;19;20;21;22;23;24;25;26;27;28;29;30;32
meta-llama/Meta-Llama-3.1-8B,pubmed_qa,LOO-long,md_mean_L15,ref,0.074862,0.005,3,0,0;1;2;3;4;5;6;7;8;9;10;11;12;13;14;15;16;17;18;19;20;21;22;23;24;25;26;27;28;29;30;32
meta-llama/Meta-Llama-3.1-8B,pubmed_qa,LOO-long,md_mean_L16,ref,0.053456,0.007644,3,0,0;1;2;3;4;5;6;7;8;9;10;11;12;13;14;15;16;17;18;19;20;21;22;23;24;25;26;27;28;29;30;32
meta-llama/Meta-Llama-3.1-8B,pubmed_qa,LOO-long,md_mean_L17,ref,-0.017263,0.01146,3,0,0;1;2;3;4;5;6;7;8;9;10;11;12;13;14;15;16;17;18;19;20;21;22;23;24;25;26;27;28;29;30;32
meta-llama/Meta-Llama-3.1-8B,pubmed_qa,LOO-long,md_mean_L18,ref,-0.059045,0.015905,3,0,0;1;2;3;4;5;6;7;8;9;10;11;12;13;14;15;16;17;18;19;20;21;22;23;24;25;26;27;28;29;30;32
meta-llama/Meta-Llama-3.1-8B,pubmed_qa,LOO-long,md_mean_L19,ref,-0.141354,0.017659,3,0,0;1;2;3;4;5;6;7;8;9;10;11;12;13;14;15;16;17;18;19;20;21;22;23;24;25;26;27;28;29;30;32
meta-llama/Meta-Llama-3.1-8B,pubmed_qa,LOO-long,md_mean_L2,ref,-0.176448,0.005032,3,0,0;1;2;3;4;5;6;7;8;9;10;11;12;13;14;15;16;17;18;19;20;21;22;23;24;25;26;27;28;29;30;32
meta-llama/Meta-Llama-3.1-8B,pubmed_qa,LOO-long,md_mean_L20,ref,-0.166917,0.02205,3,0,0;1;2;3;4;5;6;7;8;9;10;11;12;13;14;15;16;17;18;19;20;21;22;23;24;25;26;27;28;29;30;32
meta-llama/Meta-Llama-3.1-8B,pubmed_qa,LOO-long,md_mean_L21,ref,-0.159704,0.021365,3,0,0;1;2;3;4;5;6;7;8;9;10;11;12;13;14;15;16;17;18;19;20;21;22;23;24;25;26;27;28;29;30;32
meta-llama/Meta-Llama-3.1-8B,pubmed_qa,LOO-long,md_mean_L22,ref,-0.221756,0.019331,3,0,0;1;2;3;4;5;6;7;8;9;10;11;12;13;14;15;16;17;18;19;20;21;22;23;24;25;26;27;28;29;30;32
meta-llama/Meta-Llama-3.1-8B,pubmed_qa,LOO-long,md_mean_L23,ref,-0.255731,0.00969,3,0,0;1;2;3;4;5;6;7;8;9;10;11;12;13;14;15;16;17;18;19;20;21;22;23;24;25;26;27;28;29;30;32
meta-llama/Meta-Llama-3.1-8B,pubmed_qa,LOO-long,md_mean_L24,ref,-0.281788,0.005036,3,0,0;1;2;3;4;5;6;7;8;9;10;11;12;13;14;15;16;17;18;19;20;21;22;23;24;25;26;27;28;29;30;32
meta-llama/Meta-Llama-3.1-8B,pubmed_qa,LOO-long,md_mean_L25,ref,-0.28542,0.010319,3,0,0;1;2;3;4;5;6;7;8;9;10;11;12;13;14;15;16;17;18;19;20;21;22;23;24;25;26;27;28;29;30;32
meta-llama/Meta-Llama-3.1-8B,pubmed_qa,LOO-long,md_mean_L26,ref,-0.318194,0.006523,3,0,0;1;2;3;4;5;6;7;8;9;10;11;12;13;14;15;16;17;18;19;20;21;22;23;24;25;26;27;28;29;30;32
meta-llama/Meta-Llama-3.1-8B,pubmed_qa,LOO-long,md_mean_L27,ref,-0.326519,0.007311,3,0,0;1;2;3;4;5;6;7;8;9;10;11;12;13;14;15;16;17;18;19;20;21;22;23;24;25;26;27;28;29;30;32
meta-llama/Meta-Llama-3.1-8B,pubmed_qa,LOO-long,md_mean_L28,ref,-0.299157,0.009796,3,0,0;1;2;3;4;5;6;7;8;9;10;11;12;13;14;15;16;17;18;19;20;21;22;23;24;25;26;27;28;29;30;32
meta-llama/Meta-Llama-3.1-8B,pubmed_qa,LOO-long,md_mean_L29,ref,-0.285085,0.009846,3,0,0;1;2;3;4;5;6;7;8;9;10;11;12;13;14;15;16;17;18;19;20;21;22;23;24;25;26;27;28;29;30;32
meta-llama/Meta-Llama-3.1-8B,pubmed_qa,LOO-long,md_mean_L3,ref,-0.12342,0.007561,3,0,0;1;2;3;4;5;6;7;8;9;10;11;12;13;14;15;16;17;18;19;20;21;22;23;24;25;26;27;28;29;30;32
meta-llama/Meta-Llama-3.1-8B,pubmed_qa,LOO-long,md_mean_L30,ref,-0.320457,0.01056,3,0,0;1;2;3;4;5;6;7;8;9;10;11;12;13;14;15;16;17;18;19;20;21;22;23;24;25;26;27;28;29;30;32
meta-llama/Meta-Llama-3.1-8B,pubmed_qa,LOO-long,md_mean_L32,ref,-0.035784,0.004135,3,0,0;1;2;3;4;5;6;7;8;9;10;11;12;13;14;15;16;17;18;19;20;21;22;23;24;25;26;27;28;29;30;32
meta-llama/Meta-Llama-3.1-8B,pubmed_qa,LOO-long,md_mean_L4,ref,-0.101188,0.001709,3,0,0;1;2;3;4;5;6;7;8;9;10;11;12;13;14;15;16;17;18;19;20;21;22;23;24;25;26;27;28;29;30;32
meta-llama/Meta-Llama-3.1-8B,pubmed_qa,LOO-long,md_mean_L5,ref,-0.096411,0.010111,3,0,0;1;2;3;4;5;6;7;8;9;10;11;12;13;14;15;16;17;18;19;20;21;22;23;24;25;26;27;28;29;30;32
meta-llama/Meta-Llama-3.1-8B,pubmed_qa,LOO-long,md_mean_L6,ref,-0.117822,0.011082,3,0,0;1;2;3;4;5;6;7;8;9;10;11;12;13;14;15;16;17;18;19;20;21;22;23;24;25;26;27;28;29;30;32
meta-llama/Meta-Llama-3.1-8B,pubmed_qa,LOO-long,md_mean_L7,ref,-0.096353,0.014548,3,0,0;1;2;3;4;5;6;7;8;9;10;11;12;13;14;15;16;17;18;19;20;21;22;23;24;25;26;27;28;29;30;32
meta-llama/Meta-Llama-3.1-8B,pubmed_qa,LOO-long,md_mean_L8,ref,-0.079294,0.014309,3,0,0;1;2;3;4;5;6;7;8;9;10;11;12;13;14;15;16;17;18;19;20;21;22;23;24;25;26;27;28;29;30;32
meta-llama/Meta-Llama-3.1-8B,pubmed_qa,LOO-long,md_mean_L9,ref,0.022804,0.006868,3,0,0;1;2;3;4;5;6;7;8;9;10;11;12;13;14;15;16;17;18;19;20;21;22;23;24;25;26;27;28;29;30;32
meta-llama/Meta-Llama-3.1-8B,pubmed_qa,LOO-long,rmd_mean_L0,ref,0.238162,0.005243,3,0,0;1;2;3;4;5;6;7;8;9;10;11;12;13;14;15;16;17;18;19;20;21;22;23;24;25;26;27;28;29;30;32
meta-llama/Meta-Llama-3.1-8B,pubmed_qa,LOO-long,rmd_mean_L1,ref,0.297102,0.005043,3,0,0;1;2;3;4;5;6;7;8;9;10;11;12;13;14;15;16;17;18;19;20;21;22;23;24;25;26;27;28;29;30;32
meta-llama/Meta-Llama-3.1-8B,pubmed_qa,LOO-long,rmd_mean_L10,ref,0.13272,0.020844,3,0,0;1;2;3;4;5;6;7;8;9;10;11;12;13;14;15;16;17;18;19;20;21;22;23;24;25;26;27;28;29;30;32
meta-llama/Meta-Llama-3.1-8B,pubmed_qa,LOO-long,rmd_mean_L11,ref,0.112528,0.012899,3,0,0;1;2;3;4;5;6;7;8;9;10;11;12;13;14;15;16;17;18;19;20;21;22;23;24;25;26;27;28;29;30;32
meta-llama/Meta-Llama-3.1-8B,pubmed_qa,LOO-long,rmd_mean_L12,ref,0.114015,0.014291,3,0,0;1;2;3;4;5;6;7;8;9;10;11;12;13;14;15;16;17;18;19;20;21;22;23;24;25;26;27;28;29;30;32
meta-llama/Meta-Llama-3.1-8B,pubmed_qa,LOO-long,rmd_mean_L13,ref,0.100374,0.011584,3,0,0;1;2;3;4;5;6;7;8;9;10;11;12;13;14;15;16;17;18;19;20;21;22;23;24;25;26;27;28;29;30;32
meta-llama/Meta-Llama-3.1-8B,pubmed_qa,LOO-long,rmd_mean_L14,ref,0.105498,0.009445,3,0,0;1;2;3;4;5;6;7;8;9;10;11;12;13;14;15;16;17;18;19;20;21;22;23;24;25;26;27;28;29;30;32
meta-llama/Meta-Llama-3.1-8B,pubmed_qa,LOO-long,rmd_mean_L15,ref,0.164531,0.009606,3,0,0;1;2;3;4;5;6;7;8;9;10;11;12;13;14;15;16;17;18;19;20;21;22;23;24;25;26;27;28;29;30;32
meta-llama/Meta-Llama-3.1-8B,pubmed_qa,LOO-long,rmd_mean_L16,ref,0.143522,0.01958,3,0,0;1;2;3;4;5;6;7;8;9;10;11;12;13;14;15;16;17;18;19;20;21;22;23;24;25;26;27;28;29;30;32
meta-llama/Meta-Llama-3.1-8B,pubmed_qa,LOO-long,rmd_mean_L17,ref,0.166808,0.012135,3,0,0;1;2;3;4;5;6;7;8;9;10;11;12;13;14;15;16;17;18;19;20;21;22;23;24;25;26;27;28;29;30;32
meta-llama/Meta-Llama-3.1-8B,pubmed_qa,LOO-long,rmd_mean_L18,ref,0.226201,0.020178,3,0,0;1;2;3;4;5;6;7;8;9;10;11;12;13;14;15;16;17;18;19;20;21;22;23;24;25;26;27;28;29;30;32
meta-llama/Meta-Llama-3.1-8B,pubmed_qa,LOO-long,rmd_mean_L19,ref,0.263911,0.013932,3,0,0;1;2;3;4;5;6;7;8;9;10;11;12;13;14;15;16;17;18;19;20;21;22;23;24;25;26;27;28;29;30;32
meta-llama/Meta-Llama-3.1-8B,pubmed_qa,LOO-long,rmd_mean_L2,ref,0.278631,0.006526,3,0,0;1;2;3;4;5;6;7;8;9;10;11;12;13;14;15;16;17;18;19;20;21;22;23;24;25;26;27;28;29;30;32
meta-llama/Meta-Llama-3.1-8B,pubmed_qa,LOO-long,rmd_mean_L20,ref,0.276897,0.012755,3,0,0;1;2;3;4;5;6;7;8;9;10;11;12;13;14;15;16;17;18;19;20;21;22;23;24;25;26;27;28;29;30;32
meta-llama/Meta-Llama-3.1-8B,pubmed_qa,LOO-long,rmd_mean_L21,ref,0.284751,0.008692,3,0,0;1;2;3;4;5;6;7;8;9;10;11;12;13;14;15;16;17;18;19;20;21;22;23;24;25;26;27;28;29;30;32
meta-llama/Meta-Llama-3.1-8B,pubmed_qa,LOO-long,rmd_mean_L22,ref,0.276377,0.008877,3,0,0;1;2;3;4;5;6;7;8;9;10;11;12;13;14;15;16;17;18;19;20;21;22;23;24;25;26;27;28;29;30;32
meta-llama/Meta-Llama-3.1-8B,pubmed_qa,LOO-long,rmd_mean_L23,ref,0.262262,0.007485,3,0,0;1;2;3;4;5;6;7;8;9;10;11;12;13;14;15;16;17;18;19;20;21;22;23;24;25;26;27;28;29;30;32
meta-llama/Meta-Llama-3.1-8B,pubmed_qa,LOO-long,rmd_mean_L24,ref,0.233812,0.006134,3,0,0;1;2;3;4;5;6;7;8;9;10;11;12;13;14;15;16;17;18;19;20;21;22;23;24;25;26;27;28;29;30;32
meta-llama/Meta-Llama-3.1-8B,pubmed_qa,LOO-long,rmd_mean_L25,ref,0.230464,0.005732,3,0,0;1;2;3;4;5;6;7;8;9;10;11;12;13;14;15;16;17;18;19;20;21;22;23;24;25;26;27;28;29;30;32
meta-llama/Meta-Llama-3.1-8B,pubmed_qa,LOO-long,rmd_mean_L26,ref,0.228762,0.00465,3,0,0;1;2;3;4;5;6;7;8;9;10;11;12;13;14;15;16;17;18;19;20;21;22;23;24;25;26;27;28;29;30;32
meta-llama/Meta-Llama-3.1-8B,pubmed_qa,LOO-long,rmd_mean_L27,ref,0.222148,0.005179,3,0,0;1;2;3;4;5;6;7;8;9;10;11;12;13;14;15;16;17;18;19;20;21;22;23;24;25;26;27;28;29;30;32
meta-llama/Meta-Llama-3.1-8B,pubmed_qa,LOO-long,rmd_mean_L28,ref,0.21216,0.003997,3,0,0;1;2;3;4;5;6;7;8;9;10;11;12;13;14;15;16;17;18;19;20;21;22;23;24;25;26;27;28;29;30;32
meta-llama/Meta-Llama-3.1-8B,pubmed_qa,LOO-long,rmd_mean_L29,ref,0.214423,0.005308,3,0,0;1;2;3;4;5;6;7;8;9;10;11;12;13;14;15;16;17;18;19;20;21;22;23;24;25;26;27;28;29;30;32
meta-llama/Meta-Llama-3.1-8B,pubmed_qa,LOO-long,rmd_mean_L3,ref,0.258092,0.001543,3,0,0;1;2;3;4;5;6;7;8;9;10;11;12;13;14;15;16;17;18;19;20;21;22;23;24;25;26;27;28;29;30;32
meta-llama/Meta-Llama-3.1-8B,pubmed_qa,LOO-long,rmd_mean_L30,ref,0.224246,0.004549,3,0,0;1;2;3;4;5;6;7;8;9;10;11;12;13;14;15;16;17;18;19;20;21;22;23;24;25;26;27;28;29;30;32
meta-llama/Meta-Llama-3.1-8B,pubmed_qa,LOO-long,rmd_mean_L32,ref,0.169143,0.004519,3,0,0;1;2;3;4;5;6;7;8;9;10;11;12;13;14;15;16;17;18;19;20;21;22;23;24;25;26;27;28;29;30;32
meta-llama/Meta-Llama-3.1-8B,pubmed_qa,LOO-long,rmd_mean_L4,ref,0.261387,0.0045,3,0,0;1;2;3;4;5;6;7;8;9;10;11;12;13;14;15;16;17;18;19;20;21;22;23;24;25;26;27;28;29;30;32
meta-llama/Meta-Llama-3.1-8B,pubmed_qa,LOO-long,rmd_mean_L5,ref,0.293157,0.011445,3,0,0;1;2;3;4;5;6;7;8;9;10;11;12;13;14;15;16;17;18;19;20;21;22;23;24;25;26;27;28;29;30;32
meta-llama/Meta-Llama-3.1-8B,pubmed_qa,LOO-long,rmd_mean_L6,ref,0.28795,0.011014,3,0,0;1;2;3;4;5;6;7;8;9;10;11;12;13;14;15;16;17;18;19;20;21;22;23;24;25;26;27;28;29;30;32
meta-llama/Meta-Llama-3.1-8B,pubmed_qa,LOO-long,rmd_mean_L7,ref,0.227648,0.015455,3,0,0;1;2;3;4;5;6;7;8;9;10;11;12;13;14;15;16;17;18;19;20;21;22;23;24;25;26;27;28;29;30;32
meta-llama/Meta-Llama-3.1-8B,pubmed_qa,LOO-long,rmd_mean_L8,ref,0.161087,0.017801,3,0,0;1;2;3;4;5;6;7;8;9;10;11;12;13;14;15;16;17;18;19;20;21;22;23;24;25;26;27;28;29;30;32
meta-llama/Meta-Llama-3.1-8B,pubmed_qa,LOO-long,rmd_mean_L9,ref,0.143212,0.01271,3,0,0;1;2;3;4;5;6;7;8;9;10;11;12;13;14;15;16;17;18;19;20;21;22;23;24;25;26;27;28;29;30;32
meta-llama/Meta-Llama-3.1-8B,pubmed_qa,LOO-long,satmd_alllayer,ref,-0.010024,0.020646,3,0,0;1;2;3;4;5;6;7;8;9;10;11;12;13;14;15;16;17;18;19;20;21;22;23;24;25;26;27;28;29;30;32
meta-llama/Meta-Llama-3.1-8B,pubmed_qa,LOO-long,satrmd_alllayer,ref,-0.054219,0.130533,3,0,0;1;2;3;4;5;6;7;8;9;10;11;12;13;14;15;16;17;18;19;20;21;22;23;24;25;26;27;28;29;30;32
meta-llama/Meta-Llama-3.1-8B,pubmed_qa,SameTask-long,huq_satmd_alllayer,ref,0.105539,0.063288,3,0,0;1;2;3;4;5;6;7;8;9;10;11;12;13;14;15;16;17;18;19;20;21;22;23;24;25;26;27;28;29;30;32
meta-llama/Meta-Llama-3.1-8B,pubmed_qa,SameTask-long,huq_satrmd_alllayer,ref,0.170485,0.02791,3,0,0;1;2;3;4;5;6;7;8;9;10;11;12;13;14;15;16;17;18;19;20;21;22;23;24;25;26;27;28;29;30;32
meta-llama/Meta-Llama-3.1-8B,pubmed_qa,SameTask-long,md_mean_L0,ref,-0.171918,0.011268,3,0,0;1;2;3;4;5;6;7;8;9;10;11;12;13;14;15;16;17;18;19;20;21;22;23;24;25;26;27;28;29;30;32
meta-llama/Meta-Llama-3.1-8B,pubmed_qa,SameTask-long,md_mean_L1,ref,-0.18546,0.000256,3,0,0;1;2;3;4;5;6;7;8;9;10;11;12;13;14;15;16;17;18;19;20;21;22;23;24;25;26;27;28;29;30;32
meta-llama/Meta-Llama-3.1-8B,pubmed_qa,SameTask-long,md_mean_L10,ref,0.067851,0.006347,3,0,0;1;2;3;4;5;6;7;8;9;10;11;12;13;14;15;16;17;18;19;20;21;22;23;24;25;26;27;28;29;30;32
meta-llama/Meta-Llama-3.1-8B,pubmed_qa,SameTask-long,md_mean_L11,ref,0.089219,0.004021,3,0,0;1;2;3;4;5;6;7;8;9;10;11;12;13;14;15;16;17;18;19;20;21;22;23;24;25;26;27;28;29;30;32
meta-llama/Meta-Llama-3.1-8B,pubmed_qa,SameTask-long,md_mean_L12,ref,0.120879,0.001966,3,0,0;1;2;3;4;5;6;7;8;9;10;11;12;13;14;15;16;17;18;19;20;21;22;23;24;25;26;27;28;29;30;32
meta-llama/Meta-Llama-3.1-8B,pubmed_qa,SameTask-long,md_mean_L13,ref,0.15358,0.002066,3,0,0;1;2;3;4;5;6;7;8;9;10;11;12;13;14;15;16;17;18;19;20;21;22;23;24;25;26;27;28;29;30;32
meta-llama/Meta-Llama-3.1-8B,pubmed_qa,SameTask-long,md_mean_L14,ref,0.173892,0.004683,3,0,0;1;2;3;4;5;6;7;8;9;10;11;12;13;14;15;16;17;18;19;20;21;22;23;24;25;26;27;28;29;30;32
meta-llama/Meta-Llama-3.1-8B,pubmed_qa,SameTask-long,md_mean_L15,ref,0.199287,0.001398,3,0,0;1;2;3;4;5;6;7;8;9;10;11;12;13;14;15;16;17;18;19;20;21;22;23;24;25;26;27;28;29;30;32
meta-llama/Meta-Llama-3.1-8B,pubmed_qa,SameTask-long,md_mean_L16,ref,0.218055,0.001265,3,0,0;1;2;3;4;5;6;7;8;9;10;11;12;13;14;15;16;17;18;19;20;21;22;23;24;25;26;27;28;29;30;32
meta-llama/Meta-Llama-3.1-8B,pubmed_qa,SameTask-long,md_mean_L17,ref,0.154827,0.002578,3,0,0;1;2;3;4;5;6;7;8;9;10;11;12;13;14;15;16;17;18;19;20;21;22;23;24;25;26;27;28;29;30;32
meta-llama/Meta-Llama-3.1-8B,pubmed_qa,SameTask-long,md_mean_L18,ref,0.17491,0.002225,3,0,0;1;2;3;4;5;6;7;8;9;10;11;12;13;14;15;16;17;18;19;20;21;22;23;24;25;26;27;28;29;30;32
meta-llama/Meta-Llama-3.1-8B,pubmed_qa,SameTask-long,md_mean_L19,ref,0.18776,0.00387,3,0,0;1;2;3;4;5;6;7;8;9;10;11;12;13;14;15;16;17;18;19;20;21;22;23;24;25;26;27;28;29;30;32
meta-llama/Meta-Llama-3.1-8B,pubmed_qa,SameTask-long,md_mean_L2,ref,-0.217208,0.001027,3,0,0;1;2;3;4;5;6;7;8;9;10;11;12;13;14;15;16;17;18;19;20;21;22;23;24;25;26;27;28;29;30;32
meta-llama/Meta-Llama-3.1-8B,pubmed_qa,SameTask-long,md_mean_L20,ref,0.161059,0.004323,3,0,0;1;2;3;4;5;6;7;8;9;10;11;12;13;14;15;16;17;18;19;20;21;22;23;24;25;26;27;28;29;30;32
meta-llama/Meta-Llama-3.1-8B,pubmed_qa,SameTask-long,md_mean_L21,ref,0.141063,0.005187,3,0,0;1;2;3;4;5;6;7;8;9;10;11;12;13;14;15;16;17;18;19;20;21;22;23;24;25;26;27;28;29;30;32
meta-llama/Meta-Llama-3.1-8B,pubmed_qa,SameTask-long,md_mean_L22,ref,0.102899,0.005645,3,0,0;1;2;3;4;5;6;7;8;9;10;11;12;13;14;15;16;17;18;19;20;21;22;23;24;25;26;27;28;29;30;32
meta-llama/Meta-Llama-3.1-8B,pubmed_qa,SameTask-long,md_mean_L23,ref,0.093351,0.005922,3,0,0;1;2;3;4;5;6;7;8;9;10;11;12;13;14;15;16;17;18;19;20;21;22;23;24;25;26;27;28;29;30;32
meta-llama/Meta-Llama-3.1-8B,pubmed_qa,SameTask-long,md_mean_L24,ref,0.065031,0.005333,3,0,0;1;2;3;4;5;6;7;8;9;10;11;12;13;14;15;16;17;18;19;20;21;22;23;24;25;26;27;28;29;30;32
meta-llama/Meta-Llama-3.1-8B,pubmed_qa,SameTask-long,md_mean_L25,ref,0.065229,0.006902,3,0,0;1;2;3;4;5;6;7;8;9;10;11;12;13;14;15;16;17;18;19;20;21;22;23;24;25;26;27;28;29;30;32
meta-llama/Meta-Llama-3.1-8B,pubmed_qa,SameTask-long,md_mean_L26,ref,0.045624,0.005948,3,0,0;1;2;3;4;5;6;7;8;9;10;11;12;13;14;15;16;17;18;19;20;21;22;23;24;25;26;27;28;29;30;32
meta-llama/Meta-Llama-3.1-8B,pubmed_qa,SameTask-long,md_mean_L27,ref,0.05769,0.006138,3,0,0;1;2;3;4;5;6;7;8;9;10;11;12;13;14;15;16;17;18;19;20;21;22;23;24;25;26;27;28;29;30;32
meta-llama/Meta-Llama-3.1-8B,pubmed_qa,SameTask-long,md_mean_L28,ref,0.075366,0.006557,3,0,0;1;2;3;4;5;6;7;8;9;10;11;12;13;14;15;16;17;18;19;20;21;22;23;24;25;26;27;28;29;30;32
meta-llama/Meta-Llama-3.1-8B,pubmed_qa,SameTask-long,md_mean_L29,ref,0.075619,0.006274,3,0,0;1;2;3;4;5;6;7;8;9;10;11;12;13;14;15;16;17;18;19;20;21;22;23;24;25;26;27;28;29;30;32
meta-llama/Meta-Llama-3.1-8B,pubmed_qa,SameTask-long,md_mean_L3,ref,-0.284899,0.002892,3,0,0;1;2;3;4;5;6;7;8;9;10;11;12;13;14;15;16;17;18;19;20;21;22;23;24;25;26;27;28;29;30;32
meta-llama/Meta-Llama-3.1-8B,pubmed_qa,SameTask-long,md_mean_L30,ref,0.06183,0.007124,3,0,0;1;2;3;4;5;6;7;8;9;10;11;12;13;14;15;16;17;18;19;20;21;22;23;24;25;26;27;28;29;30;32
meta-llama/Meta-Llama-3.1-8B,pubmed_qa,SameTask-long,md_mean_L32,ref,0.10639,0.007604,3,0,0;1;2;3;4;5;6;7;8;9;10;11;12;13;14;15;16;17;18;19;20;21;22;23;24;25;26;27;28;29;30;32
meta-llama/Meta-Llama-3.1-8B,pubmed_qa,SameTask-long,md_mean_L4,ref,-0.114374,0.00607,3,0,0;1;2;3;4;5;6;7;8;9;10;11;12;13;14;15;16;17;18;19;20;21;22;23;24;25;26;27;28;29;30;32
meta-llama/Meta-Llama-3.1-8B,pubmed_qa,SameTask-long,md_mean_L5,ref,-0.038679,0.006818,3,0,0;1;2;3;4;5;6;7;8;9;10;11;12;13;14;15;16;17;18;19;20;21;22;23;24;25;26;27;28;29;30;32
meta-llama/Meta-Llama-3.1-8B,pubmed_qa,SameTask-long,md_mean_L6,ref,0.023887,0.004409,3,0,0;1;2;3;4;5;6;7;8;9;10;11;12;13;14;15;16;17;18;19;20;21;22;23;24;25;26;27;28;29;30;32
meta-llama/Meta-Llama-3.1-8B,pubmed_qa,SameTask-long,md_mean_L7,ref,0.065655,0.006532,3,0,0;1;2;3;4;5;6;7;8;9;10;11;12;13;14;15;16;17;18;19;20;21;22;23;24;25;26;27;28;29;30;32
meta-llama/Meta-Llama-3.1-8B,pubmed_qa,SameTask-long,md_mean_L8,ref,0.062297,0.005078,3,0,0;1;2;3;4;5;6;7;8;9;10;11;12;13;14;15;16;17;18;19;20;21;22;23;24;25;26;27;28;29;30;32
meta-llama/Meta-Llama-3.1-8B,pubmed_qa,SameTask-long,md_mean_L9,ref,0.107836,0.004052,3,0,0;1;2;3;4;5;6;7;8;9;10;11;12;13;14;15;16;17;18;19;20;21;22;23;24;25;26;27;28;29;30;32
meta-llama/Meta-Llama-3.1-8B,pubmed_qa,SameTask-long,msp_satmd_alllayer,ref,0.208097,0.046517,3,0,0;1;2;3;4;5;6;7;8;9;10;11;12;13;14;15;16;17;18;19;20;21;22;23;24;25;26;27;28;29;30;32
meta-llama/Meta-Llama-3.1-8B,pubmed_qa,SameTask-long,msp_satrmd_alllayer,ref,0.278632,0.024071,3,0,0;1;2;3;4;5;6;7;8;9;10;11;12;13;14;15;16;17;18;19;20;21;22;23;24;25;26;27;28;29;30;32
meta-llama/Meta-Llama-3.1-8B,pubmed_qa,SameTask-long,rmd_mean_L0,ref,0.225909,0.001187,3,0,0;1;2;3;4;5;6;7;8;9;10;11;12;13;14;15;16;17;18;19;20;21;22;23;24;25;26;27;28;29;30;32
meta-llama/Meta-Llama-3.1-8B,pubmed_qa,SameTask-long,rmd_mean_L1,ref,0.282617,0.00118,3,0,0;1;2;3;4;5;6;7;8;9;10;11;12;13;14;15;16;17;18;19;20;21;22;23;24;25;26;27;28;29;30;32
meta-llama/Meta-Llama-3.1-8B,pubmed_qa,SameTask-long,rmd_mean_L10,ref,0.167393,0.006457,3,0,0;1;2;3;4;5;6;7;8;9;10;11;12;13;14;15;16;17;18;19;20;21;22;23;24;25;26;27;28;29;30;32
meta-llama/Meta-Llama-3.1-8B,pubmed_qa,SameTask-long,rmd_mean_L11,ref,0.112059,0.005107,3,0,0;1;2;3;4;5;6;7;8;9;10;11;12;13;14;15;16;17;18;19;20;21;22;23;24;25;26;27;28;29;30;32
meta-llama/Meta-Llama-3.1-8B,pubmed_qa,SameTask-long,rmd_mean_L12,ref,0.096022,0.004118,3,0,0;1;2;3;4;5;6;7;8;9;10;11;12;13;14;15;16;17;18;19;20;21;22;23;24;25;26;27;28;29;30;32
meta-llama/Meta-Llama-3.1-8B,pubmed_qa,SameTask-long,rmd_mean_L13,ref,0.101286,0.004146,3,0,0;1;2;3;4;5;6;7;8;9;10;11;12;13;14;15;16;17;18;19;20;21;22;23;24;25;26;27;28;29;30;32
meta-llama/Meta-Llama-3.1-8B,pubmed_qa,SameTask-long,rmd_mean_L14,ref,0.130926,0.008347,3,0,0;1;2;3;4;5;6;7;8;9;10;11;12;13;14;15;16;17;18;19;20;21;22;23;24;25;26;27;28;29;30;32
meta-llama/Meta-Llama-3.1-8B,pubmed_qa,SameTask-long,rmd_mean_L15,ref,0.142255,0.004309,3,0,0;1;2;3;4;5;6;7;8;9;10;11;12;13;14;15;16;17;18;19;20;21;22;23;24;25;26;27;28;29;30;32
meta-llama/Meta-Llama-3.1-8B,pubmed_qa,SameTask-long,rmd_mean_L16,ref,0.159334,0.000981,3,0,0;1;2;3;4;5;6;7;8;9;10;11;12;13;14;15;16;17;18;19;20;21;22;23;24;25;26;27;28;29;30;32
meta-llama/Meta-Llama-3.1-8B,pubmed_qa,SameTask-long,rmd_mean_L17,ref,0.163803,0.00144,3,0,0;1;2;3;4;5;6;7;8;9;10;11;12;13;14;15;16;17;18;19;20;21;22;23;24;25;26;27;28;29;30;32
meta-llama/Meta-Llama-3.1-8B,pubmed_qa,SameTask-long,rmd_mean_L18,ref,0.20186,0.001814,3,0,0;1;2;3;4;5;6;7;8;9;10;11;12;13;14;15;16;17;18;19;20;21;22;23;24;25;26;27;28;29;30;32
meta-llama/Meta-Llama-3.1-8B,pubmed_qa,SameTask-long,rmd_mean_L19,ref,0.253015,0.000594,3,0,0;1;2;3;4;5;6;7;8;9;10;11;12;13;14;15;16;17;18;19;20;21;22;23;24;25;26;27;28;29;30;32
meta-llama/Meta-Llama-3.1-8B,pubmed_qa,SameTask-long,rmd_mean_L2,ref,0.275235,0.003338,3,0,0;1;2;3;4;5;6;7;8;9;10;11;12;13;14;15;16;17;18;19;20;21;22;23;24;25;26;27;28;29;30;32
meta-llama/Meta-Llama-3.1-8B,pubmed_qa,SameTask-long,rmd_mean_L20,ref,0.264892,0.001452,3,0,0;1;2;3;4;5;6;7;8;9;10;11;12;13;14;15;16;17;18;19;20;21;22;23;24;25;26;27;28;29;30;32
meta-llama/Meta-Llama-3.1-8B,pubmed_qa,SameTask-long,rmd_mean_L21,ref,0.270011,0.001189,3,0,0;1;2;3;4;5;6;7;8;9;10;11;12;13;14;15;16;17;18;19;20;21;22;23;24;25;26;27;28;29;30;32
meta-llama/Meta-Llama-3.1-8B,pubmed_qa,SameTask-long,rmd_mean_L22,ref,0.262103,0.001677,3,0,0;1;2;3;4;5;6;7;8;9;10;11;12;13;14;15;16;17;18;19;20;21;22;23;24;25;26;27;28;29;30;32
meta-llama/Meta-Llama-3.1-8B,pubmed_qa,SameTask-long,rmd_mean_L23,ref,0.262464,0.002338,3,0,0;1;2;3;4;5;6;7;8;9;10;11;12;13;14;15;16;17;18;19;20;21;22;23;24;25;26;27;28;29;30;32
meta-llama/Meta-Llama-3.1-8B,pubmed_qa,SameTask-long,rmd_mean_L24,ref,0.252088,0.001478,3,0,0;1;2;3;4;5;6;7;8;9;10;11;12;13;14;15;16;17;18;19;20;21;22;23;24;25;26;27;28;29;30;32
meta-llama/Meta-Llama-3.1-8B,pubmed_qa,SameTask-long,rmd_mean_L25,ref,0.254144,0.002543,3,0,0;1;2;3;4;5;6;7;8;9;10;11;12;13;14;15;16;17;18;19;20;21;22;23;24;25;26;27;28;29;30;32
meta-llama/Meta-Llama-3.1-8B,pubmed_qa,SameTask-long,rmd_mean_L26,ref,0.2528,0.001689,3,0,0;1;2;3;4;5;6;7;8;9;10;11;12;13;14;15;16;17;18;19;20;21;22;23;24;25;26;27;28;29;30;32
meta-llama/Meta-Llama-3.1-8B,pubmed_qa,SameTask-long,rmd_mean_L27,ref,0.246571,0.001627,3,0,0;1;2;3;4;5;6;7;8;9;10;11;12;13;14;15;16;17;18;19;20;21;22;23;24;25;26;27;28;29;30;32
meta-llama/Meta-Llama-3.1-8B,pubmed_qa,SameTask-long,rmd_mean_L28,ref,0.238169,0.002311,3,0,0;1;2;3;4;5;6;7;8;9;10;11;12;13;14;15;16;17;18;19;20;21;22;23;24;25;26;27;28;29;30;32
meta-llama/Meta-Llama-3.1-8B,pubmed_qa,SameTask-long,rmd_mean_L29,ref,0.241506,0.001732,3,0,0;1;2;3;4;5;6;7;8;9;10;11;12;13;14;15;16;17;18;19;20;21;22;23;24;25;26;27;28;29;30;32
meta-llama/Meta-Llama-3.1-8B,pubmed_qa,SameTask-long,rmd_mean_L3,ref,0.270839,0.003425,3,0,0;1;2;3;4;5;6;7;8;9;10;11;12;13;14;15;16;17;18;19;20;21;22;23;24;25;26;27;28;29;30;32
meta-llama/Meta-Llama-3.1-8B,pubmed_qa,SameTask-long,rmd_mean_L30,ref,0.246089,0.00199,3,0,0;1;2;3;4;5;6;7;8;9;10;11;12;13;14;15;16;17;18;19;20;21;22;23;24;25;26;27;28;29;30;32
meta-llama/Meta-Llama-3.1-8B,pubmed_qa,SameTask-long,rmd_mean_L32,ref,0.207276,0.001637,3,0,0;1;2;3;4;5;6;7;8;9;10;11;12;13;14;15;16;17;18;19;20;21;22;23;24;25;26;27;28;29;30;32
meta-llama/Meta-Llama-3.1-8B,pubmed_qa,SameTask-long,rmd_mean_L4,ref,0.31212,0.003529,3,0,0;1;2;3;4;5;6;7;8;9;10;11;12;13;14;15;16;17;18;19;20;21;22;23;24;25;26;27;28;29;30;32
meta-llama/Meta-Llama-3.1-8B,pubmed_qa,SameTask-long,rmd_mean_L5,ref,0.306404,0.003136,3,0,0;1;2;3;4;5;6;7;8;9;10;11;12;13;14;15;16;17;18;19;20;21;22;23;24;25;26;27;28;29;30;32
meta-llama/Meta-Llama-3.1-8B,pubmed_qa,SameTask-long,rmd_mean_L6,ref,0.285888,0.000185,3,0,0;1;2;3;4;5;6;7;8;9;10;11;12;13;14;15;16;17;18;19;20;21;22;23;24;25;26;27;28;29;30;32
meta-llama/Meta-Llama-3.1-8B,pubmed_qa,SameTask-long,rmd_mean_L7,ref,0.253162,0.002361,3,0,0;1;2;3;4;5;6;7;8;9;10;11;12;13;14;15;16;17;18;19;20;21;22;23;24;25;26;27;28;29;30;32
meta-llama/Meta-Llama-3.1-8B,pubmed_qa,SameTask-long,rmd_mean_L8,ref,0.191945,0.003642,3,0,0;1;2;3;4;5;6;7;8;9;10;11;12;13;14;15;16;17;18;19;20;21;22;23;24;25;26;27;28;29;30;32
meta-llama/Meta-Llama-3.1-8B,pubmed_qa,SameTask-long,rmd_mean_L9,ref,0.18092,0.00419,3,0,0;1;2;3;4;5;6;7;8;9;10;11;12;13;14;15;16;17;18;19;20;21;22;23;24;25;26;27;28;29;30;32
meta-llama/Meta-Llama-3.1-8B,pubmed_qa,SameTask-long,satmd_alllayer,ref,0.105539,0.063288,3,0,0;1;2;3;4;5;6;7;8;9;10;11;12;13;14;15;16;17;18;19;20;21;22;23;24;25;26;27;28;29;30;32
meta-llama/Meta-Llama-3.1-8B,pubmed_qa,SameTask-long,satrmd_alllayer,ref,0.169257,0.027057,3,0,0;1;2;3;4;5;6;7;8;9;10;11;12;13;14;15;16;17;18;19;20;21;22;23;24;25;26;27;28;29;30;32
meta-llama/Meta-Llama-3.1-8B,samsum,1ds-Diff-long,huq_satmd_alllayer,ref,-0.143653,0.0,3,0,0;1;2;3;4;5;6;7;8;9;10;11;12;13;14;15;16;17;18;19;20;21;22;23;24;25;26;27;28;29;30;32
meta-llama/Meta-Llama-3.1-8B,samsum,1ds-Diff-long,huq_satrmd_alllayer,ref,-0.1179,0.0,3,0,0;1;2;3;4;5;6;7;8;9;10;11;12;13;14;15;16;17;18;19;20;21;22;23;24;25;26;27;28;29;30;32
meta-llama/Meta-Llama-3.1-8B,samsum,1ds-Diff-long,md_mean_L0,ref,-0.004886,0.0,3,0,0;1;2;3;4;5;6;7;8;9;10;11;12;13;14;15;16;17;18;19;20;21;22;23;24;25;26;27;28;29;30;32
meta-llama/Meta-Llama-3.1-8B,samsum,1ds-Diff-long,md_mean_L1,ref,0.010262,0.0,3,0,0;1;2;3;4;5;6;7;8;9;10;11;12;13;14;15;16;17;18;19;20;21;22;23;24;25;26;27;28;29;30;32
meta-llama/Meta-Llama-3.1-8B,samsum,1ds-Diff-long,md_mean_L10,ref,-0.218069,0.0,3,0,0;1;2;3;4;5;6;7;8;9;10;11;12;13;14;15;16;17;18;19;20;21;22;23;24;25;26;27;28;29;30;32
meta-llama/Meta-Llama-3.1-8B,samsum,1ds-Diff-long,md_mean_L11,ref,-0.197713,0.0,3,0,0;1;2;3;4;5;6;7;8;9;10;11;12;13;14;15;16;17;18;19;20;21;22;23;24;25;26;27;28;29;30;32
meta-llama/Meta-Llama-3.1-8B,samsum,1ds-Diff-long,md_mean_L12,ref,-0.166192,0.0,3,0,0;1;2;3;4;5;6;7;8;9;10;11;12;13;14;15;16;17;18;19;20;21;22;23;24;25;26;27;28;29;30;32
meta-llama/Meta-Llama-3.1-8B,samsum,1ds-Diff-long,md_mean_L13,ref,-0.143579,0.0,3,0,0;1;2;3;4;5;6;7;8;9;10;11;12;13;14;15;16;17;18;19;20;21;22;23;24;25;26;27;28;29;30;32
meta-llama/Meta-Llama-3.1-8B,samsum,1ds-Diff-long,md_mean_L14,ref,-0.151333,0.0,3,0,0;1;2;3;4;5;6;7;8;9;10;11;12;13;14;15;16;17;18;19;20;21;22;23;24;25;26;27;28;29;30;32
meta-llama/Meta-Llama-3.1-8B,samsum,1ds-Diff-long,md_mean_L15,ref,-0.19516,0.0,3,0,0;1;2;3;4;5;6;7;8;9;10;11;12;13;14;15;16;17;18;19;20;21;22;23;24;25;26;27;28;29;30;32
meta-llama/Meta-Llama-3.1-8B,samsum,1ds-Diff-long,md_mean_L16,ref,-0.210868,0.0,3,0,0;1;2;3;4;5;6;7;8;9;10;11;12;13;14;15;16;17;18;19;20;21;22;23;24;25;26;27;28;29;30;32
meta-llama/Meta-Llama-3.1-8B,samsum,1ds-Diff-long,md_mean_L17,ref,-0.19508,0.0,3,0,0;1;2;3;4;5;6;7;8;9;10;11;12;13;14;15;16;17;18;19;20;21;22;23;24;25;26;27;28;29;30;32
meta-llama/Meta-Llama-3.1-8B,samsum,1ds-Diff-long,md_mean_L18,ref,-0.192672,0.0,3,0,0;1;2;3;4;5;6;7;8;9;10;11;12;13;14;15;16;17;18;19;20;21;22;23;24;25;26;27;28;29;30;32
meta-llama/Meta-Llama-3.1-8B,samsum,1ds-Diff-long,md_mean_L19,ref,-0.209025,0.0,3,0,0;1;2;3;4;5;6;7;8;9;10;11;12;13;14;15;16;17;18;19;20;21;22;23;24;25;26;27;28;29;30;32
meta-llama/Meta-Llama-3.1-8B,samsum,1ds-Diff-long,md_mean_L2,ref,-0.096338,0.0,3,0,0;1;2;3;4;5;6;7;8;9;10;11;12;13;14;15;16;17;18;19;20;21;22;23;24;25;26;27;28;29;30;32
meta-llama/Meta-Llama-3.1-8B,samsum,1ds-Diff-long,md_mean_L20,ref,-0.199538,0.0,3,0,0;1;2;3;4;5;6;7;8;9;10;11;12;13;14;15;16;17;18;19;20;21;22;23;24;25;26;27;28;29;30;32
meta-llama/Meta-Llama-3.1-8B,samsum,1ds-Diff-long,md_mean_L21,ref,-0.201155,0.0,3,0,0;1;2;3;4;5;6;7;8;9;10;11;12;13;14;15;16;17;18;19;20;21;22;23;24;25;26;27;28;29;30;32
meta-llama/Meta-Llama-3.1-8B,samsum,1ds-Diff-long,md_mean_L22,ref,-0.189458,0.0,3,0,0;1;2;3;4;5;6;7;8;9;10;11;12;13;14;15;16;17;18;19;20;21;22;23;24;25;26;27;28;29;30;32
meta-llama/Meta-Llama-3.1-8B,samsum,1ds-Diff-long,md_mean_L23,ref,-0.194596,0.0,3,0,0;1;2;3;4;5;6;7;8;9;10;11;12;13;14;15;16;17;18;19;20;21;22;23;24;25;26;27;28;29;30;32
meta-llama/Meta-Llama-3.1-8B,samsum,1ds-Diff-long,md_mean_L24,ref,-0.182365,0.0,3,0,0;1;2;3;4;5;6;7;8;9;10;11;12;13;14;15;16;17;18;19;20;21;22;23;24;25;26;27;28;29;30;32
meta-llama/Meta-Llama-3.1-8B,samsum,1ds-Diff-long,md_mean_L25,ref,-0.167197,0.0,3,0,0;1;2;3;4;5;6;7;8;9;10;11;12;13;14;15;16;17;18;19;20;21;22;23;24;25;26;27;28;29;30;32
meta-llama/Meta-Llama-3.1-8B,samsum,1ds-Diff-long,md_mean_L26,ref,-0.160886,0.0,3,0,0;1;2;3;4;5;6;7;8;9;10;11;12;13;14;15;16;17;18;19;20;21;22;23;24;25;26;27;28;29;30;32
meta-llama/Meta-Llama-3.1-8B,samsum,1ds-Diff-long,md_mean_L27,ref,-0.143861,0.0,3,0,0;1;2;3;4;5;6;7;8;9;10;11;12;13;14;15;16;17;18;19;20;21;22;23;24;25;26;27;28;29;30;32
meta-llama/Meta-Llama-3.1-8B,samsum,1ds-Diff-long,md_mean_L28,ref,-0.135429,0.0,3,0,0;1;2;3;4;5;6;7;8;9;10;11;12;13;14;15;16;17;18;19;20;21;22;23;24;25;26;27;28;29;30;32
meta-llama/Meta-Llama-3.1-8B,samsum,1ds-Diff-long,md_mean_L29,ref,-0.127228,0.0,3,0,0;1;2;3;4;5;6;7;8;9;10;11;12;13;14;15;16;17;18;19;20;21;22;23;24;25;26;27;28;29;30;32
meta-llama/Meta-Llama-3.1-8B,samsum,1ds-Diff-long,md_mean_L3,ref,-0.211011,0.0,3,0,0;1;2;3;4;5;6;7;8;9;10;11;12;13;14;15;16;17;18;19;20;21;22;23;24;25;26;27;28;29;30;32
meta-llama/Meta-Llama-3.1-8B,samsum,1ds-Diff-long,md_mean_L30,ref,-0.109052,0.0,3,0,0;1;2;3;4;5;6;7;8;9;10;11;12;13;14;15;16;17;18;19;20;21;22;23;24;25;26;27;28;29;30;32
meta-llama/Meta-Llama-3.1-8B,samsum,1ds-Diff-long,md_mean_L32,ref,-0.014716,0.0,3,0,0;1;2;3;4;5;6;7;8;9;10;11;12;13;14;15;16;17;18;19;20;21;22;23;24;25;26;27;28;29;30;32
meta-llama/Meta-Llama-3.1-8B,samsum,1ds-Diff-long,md_mean_L4,ref,-0.22084,0.0,3,0,0;1;2;3;4;5;6;7;8;9;10;11;12;13;14;15;16;17;18;19;20;21;22;23;24;25;26;27;28;29;30;32
meta-llama/Meta-Llama-3.1-8B,samsum,1ds-Diff-long,md_mean_L5,ref,-0.22923,0.0,3,0,0;1;2;3;4;5;6;7;8;9;10;11;12;13;14;15;16;17;18;19;20;21;22;23;24;25;26;27;28;29;30;32
meta-llama/Meta-Llama-3.1-8B,samsum,1ds-Diff-long,md_mean_L6,ref,-0.272043,0.0,3,0,0;1;2;3;4;5;6;7;8;9;10;11;12;13;14;15;16;17;18;19;20;21;22;23;24;25;26;27;28;29;30;32
meta-llama/Meta-Llama-3.1-8B,samsum,1ds-Diff-long,md_mean_L7,ref,-0.260971,0.0,3,0,0;1;2;3;4;5;6;7;8;9;10;11;12;13;14;15;16;17;18;19;20;21;22;23;24;25;26;27;28;29;30;32
meta-llama/Meta-Llama-3.1-8B,samsum,1ds-Diff-long,md_mean_L8,ref,-0.292484,0.0,3,0,0;1;2;3;4;5;6;7;8;9;10;11;12;13;14;15;16;17;18;19;20;21;22;23;24;25;26;27;28;29;30;32
meta-llama/Meta-Llama-3.1-8B,samsum,1ds-Diff-long,md_mean_L9,ref,-0.264461,0.0,3,0,0;1;2;3;4;5;6;7;8;9;10;11;12;13;14;15;16;17;18;19;20;21;22;23;24;25;26;27;28;29;30;32
meta-llama/Meta-Llama-3.1-8B,samsum,1ds-Diff-long,rmd_mean_L0,ref,-0.156,0.0,3,0,0;1;2;3;4;5;6;7;8;9;10;11;12;13;14;15;16;17;18;19;20;21;22;23;24;25;26;27;28;29;30;32
meta-llama/Meta-Llama-3.1-8B,samsum,1ds-Diff-long,rmd_mean_L1,ref,-0.158287,0.0,3,0,0;1;2;3;4;5;6;7;8;9;10;11;12;13;14;15;16;17;18;19;20;21;22;23;24;25;26;27;28;29;30;32
meta-llama/Meta-Llama-3.1-8B,samsum,1ds-Diff-long,rmd_mean_L10,ref,-0.206829,0.0,3,0,0;1;2;3;4;5;6;7;8;9;10;11;12;13;14;15;16;17;18;19;20;21;22;23;24;25;26;27;28;29;30;32
meta-llama/Meta-Llama-3.1-8B,samsum,1ds-Diff-long,rmd_mean_L11,ref,-0.176719,0.0,3,0,0;1;2;3;4;5;6;7;8;9;10;11;12;13;14;15;16;17;18;19;20;21;22;23;24;25;26;27;28;29;30;32
meta-llama/Meta-Llama-3.1-8B,samsum,1ds-Diff-long,rmd_mean_L12,ref,-0.154292,0.0,3,0,0;1;2;3;4;5;6;7;8;9;10;11;12;13;14;15;16;17;18;19;20;21;22;23;24;25;26;27;28;29;30;32
meta-llama/Meta-Llama-3.1-8B,samsum,1ds-Diff-long,rmd_mean_L13,ref,-0.154116,0.0,3,0,0;1;2;3;4;5;6;7;8;9;10;11;12;13;14;15;16;17;18;19;20;21;22;23;24;25;26;27;28;29;30;32
meta-llama/Meta-Llama-3.1-8B,samsum,1ds-Diff-long,rmd_mean_L14,ref,-0.136989,0.0,3,0,0;1;2;3;4;5;6;7;8;9;10;11;12;13;14;15;16;17;18;19;20;21;22;23;24;25;26;27;28;29;30;32
meta-llama/Meta-Llama-3.1-8B,samsum,1ds-Diff-long,rmd_mean_L15,ref,-0.174681,0.0,3,0,0;1;2;3;4;5;6;7;8;9;10;11;12;13;14;15;16;17;18;19;20;21;22;23;24;25;26;27;28;29;30;32
meta-llama/Meta-Llama-3.1-8B,samsum,1ds-Diff-long,rmd_mean_L16,ref,-0.177045,0.0,3,0,0;1;2;3;4;5;6;7;8;9;10;11;12;13;14;15;16;17;18;19;20;21;22;23;24;25;26;27;28;29;30;32
meta-llama/Meta-Llama-3.1-8B,samsum,1ds-Diff-long,rmd_mean_L17,ref,-0.156651,0.0,3,0,0;1;2;3;4;5;6;7;8;9;10;11;12;13;14;15;16;17;18;19;20;21;22;23;24;25;26;27;28;29;30;32
meta-llama/Meta-Llama-3.1-8B,samsum,1ds-Diff-long,rmd_mean_L18,ref,-0.158146,0.0,3,0,0;1;2;3;4;5;6;7;8;9;10;11;12;13;14;15;16;17;18;19;20;21;22;23;24;25;26;27;28;29;30;32
meta-llama/Meta-Llama-3.1-8B,samsum,1ds-Diff-long,rmd_mean_L19,ref,-0.173017,0.0,3,0,0;1;2;3;4;5;6;7;8;9;10;11;12;13;14;15;16;17;18;19;20;21;22;23;24;25;26;27;28;29;30;32
meta-llama/Meta-Llama-3.1-8B,samsum,1ds-Diff-long,rmd_mean_L2,ref,-0.165948,0.0,3,0,0;1;2;3;4;5;6;7;8;9;10;11;12;13;14;15;16;17;18;19;20;21;22;23;24;25;26;27;28;29;30;32
meta-llama/Meta-Llama-3.1-8B,samsum,1ds-Diff-long,rmd_mean_L20,ref,-0.176334,0.0,3,0,0;1;2;3;4;5;6;7;8;9;10;11;12;13;14;15;16;17;18;19;20;21;22;23;24;25;26;27;28;29;30;32
meta-llama/Meta-Llama-3.1-8B,samsum,1ds-Diff-long,rmd_mean_L21,ref,-0.164556,0.0,3,0,0;1;2;3;4;5;6;7;8;9;10;11;12;13;14;15;16;17;18;19;20;21;22;23;24;25;26;27;28;29;30;32
meta-llama/Meta-Llama-3.1-8B,samsum,1ds-Diff-long,rmd_mean_L22,ref,-0.158825,0.0,3,0,0;1;2;3;4;5;6;7;8;9;10;11;12;13;14;15;16;17;18;19;20;21;22;23;24;25;26;27;28;29;30;32
meta-llama/Meta-Llama-3.1-8B,samsum,1ds-Diff-long,rmd_mean_L23,ref,-0.162777,0.0,3,0,0;1;2;3;4;5;6;7;8;9;10;11;12;13;14;15;16;17;18;19;20;21;22;23;24;25;26;27;28;29;30;32
meta-llama/Meta-Llama-3.1-8B,samsum,1ds-Diff-long,rmd_mean_L24,ref,-0.147335,0.0,3,0,0;1;2;3;4;5;6;7;8;9;10;11;12;13;14;15;16;17;18;19;20;21;22;23;24;25;26;27;28;29;30;32
meta-llama/Meta-Llama-3.1-8B,samsum,1ds-Diff-long,rmd_mean_L25,ref,-0.134147,0.0,3,0,0;1;2;3;4;5;6;7;8;9;10;11;12;13;14;15;16;17;18;19;20;21;22;23;24;25;26;27;28;29;30;32
meta-llama/Meta-Llama-3.1-8B,samsum,1ds-Diff-long,rmd_mean_L26,ref,-0.13474,0.0,3,0,0;1;2;3;4;5;6;7;8;9;10;11;12;13;14;15;16;17;18;19;20;21;22;23;24;25;26;27;28;29;30;32
meta-llama/Meta-Llama-3.1-8B,samsum,1ds-Diff-long,rmd_mean_L27,ref,-0.123398,0.0,3,0,0;1;2;3;4;5;6;7;8;9;10;11;12;13;14;15;16;17;18;19;20;21;22;23;24;25;26;27;28;29;30;32
meta-llama/Meta-Llama-3.1-8B,samsum,1ds-Diff-long,rmd_mean_L28,ref,-0.120839,0.0,3,0,0;1;2;3;4;5;6;7;8;9;10;11;12;13;14;15;16;17;18;19;20;21;22;23;24;25;26;27;28;29;30;32
meta-llama/Meta-Llama-3.1-8B,samsum,1ds-Diff-long,rmd_mean_L29,ref,-0.1158,0.0,3,0,0;1;2;3;4;5;6;7;8;9;10;11;12;13;14;15;16;17;18;19;20;21;22;23;24;25;26;27;28;29;30;32
meta-llama/Meta-Llama-3.1-8B,samsum,1ds-Diff-long,rmd_mean_L3,ref,-0.209188,0.0,3,0,0;1;2;3;4;5;6;7;8;9;10;11;12;13;14;15;16;17;18;19;20;21;22;23;24;25;26;27;28;29;30;32
meta-llama/Meta-Llama-3.1-8B,samsum,1ds-Diff-long,rmd_mean_L30,ref,-0.100773,0.0,3,0,0;1;2;3;4;5;6;7;8;9;10;11;12;13;14;15;16;17;18;19;20;21;22;23;24;25;26;27;28;29;30;32
meta-llama/Meta-Llama-3.1-8B,samsum,1ds-Diff-long,rmd_mean_L32,ref,-0.043129,0.0,3,0,0;1;2;3;4;5;6;7;8;9;10;11;12;13;14;15;16;17;18;19;20;21;22;23;24;25;26;27;28;29;30;32
meta-llama/Meta-Llama-3.1-8B,samsum,1ds-Diff-long,rmd_mean_L4,ref,-0.216744,0.0,3,0,0;1;2;3;4;5;6;7;8;9;10;11;12;13;14;15;16;17;18;19;20;21;22;23;24;25;26;27;28;29;30;32
meta-llama/Meta-Llama-3.1-8B,samsum,1ds-Diff-long,rmd_mean_L5,ref,-0.236633,0.0,3,0,0;1;2;3;4;5;6;7;8;9;10;11;12;13;14;15;16;17;18;19;20;21;22;23;24;25;26;27;28;29;30;32
meta-llama/Meta-Llama-3.1-8B,samsum,1ds-Diff-long,rmd_mean_L6,ref,-0.255248,0.0,3,0,0;1;2;3;4;5;6;7;8;9;10;11;12;13;14;15;16;17;18;19;20;21;22;23;24;25;26;27;28;29;30;32
meta-llama/Meta-Llama-3.1-8B,samsum,1ds-Diff-long,rmd_mean_L7,ref,-0.248948,0.0,3,0,0;1;2;3;4;5;6;7;8;9;10;11;12;13;14;15;16;17;18;19;20;21;22;23;24;25;26;27;28;29;30;32
meta-llama/Meta-Llama-3.1-8B,samsum,1ds-Diff-long,rmd_mean_L8,ref,-0.26517,0.0,3,0,0;1;2;3;4;5;6;7;8;9;10;11;12;13;14;15;16;17;18;19;20;21;22;23;24;25;26;27;28;29;30;32
meta-llama/Meta-Llama-3.1-8B,samsum,1ds-Diff-long,rmd_mean_L9,ref,-0.239242,0.0,3,0,0;1;2;3;4;5;6;7;8;9;10;11;12;13;14;15;16;17;18;19;20;21;22;23;24;25;26;27;28;29;30;32
meta-llama/Meta-Llama-3.1-8B,samsum,1ds-Diff-long,satmd_alllayer,ref,-0.092763,0.0,3,0,0;1;2;3;4;5;6;7;8;9;10;11;12;13;14;15;16;17;18;19;20;21;22;23;24;25;26;27;28;29;30;32
meta-llama/Meta-Llama-3.1-8B,samsum,1ds-Diff-long,satrmd_alllayer,ref,-0.083209,0.0,3,0,0;1;2;3;4;5;6;7;8;9;10;11;12;13;14;15;16;17;18;19;20;21;22;23;24;25;26;27;28;29;30;32
meta-llama/Meta-Llama-3.1-8B,samsum,DiffTask-long,huq_satmd_alllayer,ref,-0.198547,0.007013,3,0,0;1;2;3;4;5;6;7;8;9;10;11;12;13;14;15;16;17;18;19;20;21;22;23;24;25;26;27;28;29;30;32
meta-llama/Meta-Llama-3.1-8B,samsum,DiffTask-long,huq_satrmd_alllayer,ref,-0.062908,0.036893,3,0,0;1;2;3;4;5;6;7;8;9;10;11;12;13;14;15;16;17;18;19;20;21;22;23;24;25;26;27;28;29;30;32
meta-llama/Meta-Llama-3.1-8B,samsum,DiffTask-long,md_mean_L0,ref,0.00136,0.006738,3,0,0;1;2;3;4;5;6;7;8;9;10;11;12;13;14;15;16;17;18;19;20;21;22;23;24;25;26;27;28;29;30;32
meta-llama/Meta-Llama-3.1-8B,samsum,DiffTask-long,md_mean_L1,ref,0.048968,0.003787,3,0,0;1;2;3;4;5;6;7;8;9;10;11;12;13;14;15;16;17;18;19;20;21;22;23;24;25;26;27;28;29;30;32
meta-llama/Meta-Llama-3.1-8B,samsum,DiffTask-long,md_mean_L10,ref,-0.121508,0.008151,3,0,0;1;2;3;4;5;6;7;8;9;10;11;12;13;14;15;16;17;18;19;20;21;22;23;24;25;26;27;28;29;30;32
meta-llama/Meta-Llama-3.1-8B,samsum,DiffTask-long,md_mean_L11,ref,-0.093206,0.007725,3,0,0;1;2;3;4;5;6;7;8;9;10;11;12;13;14;15;16;17;18;19;20;21;22;23;24;25;26;27;28;29;30;32
meta-llama/Meta-Llama-3.1-8B,samsum,DiffTask-long,md_mean_L12,ref,-0.041277,0.008932,3,0,0;1;2;3;4;5;6;7;8;9;10;11;12;13;14;15;16;17;18;19;20;21;22;23;24;25;26;27;28;29;30;32
meta-llama/Meta-Llama-3.1-8B,samsum,DiffTask-long,md_mean_L13,ref,-0.0156,0.009535,3,0,0;1;2;3;4;5;6;7;8;9;10;11;12;13;14;15;16;17;18;19;20;21;22;23;24;25;26;27;28;29;30;32
meta-llama/Meta-Llama-3.1-8B,samsum,DiffTask-long,md_mean_L14,ref,-0.047711,0.008927,3,0,0;1;2;3;4;5;6;7;8;9;10;11;12;13;14;15;16;17;18;19;20;21;22;23;24;25;26;27;28;29;30;32
meta-llama/Meta-Llama-3.1-8B,samsum,DiffTask-long,md_mean_L15,ref,-0.063161,0.006154,3,0,0;1;2;3;4;5;6;7;8;9;10;11;12;13;14;15;16;17;18;19;20;21;22;23;24;25;26;27;28;29;30;32
meta-llama/Meta-Llama-3.1-8B,samsum,DiffTask-long,md_mean_L16,ref,-0.136962,0.006719,3,0,0;1;2;3;4;5;6;7;8;9;10;11;12;13;14;15;16;17;18;19;20;21;22;23;24;25;26;27;28;29;30;32
meta-llama/Meta-Llama-3.1-8B,samsum,DiffTask-long,md_mean_L17,ref,-0.110818,0.005974,3,0,0;1;2;3;4;5;6;7;8;9;10;11;12;13;14;15;16;17;18;19;20;21;22;23;24;25;26;27;28;29;30;32
meta-llama/Meta-Llama-3.1-8B,samsum,DiffTask-long,md_mean_L18,ref,-0.114609,0.009935,3,0,0;1;2;3;4;5;6;7;8;9;10;11;12;13;14;15;16;17;18;19;20;21;22;23;24;25;26;27;28;29;30;32
meta-llama/Meta-Llama-3.1-8B,samsum,DiffTask-long,md_mean_L19,ref,-0.132383,0.009011,3,0,0;1;2;3;4;5;6;7;8;9;10;11;12;13;14;15;16;17;18;19;20;21;22;23;24;25;26;27;28;29;30;32
meta-llama/Meta-Llama-3.1-8B,samsum,DiffTask-long,md_mean_L2,ref,-0.022268,0.002418,3,0,0;1;2;3;4;5;6;7;8;9;10;11;12;13;14;15;16;17;18;19;20;21;22;23;24;25;26;27;28;29;30;32
meta-llama/Meta-Llama-3.1-8B,samsum,DiffTask-long,md_mean_L20,ref,-0.132757,0.010202,3,0,0;1;2;3;4;5;6;7;8;9;10;11;12;13;14;15;16;17;18;19;20;21;22;23;24;25;26;27;28;29;30;32
meta-llama/Meta-Llama-3.1-8B,samsum,DiffTask-long,md_mean_L21,ref,-0.159461,0.008328,3,0,0;1;2;3;4;5;6;7;8;9;10;11;12;13;14;15;16;17;18;19;20;21;22;23;24;25;26;27;28;29;30;32
meta-llama/Meta-Llama-3.1-8B,samsum,DiffTask-long,md_mean_L22,ref,-0.153083,0.00581,3,0,0;1;2;3;4;5;6;7;8;9;10;11;12;13;14;15;16;17;18;19;20;21;22;23;24;25;26;27;28;29;30;32
meta-llama/Meta-Llama-3.1-8B,samsum,DiffTask-long,md_mean_L23,ref,-0.172821,0.007558,3,0,0;1;2;3;4;5;6;7;8;9;10;11;12;13;14;15;16;17;18;19;20;21;22;23;24;25;26;27;28;29;30;32
meta-llama/Meta-Llama-3.1-8B,samsum,DiffTask-long,md_mean_L24,ref,-0.156008,0.007737,3,0,0;1;2;3;4;5;6;7;8;9;10;11;12;13;14;15;16;17;18;19;20;21;22;23;24;25;26;27;28;29;30;32
meta-llama/Meta-Llama-3.1-8B,samsum,DiffTask-long,md_mean_L25,ref,-0.142283,0.007608,3,0,0;1;2;3;4;5;6;7;8;9;10;11;12;13;14;15;16;17;18;19;20;21;22;23;24;25;26;27;28;29;30;32
meta-llama/Meta-Llama-3.1-8B,samsum,DiffTask-long,md_mean_L26,ref,-0.138201,0.006178,3,0,0;1;2;3;4;5;6;7;8;9;10;11;12;13;14;15;16;17;18;19;20;21;22;23;24;25;26;27;28;29;30;32
meta-llama/Meta-Llama-3.1-8B,samsum,DiffTask-long,md_mean_L27,ref,-0.107913,0.005882,3,0,0;1;2;3;4;5;6;7;8;9;10;11;12;13;14;15;16;17;18;19;20;21;22;23;24;25;26;27;28;29;30;32
meta-llama/Meta-Llama-3.1-8B,samsum,DiffTask-long,md_mean_L28,ref,-0.073428,0.007535,3,0,0;1;2;3;4;5;6;7;8;9;10;11;12;13;14;15;16;17;18;19;20;21;22;23;24;25;26;27;28;29;30;32
meta-llama/Meta-Llama-3.1-8B,samsum,DiffTask-long,md_mean_L29,ref,-0.051645,0.006476,3,0,0;1;2;3;4;5;6;7;8;9;10;11;12;13;14;15;16;17;18;19;20;21;22;23;24;25;26;27;28;29;30;32
meta-llama/Meta-Llama-3.1-8B,samsum,DiffTask-long,md_mean_L3,ref,-0.126976,0.002096,3,0,0;1;2;3;4;5;6;7;8;9;10;11;12;13;14;15;16;17;18;19;20;21;22;23;24;25;26;27;28;29;30;32
meta-llama/Meta-Llama-3.1-8B,samsum,DiffTask-long,md_mean_L30,ref,-0.017564,0.008065,3,0,0;1;2;3;4;5;6;7;8;9;10;11;12;13;14;15;16;17;18;19;20;21;22;23;24;25;26;27;28;29;30;32
meta-llama/Meta-Llama-3.1-8B,samsum,DiffTask-long,md_mean_L32,ref,0.072269,0.005555,3,0,0;1;2;3;4;5;6;7;8;9;10;11;12;13;14;15;16;17;18;19;20;21;22;23;24;25;26;27;28;29;30;32
meta-llama/Meta-Llama-3.1-8B,samsum,DiffTask-long,md_mean_L4,ref,-0.153153,0.006151,3,0,0;1;2;3;4;5;6;7;8;9;10;11;12;13;14;15;16;17;18;19;20;21;22;23;24;25;26;27;28;29;30;32
meta-llama/Meta-Llama-3.1-8B,samsum,DiffTask-long,md_mean_L5,ref,-0.161413,0.006804,3,0,0;1;2;3;4;5;6;7;8;9;10;11;12;13;14;15;16;17;18;19;20;21;22;23;24;25;26;27;28;29;30;32
meta-llama/Meta-Llama-3.1-8B,samsum,DiffTask-long,md_mean_L6,ref,-0.179205,0.007977,3,0,0;1;2;3;4;5;6;7;8;9;10;11;12;13;14;15;16;17;18;19;20;21;22;23;24;25;26;27;28;29;30;32
meta-llama/Meta-Llama-3.1-8B,samsum,DiffTask-long,md_mean_L7,ref,-0.1532,0.010405,3,0,0;1;2;3;4;5;6;7;8;9;10;11;12;13;14;15;16;17;18;19;20;21;22;23;24;25;26;27;28;29;30;32
meta-llama/Meta-Llama-3.1-8B,samsum,DiffTask-long,md_mean_L8,ref,-0.171247,0.01013,3,0,0;1;2;3;4;5;6;7;8;9;10;11;12;13;14;15;16;17;18;19;20;21;22;23;24;25;26;27;28;29;30;32
meta-llama/Meta-Llama-3.1-8B,samsum,DiffTask-long,md_mean_L9,ref,-0.192873,0.010016,3,0,0;1;2;3;4;5;6;7;8;9;10;11;12;13;14;15;16;17;18;19;20;21;22;23;24;25;26;27;28;29;30;32
meta-llama/Meta-Llama-3.1-8B,samsum,DiffTask-long,rmd_mean_L0,ref,-0.136999,0.000487,3,0,0;1;2;3;4;5;6;7;8;9;10;11;12;13;14;15;16;17;18;19;20;21;22;23;24;25;26;27;28;29;30;32
meta-llama/Meta-Llama-3.1-8B,samsum,DiffTask-long,rmd_mean_L1,ref,-0.142437,0.001056,3,0,0;1;2;3;4;5;6;7;8;9;10;11;12;13;14;15;16;17;18;19;20;21;22;23;24;25;26;27;28;29;30;32
meta-llama/Meta-Llama-3.1-8B,samsum,DiffTask-long,rmd_mean_L10,ref,-0.014228,0.005255,3,0,0;1;2;3;4;5;6;7;8;9;10;11;12;13;14;15;16;17;18;19;20;21;22;23;24;25;26;27;28;29;30;32
meta-llama/Meta-Llama-3.1-8B,samsum,DiffTask-long,rmd_mean_L11,ref,0.008277,0.007972,3,0,0;1;2;3;4;5;6;7;8;9;10;11;12;13;14;15;16;17;18;19;20;21;22;23;24;25;26;27;28;29;30;32
meta-llama/Meta-Llama-3.1-8B,samsum,DiffTask-long,rmd_mean_L12,ref,0.022351,0.008808,3,0,0;1;2;3;4;5;6;7;8;9;10;11;12;13;14;15;16;17;18;19;20;21;22;23;24;25;26;27;28;29;30;32
meta-llama/Meta-Llama-3.1-8B,samsum,DiffTask-long,rmd_mean_L13,ref,0.030459,0.010752,3,0,0;1;2;3;4;5;6;7;8;9;10;11;12;13;14;15;16;17;18;19;20;21;22;23;24;25;26;27;28;29;30;32
meta-llama/Meta-Llama-3.1-8B,samsum,DiffTask-long,rmd_mean_L14,ref,0.05892,0.010523,3,0,0;1;2;3;4;5;6;7;8;9;10;11;12;13;14;15;16;17;18;19;20;21;22;23;24;25;26;27;28;29;30;32
meta-llama/Meta-Llama-3.1-8B,samsum,DiffTask-long,rmd_mean_L15,ref,0.011654,0.010756,3,0,0;1;2;3;4;5;6;7;8;9;10;11;12;13;14;15;16;17;18;19;20;21;22;23;24;25;26;27;28;29;30;32
meta-llama/Meta-Llama-3.1-8B,samsum,DiffTask-long,rmd_mean_L16,ref,-0.004453,0.011216,3,0,0;1;2;3;4;5;6;7;8;9;10;11;12;13;14;15;16;17;18;19;20;21;22;23;24;25;26;27;28;29;30;32
meta-llama/Meta-Llama-3.1-8B,samsum,DiffTask-long,rmd_mean_L17,ref,-0.008336,0.008575,3,0,0;1;2;3;4;5;6;7;8;9;10;11;12;13;14;15;16;17;18;19;20;21;22;23;24;25;26;27;28;29;30;32
meta-llama/Meta-Llama-3.1-8B,samsum,DiffTask-long,rmd_mean_L18,ref,-0.01869,0.022329,3,0,0;1;2;3;4;5;6;7;8;9;10;11;12;13;14;15;16;17;18;19;20;21;22;23;24;25;26;27;28;29;30;32
meta-llama/Meta-Llama-3.1-8B,samsum,DiffTask-long,rmd_mean_L19,ref,-0.021456,0.016838,3,0,0;1;2;3;4;5;6;7;8;9;10;11;12;13;14;15;16;17;18;19;20;21;22;23;24;25;26;27;28;29;30;32
meta-llama/Meta-Llama-3.1-8B,samsum,DiffTask-long,rmd_mean_L2,ref,-0.138895,0.000364,3,0,0;1;2;3;4;5;6;7;8;9;10;11;12;13;14;15;16;17;18;19;20;21;22;23;24;25;26;27;28;29;30;32
meta-llama/Meta-Llama-3.1-8B,samsum,DiffTask-long,rmd_mean_L20,ref,-0.031226,0.017693,3,0,0;1;2;3;4;5;6;7;8;9;10;11;12;13;14;15;16;17;18;19;20;21;22;23;24;25;26;27;28;29;30;32
meta-llama/Meta-Llama-3.1-8B,samsum,DiffTask-long,rmd_mean_L21,ref,-0.036325,0.01627,3,0,0;1;2;3;4;5;6;7;8;9;10;11;12;13;14;15;16;17;18;19;20;21;22;23;24;25;26;27;28;29;30;32
meta-llama/Meta-Llama-3.1-8B,samsum,DiffTask-long,rmd_mean_L22,ref,-0.024769,0.014964,3,0,0;1;2;3;4;5;6;7;8;9;10;11;12;13;14;15;16;17;18;19;20;21;22;23;24;25;26;27;28;29;30;32
meta-llama/Meta-Llama-3.1-8B,samsum,DiffTask-long,rmd_mean_L23,ref,-0.011202,0.01389,3,0,0;1;2;3;4;5;6;7;8;9;10;11;12;13;14;15;16;17;18;19;20;21;22;23;24;25;26;27;28;29;30;32
meta-llama/Meta-Llama-3.1-8B,samsum,DiffTask-long,rmd_mean_L24,ref,0.001044,0.016594,3,0,0;1;2;3;4;5;6;7;8;9;10;11;12;13;14;15;16;17;18;19;20;21;22;23;24;25;26;27;28;29;30;32
meta-llama/Meta-Llama-3.1-8B,samsum,DiffTask-long,rmd_mean_L25,ref,0.000807,0.014591,3,0,0;1;2;3;4;5;6;7;8;9;10;11;12;13;14;15;16;17;18;19;20;21;22;23;24;25;26;27;28;29;30;32
meta-llama/Meta-Llama-3.1-8B,samsum,DiffTask-long,rmd_mean_L26,ref,-0.010045,0.014072,3,0,0;1;2;3;4;5;6;7;8;9;10;11;12;13;14;15;16;17;18;19;20;21;22;23;24;25;26;27;28;29;30;32
meta-llama/Meta-Llama-3.1-8B,samsum,DiffTask-long,rmd_mean_L27,ref,0.005169,0.014207,3,0,0;1;2;3;4;5;6;7;8;9;10;11;12;13;14;15;16;17;18;19;20;21;22;23;24;25;26;27;28;29;30;32
meta-llama/Meta-Llama-3.1-8B,samsum,DiffTask-long,rmd_mean_L28,ref,0.01476,0.012891,3,0,0;1;2;3;4;5;6;7;8;9;10;11;12;13;14;15;16;17;18;19;20;21;22;23;24;25;26;27;28;29;30;32
meta-llama/Meta-Llama-3.1-8B,samsum,DiffTask-long,rmd_mean_L29,ref,0.021202,0.012106,3,0,0;1;2;3;4;5;6;7;8;9;10;11;12;13;14;15;16;17;18;19;20;21;22;23;24;25;26;27;28;29;30;32
meta-llama/Meta-Llama-3.1-8B,samsum,DiffTask-long,rmd_mean_L3,ref,-0.114872,0.002642,3,0,0;1;2;3;4;5;6;7;8;9;10;11;12;13;14;15;16;17;18;19;20;21;22;23;24;25;26;27;28;29;30;32
meta-llama/Meta-Llama-3.1-8B,samsum,DiffTask-long,rmd_mean_L30,ref,0.039469,0.012197,3,0,0;1;2;3;4;5;6;7;8;9;10;11;12;13;14;15;16;17;18;19;20;21;22;23;24;25;26;27;28;29;30;32
meta-llama/Meta-Llama-3.1-8B,samsum,DiffTask-long,rmd_mean_L32,ref,0.073081,0.010332,3,0,0;1;2;3;4;5;6;7;8;9;10;11;12;13;14;15;16;17;18;19;20;21;22;23;24;25;26;27;28;29;30;32
meta-llama/Meta-Llama-3.1-8B,samsum,DiffTask-long,rmd_mean_L4,ref,-0.116368,0.005273,3,0,0;1;2;3;4;5;6;7;8;9;10;11;12;13;14;15;16;17;18;19;20;21;22;23;24;25;26;27;28;29;30;32
meta-llama/Meta-Llama-3.1-8B,samsum,DiffTask-long,rmd_mean_L5,ref,-0.112315,0.007373,3,0,0;1;2;3;4;5;6;7;8;9;10;11;12;13;14;15;16;17;18;19;20;21;22;23;24;25;26;27;28;29;30;32
meta-llama/Meta-Llama-3.1-8B,samsum,DiffTask-long,rmd_mean_L6,ref,-0.08262,0.011717,3,0,0;1;2;3;4;5;6;7;8;9;10;11;12;13;14;15;16;17;18;19;20;21;22;23;24;25;26;27;28;29;30;32
meta-llama/Meta-Llama-3.1-8B,samsum,DiffTask-long,rmd_mean_L7,ref,-0.112697,0.008872,3,0,0;1;2;3;4;5;6;7;8;9;10;11;12;13;14;15;16;17;18;19;20;21;22;23;24;25;26;27;28;29;30;32
meta-llama/Meta-Llama-3.1-8B,samsum,DiffTask-long,rmd_mean_L8,ref,-0.05662,0.008224,3,0,0;1;2;3;4;5;6;7;8;9;10;11;12;13;14;15;16;17;18;19;20;21;22;23;24;25;26;27;28;29;30;32
meta-llama/Meta-Llama-3.1-8B,samsum,DiffTask-long,rmd_mean_L9,ref,-0.03708,0.003937,3,0,0;1;2;3;4;5;6;7;8;9;10;11;12;13;14;15;16;17;18;19;20;21;22;23;24;25;26;27;28;29;30;32
meta-llama/Meta-Llama-3.1-8B,samsum,DiffTask-long,satmd_alllayer,ref,-0.198303,0.010523,3,0,0;1;2;3;4;5;6;7;8;9;10;11;12;13;14;15;16;17;18;19;20;21;22;23;24;25;26;27;28;29;30;32
meta-llama/Meta-Llama-3.1-8B,samsum,DiffTask-long,satrmd_alllayer,ref,-0.051508,0.039476,3,0,0;1;2;3;4;5;6;7;8;9;10;11;12;13;14;15;16;17;18;19;20;21;22;23;24;25;26;27;28;29;30;32
meta-llama/Meta-Llama-3.1-8B,samsum,ID,huq_satmd_alllayer,ref,0.069453,0.0,3,0,0;1;2;3;4;5;6;7;8;9;10;11;12;13;14;15;16;17;18;19;20;21;22;23;24;25;26;27;28;29;30;32
meta-llama/Meta-Llama-3.1-8B,samsum,ID,huq_satrmd_alllayer,ref,0.104702,0.0,3,0,0;1;2;3;4;5;6;7;8;9;10;11;12;13;14;15;16;17;18;19;20;21;22;23;24;25;26;27;28;29;30;32
meta-llama/Meta-Llama-3.1-8B,samsum,ID,md_mean_L0,ref,0.035428,0.0,3,0,0;1;2;3;4;5;6;7;8;9;10;11;12;13;14;15;16;17;18;19;20;21;22;23;24;25;26;27;28;29;30;32
meta-llama/Meta-Llama-3.1-8B,samsum,ID,md_mean_L1,ref,0.049912,0.0,3,0,0;1;2;3;4;5;6;7;8;9;10;11;12;13;14;15;16;17;18;19;20;21;22;23;24;25;26;27;28;29;30;32
meta-llama/Meta-Llama-3.1-8B,samsum,ID,md_mean_L10,ref,0.04889,0.0,3,0,0;1;2;3;4;5;6;7;8;9;10;11;12;13;14;15;16;17;18;19;20;21;22;23;24;25;26;27;28;29;30;32
meta-llama/Meta-Llama-3.1-8B,samsum,ID,md_mean_L11,ref,0.05278,0.0,3,0,0;1;2;3;4;5;6;7;8;9;10;11;12;13;14;15;16;17;18;19;20;21;22;23;24;25;26;27;28;29;30;32
meta-llama/Meta-Llama-3.1-8B,samsum,ID,md_mean_L12,ref,0.065662,0.0,3,0,0;1;2;3;4;5;6;7;8;9;10;11;12;13;14;15;16;17;18;19;20;21;22;23;24;25;26;27;28;29;30;32
meta-llama/Meta-Llama-3.1-8B,samsum,ID,md_mean_L13,ref,0.081807,0.0,3,0,0;1;2;3;4;5;6;7;8;9;10;11;12;13;14;15;16;17;18;19;20;21;22;23;24;25;26;27;28;29;30;32
meta-llama/Meta-Llama-3.1-8B,samsum,ID,md_mean_L14,ref,0.085714,0.0,3,0,0;1;2;3;4;5;6;7;8;9;10;11;12;13;14;15;16;17;18;19;20;21;22;23;24;25;26;27;28;29;30;32
meta-llama/Meta-Llama-3.1-8B,samsum,ID,md_mean_L15,ref,0.092645,0.0,3,0,0;1;2;3;4;5;6;7;8;9;10;11;12;13;14;15;16;17;18;19;20;21;22;23;24;25;26;27;28;29;30;32
meta-llama/Meta-Llama-3.1-8B,samsum,ID,md_mean_L16,ref,0.088977,0.0,3,0,0;1;2;3;4;5;6;7;8;9;10;11;12;13;14;15;16;17;18;19;20;21;22;23;24;25;26;27;28;29;30;32
meta-llama/Meta-Llama-3.1-8B,samsum,ID,md_mean_L17,ref,0.095784,0.0,3,0,0;1;2;3;4;5;6;7;8;9;10;11;12;13;14;15;16;17;18;19;20;21;22;23;24;25;26;27;28;29;30;32
meta-llama/Meta-Llama-3.1-8B,samsum,ID,md_mean_L18,ref,0.093974,0.0,3,0,0;1;2;3;4;5;6;7;8;9;10;11;12;13;14;15;16;17;18;19;20;21;22;23;24;25;26;27;28;29;30;32
meta-llama/Meta-Llama-3.1-8B,samsum,ID,md_mean_L19,ref,0.094348,0.0,3,0,0;1;2;3;4;5;6;7;8;9;10;11;12;13;14;15;16;17;18;19;20;21;22;23;24;25;26;27;28;29;30;32
meta-llama/Meta-Llama-3.1-8B,samsum,ID,md_mean_L2,ref,0.057272,0.0,3,0,0;1;2;3;4;5;6;7;8;9;10;11;12;13;14;15;16;17;18;19;20;21;22;23;24;25;26;27;28;29;30;32
meta-llama/Meta-Llama-3.1-8B,samsum,ID,md_mean_L20,ref,0.091953,0.0,3,0,0;1;2;3;4;5;6;7;8;9;10;11;12;13;14;15;16;17;18;19;20;21;22;23;24;25;26;27;28;29;30;32
meta-llama/Meta-Llama-3.1-8B,samsum,ID,md_mean_L21,ref,0.084748,0.0,3,0,0;1;2;3;4;5;6;7;8;9;10;11;12;13;14;15;16;17;18;19;20;21;22;23;24;25;26;27;28;29;30;32
meta-llama/Meta-Llama-3.1-8B,samsum,ID,md_mean_L22,ref,0.090042,0.0,3,0,0;1;2;3;4;5;6;7;8;9;10;11;12;13;14;15;16;17;18;19;20;21;22;23;24;25;26;27;28;29;30;32
meta-llama/Meta-Llama-3.1-8B,samsum,ID,md_mean_L23,ref,0.088847,0.0,3,0,0;1;2;3;4;5;6;7;8;9;10;11;12;13;14;15;16;17;18;19;20;21;22;23;24;25;26;27;28;29;30;32
meta-llama/Meta-Llama-3.1-8B,samsum,ID,md_mean_L24,ref,0.089496,0.0,3,0,0;1;2;3;4;5;6;7;8;9;10;11;12;13;14;15;16;17;18;19;20;21;22;23;24;25;26;27;28;29;30;32
meta-llama/Meta-Llama-3.1-8B,samsum,ID,md_mean_L25,ref,0.089378,0.0,3,0,0;1;2;3;4;5;6;7;8;9;10;11;12;13;14;15;16;17;18;19;20;21;22;23;24;25;26;27;28;29;30;32
meta-llama/Meta-Llama-3.1-8B,samsum,ID,md_mean_L26,ref,0.09305,0.0,3,0,0;1;2;3;4;5;6;7;8;9;10;11;12;13;14;15;16;17;18;19;20;21;22;23;24;25;26;27;28;29;30;32
meta-llama/Meta-Llama-3.1-8B,samsum,ID,md_mean_L27,ref,0.090736,0.0,3,0,0;1;2;3;4;5;6;7;8;9;10;11;12;13;14;15;16;17;18;19;20;21;22;23;24;25;26;27;28;29;30;32
meta-llama/Meta-Llama-3.1-8B,samsum,ID,md_mean_L28,ref,0.093825,0.0,3,0,0;1;2;3;4;5;6;7;8;9;10;11;12;13;14;15;16;17;18;19;20;21;22;23;24;25;26;27;28;29;30;32
meta-llama/Meta-Llama-3.1-8B,samsum,ID,md_mean_L29,ref,0.098404,0.0,3,0,0;1;2;3;4;5;6;7;8;9;10;11;12;13;14;15;16;17;18;19;20;21;22;23;24;25;26;27;28;29;30;32
meta-llama/Meta-Llama-3.1-8B,samsum,ID,md_mean_L3,ref,0.045701,0.0,3,0,0;1;2;3;4;5;6;7;8;9;10;11;12;13;14;15;16;17;18;19;20;21;22;23;24;25;26;27;28;29;30;32
meta-llama/Meta-Llama-3.1-8B,samsum,ID,md_mean_L30,ref,0.104588,0.0,3,0,0;1;2;3;4;5;6;7;8;9;10;11;12;13;14;15;16;17;18;19;20;21;22;23;24;25;26;27;28;29;30;32
meta-llama/Meta-Llama-3.1-8B,samsum,ID,md_mean_L32,ref,0.135543,0.0,3,0,0;1;2;3;4;5;6;7;8;9;10;11;12;13;14;15;16;17;18;19;20;21;22;23;24;25;26;27;28;29;30;32
meta-llama/Meta-Llama-3.1-8B,samsum,ID,md_mean_L4,ref,0.057562,0.0,3,0,0;1;2;3;4;5;6;7;8;9;10;11;12;13;14;15;16;17;18;19;20;21;22;23;24;25;26;27;28;29;30;32
meta-llama/Meta-Llama-3.1-8B,samsum,ID,md_mean_L5,ref,0.052874,0.0,3,0,0;1;2;3;4;5;6;7;8;9;10;11;12;13;14;15;16;17;18;19;20;21;22;23;24;25;26;27;28;29;30;32
meta-llama/Meta-Llama-3.1-8B,samsum,ID,md_mean_L6,ref,0.055643,0.0,3,0,0;1;2;3;4;5;6;7;8;9;10;11;12;13;14;15;16;17;18;19;20;21;22;23;24;25;26;27;28;29;30;32
meta-llama/Meta-Llama-3.1-8B,samsum,ID,md_mean_L7,ref,0.05963,0.0,3,0,0;1;2;3;4;5;6;7;8;9;10;11;12;13;14;15;16;17;18;19;20;21;22;23;24;25;26;27;28;29;30;32
meta-llama/Meta-Llama-3.1-8B,samsum,ID,md_mean_L8,ref,0.049,0.0,3,0,0;1;2;3;4;5;6;7;8;9;10;11;12;13;14;15;16;17;18;19;20;21;22;23;24;25;26;27;28;29;30;32
meta-llama/Meta-Llama-3.1-8B,samsum,ID,md_mean_L9,ref,0.048571,0.0,3,0,0;1;2;3;4;5;6;7;8;9;10;11;12;13;14;15;16;17;18;19;20;21;22;23;24;25;26;27;28;29;30;32
meta-llama/Meta-Llama-3.1-8B,samsum,ID,rmd_mean_L0,ref,-0.024264,0.0,3,0,0;1;2;3;4;5;6;7;8;9;10;11;12;13;14;15;16;17;18;19;20;21;22;23;24;25;26;27;28;29;30;32
meta-llama/Meta-Llama-3.1-8B,samsum,ID,rmd_mean_L1,ref,0.019237,0.0,3,0,0;1;2;3;4;5;6;7;8;9;10;11;12;13;14;15;16;17;18;19;20;21;22;23;24;25;26;27;28;29;30;32
meta-llama/Meta-Llama-3.1-8B,samsum,ID,rmd_mean_L10,ref,0.0975,0.0,3,0,0;1;2;3;4;5;6;7;8;9;10;11;12;13;14;15;16;17;18;19;20;21;22;23;24;25;26;27;28;29;30;32
meta-llama/Meta-Llama-3.1-8B,samsum,ID,rmd_mean_L11,ref,0.106639,0.0,3,0,0;1;2;3;4;5;6;7;8;9;10;11;12;13;14;15;16;17;18;19;20;21;22;23;24;25;26;27;28;29;30;32
meta-llama/Meta-Llama-3.1-8B,samsum,ID,rmd_mean_L12,ref,0.110098,0.0,3,0,0;1;2;3;4;5;6;7;8;9;10;11;12;13;14;15;16;17;18;19;20;21;22;23;24;25;26;27;28;29;30;32
meta-llama/Meta-Llama-3.1-8B,samsum,ID,rmd_mean_L13,ref,0.1196,0.0,3,0,0;1;2;3;4;5;6;7;8;9;10;11;12;13;14;15;16;17;18;19;20;21;22;23;24;25;26;27;28;29;30;32
meta-llama/Meta-Llama-3.1-8B,samsum,ID,rmd_mean_L14,ref,0.135032,0.0,3,0,0;1;2;3;4;5;6;7;8;9;10;11;12;13;14;15;16;17;18;19;20;21;22;23;24;25;26;27;28;29;30;32
meta-llama/Meta-Llama-3.1-8B,samsum,ID,rmd_mean_L15,ref,0.124621,0.0,3,0,0;1;2;3;4;5;6;7;8;9;10;11;12;13;14;15;16;17;18;19;20;21;22;23;24;25;26;27;28;29;30;32
meta-llama/Meta-Llama-3.1-8B,samsum,ID,rmd_mean_L16,ref,0.111439,0.0,3,0,0;1;2;3;4;5;6;7;8;9;10;11;12;13;14;15;16;17;18;19;20;21;22;23;24;25;26;27;28;29;30;32
meta-llama/Meta-Llama-3.1-8B,samsum,ID,rmd_mean_L17,ref,0.104075,0.0,3,0,0;1;2;3;4;5;6;7;8;9;10;11;12;13;14;15;16;17;18;19;20;21;22;23;24;25;26;27;28;29;30;32
meta-llama/Meta-Llama-3.1-8B,samsum,ID,rmd_mean_L18,ref,0.084008,0.0,3,0,0;1;2;3;4;5;6;7;8;9;10;11;12;13;14;15;16;17;18;19;20;21;22;23;24;25;26;27;28;29;30;32
meta-llama/Meta-Llama-3.1-8B,samsum,ID,rmd_mean_L19,ref,0.092803,0.0,3,0,0;1;2;3;4;5;6;7;8;9;10;11;12;13;14;15;16;17;18;19;20;21;22;23;24;25;26;27;28;29;30;32
meta-llama/Meta-Llama-3.1-8B,samsum,ID,rmd_mean_L2,ref,0.038247,0.0,3,0,0;1;2;3;4;5;6;7;8;9;10;11;12;13;14;15;16;17;18;19;20;21;22;23;24;25;26;27;28;29;30;32
meta-llama/Meta-Llama-3.1-8B,samsum,ID,rmd_mean_L20,ref,0.093599,0.0,3,0,0;1;2;3;4;5;6;7;8;9;10;11;12;13;14;15;16;17;18;19;20;21;22;23;24;25;26;27;28;29;30;32
meta-llama/Meta-Llama-3.1-8B,samsum,ID,rmd_mean_L21,ref,0.088784,0.0,3,0,0;1;2;3;4;5;6;7;8;9;10;11;12;13;14;15;16;17;18;19;20;21;22;23;24;25;26;27;28;29;30;32
meta-llama/Meta-Llama-3.1-8B,samsum,ID,rmd_mean_L22,ref,0.084479,0.0,3,0,0;1;2;3;4;5;6;7;8;9;10;11;12;13;14;15;16;17;18;19;20;21;22;23;24;25;26;27;28;29;30;32
meta-llama/Meta-Llama-3.1-8B,samsum,ID,rmd_mean_L23,ref,0.07738,0.0,3,0,0;1;2;3;4;5;6;7;8;9;10;11;12;13;14;15;16;17;18;19;20;21;22;23;24;25;26;27;28;29;30;32
meta-llama/Meta-Llama-3.1-8B,samsum,ID,rmd_mean_L24,ref,0.078021,0.0,3,0,0;1;2;3;4;5;6;7;8;9;10;11;12;13;14;15;16;17;18;19;20;21;22;23;24;25;26;27;28;29;30;32
meta-llama/Meta-Llama-3.1-8B,samsum,ID,rmd_mean_L25,ref,0.078482,0.0,3,0,0;1;2;3;4;5;6;7;8;9;10;11;12;13;14;15;16;17;18;19;20;21;22;23;24;25;26;27;28;29;30;32
meta-llama/Meta-Llama-3.1-8B,samsum,ID,rmd_mean_L26,ref,0.080956,0.0,3,0,0;1;2;3;4;5;6;7;8;9;10;11;12;13;14;15;16;17;18;19;20;21;22;23;24;25;26;27;28;29;30;32
meta-llama/Meta-Llama-3.1-8B,samsum,ID,rmd_mean_L27,ref,0.079155,0.0,3,0,0;1;2;3;4;5;6;7;8;9;10;11;12;13;14;15;16;17;18;19;20;21;22;23;24;25;26;27;28;29;30;32
meta-llama/Meta-Llama-3.1-8B,samsum,ID,rmd_mean_L28,ref,0.081474,0.0,3,0,0;1;2;3;4;5;6;7;8;9;10;11;12;13;14;15;16;17;18;19;20;21;22;23;24;25;26;27;28;29;30;32
meta-llama/Meta-Llama-3.1-8B,samsum,ID,rmd_mean_L29,ref,0.085413,0.0,3,0,0;1;2;3;4;5;6;7;8;9;10;11;12;13;14;15;16;17;18;19;20;21;22;23;24;25;26;27;28;29;30;32
meta-llama/Meta-Llama-3.1-8B,samsum,ID,rmd_mean_L3,ref,0.046784,0.0,3,0,0;1;2;3;4;5;6;7;8;9;10;11;12;13;14;15;16;17;18;19;20;21;22;23;24;25;26;27;28;29;30;32
meta-llama/Meta-Llama-3.1-8B,samsum,ID,rmd_mean_L30,ref,0.085808,0.0,3,0,0;1;2;3;4;5;6;7;8;9;10;11;12;13;14;15;16;17;18;19;20;21;22;23;24;25;26;27;28;29;30;32
meta-llama/Meta-Llama-3.1-8B,samsum,ID,rmd_mean_L32,ref,0.094035,0.0,3,0,0;1;2;3;4;5;6;7;8;9;10;11;12;13;14;15;16;17;18;19;20;21;22;23;24;25;26;27;28;29;30;32
meta-llama/Meta-Llama-3.1-8B,samsum,ID,rmd_mean_L4,ref,0.06109,0.0,3,0,0;1;2;3;4;5;6;7;8;9;10;11;12;13;14;15;16;17;18;19;20;21;22;23;24;25;26;27;28;29;30;32
meta-llama/Meta-Llama-3.1-8B,samsum,ID,rmd_mean_L5,ref,0.065613,0.0,3,0,0;1;2;3;4;5;6;7;8;9;10;11;12;13;14;15;16;17;18;19;20;21;22;23;24;25;26;27;28;29;30;32
meta-llama/Meta-Llama-3.1-8B,samsum,ID,rmd_mean_L6,ref,0.083339,0.0,3,0,0;1;2;3;4;5;6;7;8;9;10;11;12;13;14;15;16;17;18;19;20;21;22;23;24;25;26;27;28;29;30;32
meta-llama/Meta-Llama-3.1-8B,samsum,ID,rmd_mean_L7,ref,0.066049,0.0,3,0,0;1;2;3;4;5;6;7;8;9;10;11;12;13;14;15;16;17;18;19;20;21;22;23;24;25;26;27;28;29;30;32
meta-llama/Meta-Llama-3.1-8B,samsum,ID,rmd_mean_L8,ref,0.077252,0.0,3,0,0;1;2;3;4;5;6;7;8;9;10;11;12;13;14;15;16;17;18;19;20;21;22;23;24;25;26;27;28;29;30;32
meta-llama/Meta-Llama-3.1-8B,samsum,ID,rmd_mean_L9,ref,0.091146,0.0,3,0,0;1;2;3;4;5;6;7;8;9;10;11;12;13;14;15;16;17;18;19;20;21;22;23;24;25;26;27;28;29;30;32
meta-llama/Meta-Llama-3.1-8B,samsum,ID,satmd_alllayer,ref,0.089373,0.0,3,0,0;1;2;3;4;5;6;7;8;9;10;11;12;13;14;15;16;17;18;19;20;21;22;23;24;25;26;27;28;29;30;32
meta-llama/Meta-Llama-3.1-8B,samsum,ID,satrmd_alllayer,ref,0.1259,0.0,3,0,0;1;2;3;4;5;6;7;8;9;10;11;12;13;14;15;16;17;18;19;20;21;22;23;24;25;26;27;28;29;30;32
meta-llama/Meta-Llama-3.1-8B,samsum,LOO-long,huq_satmd_alllayer,ref,-0.244256,0.0361,3,0,0;1;2;3;4;5;6;7;8;9;10;11;12;13;14;15;16;17;18;19;20;21;22;23;24;25;26;27;28;29;30;32
meta-llama/Meta-Llama-3.1-8B,samsum,LOO-long,huq_satrmd_alllayer,ref,0.06176,0.017379,3,0,0;1;2;3;4;5;6;7;8;9;10;11;12;13;14;15;16;17;18;19;20;21;22;23;24;25;26;27;28;29;30;32
meta-llama/Meta-Llama-3.1-8B,samsum,LOO-long,md_mean_L0,ref,-0.029648,0.008307,3,0,0;1;2;3;4;5;6;7;8;9;10;11;12;13;14;15;16;17;18;19;20;21;22;23;24;25;26;27;28;29;30;32
meta-llama/Meta-Llama-3.1-8B,samsum,LOO-long,md_mean_L1,ref,0.022817,0.000149,3,0,0;1;2;3;4;5;6;7;8;9;10;11;12;13;14;15;16;17;18;19;20;21;22;23;24;25;26;27;28;29;30;32
meta-llama/Meta-Llama-3.1-8B,samsum,LOO-long,md_mean_L10,ref,-0.149403,0.010211,3,0,0;1;2;3;4;5;6;7;8;9;10;11;12;13;14;15;16;17;18;19;20;21;22;23;24;25;26;27;28;29;30;32
meta-llama/Meta-Llama-3.1-8B,samsum,LOO-long,md_mean_L11,ref,-0.13656,0.006924,3,0,0;1;2;3;4;5;6;7;8;9;10;11;12;13;14;15;16;17;18;19;20;21;22;23;24;25;26;27;28;29;30;32
meta-llama/Meta-Llama-3.1-8B,samsum,LOO-long,md_mean_L12,ref,-0.106386,0.007997,3,0,0;1;2;3;4;5;6;7;8;9;10;11;12;13;14;15;16;17;18;19;20;21;22;23;24;25;26;27;28;29;30;32
meta-llama/Meta-Llama-3.1-8B,samsum,LOO-long,md_mean_L13,ref,-0.08031,0.008516,3,0,0;1;2;3;4;5;6;7;8;9;10;11;12;13;14;15;16;17;18;19;20;21;22;23;24;25;26;27;28;29;30;32
meta-llama/Meta-Llama-3.1-8B,samsum,LOO-long,md_mean_L14,ref,-0.069258,0.010833,3,0,0;1;2;3;4;5;6;7;8;9;10;11;12;13;14;15;16;17;18;19;20;21;22;23;24;25;26;27;28;29;30;32
meta-llama/Meta-Llama-3.1-8B,samsum,LOO-long,md_mean_L15,ref,-0.039679,0.007206,3,0,0;1;2;3;4;5;6;7;8;9;10;11;12;13;14;15;16;17;18;19;20;21;22;23;24;25;26;27;28;29;30;32
meta-llama/Meta-Llama-3.1-8B,samsum,LOO-long,md_mean_L16,ref,-0.068512,0.005786,3,0,0;1;2;3;4;5;6;7;8;9;10;11;12;13;14;15;16;17;18;19;20;21;22;23;24;25;26;27;28;29;30;32
meta-llama/Meta-Llama-3.1-8B,samsum,LOO-long,md_mean_L17,ref,-0.047829,0.005087,3,0,0;1;2;3;4;5;6;7;8;9;10;11;12;13;14;15;16;17;18;19;20;21;22;23;24;25;26;27;28;29;30;32
meta-llama/Meta-Llama-3.1-8B,samsum,LOO-long,md_mean_L18,ref,-0.039508,0.005114,3,0,0;1;2;3;4;5;6;7;8;9;10;11;12;13;14;15;16;17;18;19;20;21;22;23;24;25;26;27;28;29;30;32
meta-llama/Meta-Llama-3.1-8B,samsum,LOO-long,md_mean_L19,ref,-0.056352,0.005546,3,0,0;1;2;3;4;5;6;7;8;9;10;11;12;13;14;15;16;17;18;19;20;21;22;23;24;25;26;27;28;29;30;32
meta-llama/Meta-Llama-3.1-8B,samsum,LOO-long,md_mean_L2,ref,0.010329,0.001585,3,0,0;1;2;3;4;5;6;7;8;9;10;11;12;13;14;15;16;17;18;19;20;21;22;23;24;25;26;27;28;29;30;32
meta-llama/Meta-Llama-3.1-8B,samsum,LOO-long,md_mean_L20,ref,-0.056257,0.007822,3,0,0;1;2;3;4;5;6;7;8;9;10;11;12;13;14;15;16;17;18;19;20;21;22;23;24;25;26;27;28;29;30;32
meta-llama/Meta-Llama-3.1-8B,samsum,LOO-long,md_mean_L21,ref,-0.071893,0.009299,3,0,0;1;2;3;4;5;6;7;8;9;10;11;12;13;14;15;16;17;18;19;20;21;22;23;24;25;26;27;28;29;30;32
meta-llama/Meta-Llama-3.1-8B,samsum,LOO-long,md_mean_L22,ref,-0.066942,0.009579,3,0,0;1;2;3;4;5;6;7;8;9;10;11;12;13;14;15;16;17;18;19;20;21;22;23;24;25;26;27;28;29;30;32
meta-llama/Meta-Llama-3.1-8B,samsum,LOO-long,md_mean_L23,ref,-0.079905,0.007604,3,0,0;1;2;3;4;5;6;7;8;9;10;11;12;13;14;15;16;17;18;19;20;21;22;23;24;25;26;27;28;29;30;32
meta-llama/Meta-Llama-3.1-8B,samsum,LOO-long,md_mean_L24,ref,-0.069275,0.007787,3,0,0;1;2;3;4;5;6;7;8;9;10;11;12;13;14;15;16;17;18;19;20;21;22;23;24;25;26;27;28;29;30;32
meta-llama/Meta-Llama-3.1-8B,samsum,LOO-long,md_mean_L25,ref,-0.063301,0.008201,3,0,0;1;2;3;4;5;6;7;8;9;10;11;12;13;14;15;16;17;18;19;20;21;22;23;24;25;26;27;28;29;30;32
meta-llama/Meta-Llama-3.1-8B,samsum,LOO-long,md_mean_L26,ref,-0.050853,0.007044,3,0,0;1;2;3;4;5;6;7;8;9;10;11;12;13;14;15;16;17;18;19;20;21;22;23;24;25;26;27;28;29;30;32
meta-llama/Meta-Llama-3.1-8B,samsum,LOO-long,md_mean_L27,ref,-0.038428,0.006252,3,0,0;1;2;3;4;5;6;7;8;9;10;11;12;13;14;15;16;17;18;19;20;21;22;23;24;25;26;27;28;29;30;32
meta-llama/Meta-Llama-3.1-8B,samsum,LOO-long,md_mean_L28,ref,-0.02343,0.005242,3,0,0;1;2;3;4;5;6;7;8;9;10;11;12;13;14;15;16;17;18;19;20;21;22;23;24;25;26;27;28;29;30;32
meta-llama/Meta-Llama-3.1-8B,samsum,LOO-long,md_mean_L29,ref,-0.013978,0.003976,3,0,0;1;2;3;4;5;6;7;8;9;10;11;12;13;14;15;16;17;18;19;20;21;22;23;24;25;26;27;28;29;30;32
meta-llama/Meta-Llama-3.1-8B,samsum,LOO-long,md_mean_L3,ref,-0.059202,0.005309,3,0,0;1;2;3;4;5;6;7;8;9;10;11;12;13;14;15;16;17;18;19;20;21;22;23;24;25;26;27;28;29;30;32
meta-llama/Meta-Llama-3.1-8B,samsum,LOO-long,md_mean_L30,ref,0.008474,0.00608,3,0,0;1;2;3;4;5;6;7;8;9;10;11;12;13;14;15;16;17;18;19;20;21;22;23;24;25;26;27;28;29;30;32
meta-llama/Meta-Llama-3.1-8B,samsum,LOO-long,md_mean_L32,ref,0.112409,0.001815,3,0,0;1;2;3;4;5;6;7;8;9;10;11;12;13;14;15;16;17;18;19;20;21;22;23;24;25;26;27;28;29;30;32
meta-llama/Meta-Llama-3.1-8B,samsum,LOO-long,md_mean_L4,ref,-0.072596,0.006228,3,0,0;1;2;3;4;5;6;7;8;9;10;11;12;13;14;15;16;17;18;19;20;21;22;23;24;25;26;27;28;29;30;32
meta-llama/Meta-Llama-3.1-8B,samsum,LOO-long,md_mean_L5,ref,-0.10055,0.006983,3,0,0;1;2;3;4;5;6;7;8;9;10;11;12;13;14;15;16;17;18;19;20;21;22;23;24;25;26;27;28;29;30;32
meta-llama/Meta-Llama-3.1-8B,samsum,LOO-long,md_mean_L6,ref,-0.131033,0.00996,3,0,0;1;2;3;4;5;6;7;8;9;10;11;12;13;14;15;16;17;18;19;20;21;22;23;24;25;26;27;28;29;30;32
meta-llama/Meta-Llama-3.1-8B,samsum,LOO-long,md_mean_L7,ref,-0.128197,0.009034,3,0,0;1;2;3;4;5;6;7;8;9;10;11;12;13;14;15;16;17;18;19;20;21;22;23;24;25;26;27;28;29;30;32
meta-llama/Meta-Llama-3.1-8B,samsum,LOO-long,md_mean_L8,ref,-0.173713,0.010712,3,0,0;1;2;3;4;5;6;7;8;9;10;11;12;13;14;15;16;17;18;19;20;21;22;23;24;25;26;27;28;29;30;32
meta-llama/Meta-Llama-3.1-8B,samsum,LOO-long,md_mean_L9,ref,-0.185339,0.009922,3,0,0;1;2;3;4;5;6;7;8;9;10;11;12;13;14;15;16;17;18;19;20;21;22;23;24;25;26;27;28;29;30;32
meta-llama/Meta-Llama-3.1-8B,samsum,LOO-long,rmd_mean_L0,ref,-0.136856,0.000319,3,0,0;1;2;3;4;5;6;7;8;9;10;11;12;13;14;15;16;17;18;19;20;21;22;23;24;25;26;27;28;29;30;32
meta-llama/Meta-Llama-3.1-8B,samsum,LOO-long,rmd_mean_L1,ref,-0.134809,0.001602,3,0,0;1;2;3;4;5;6;7;8;9;10;11;12;13;14;15;16;17;18;19;20;21;22;23;24;25;26;27;28;29;30;32
meta-llama/Meta-Llama-3.1-8B,samsum,LOO-long,rmd_mean_L10,ref,0.023538,0.006285,3,0,0;1;2;3;4;5;6;7;8;9;10;11;12;13;14;15;16;17;18;19;20;21;22;23;24;25;26;27;28;29;30;32
meta-llama/Meta-Llama-3.1-8B,samsum,LOO-long,rmd_mean_L11,ref,0.045098,0.003588,3,0,0;1;2;3;4;5;6;7;8;9;10;11;12;13;14;15;16;17;18;19;20;21;22;23;24;25;26;27;28;29;30;32
meta-llama/Meta-Llama-3.1-8B,samsum,LOO-long,rmd_mean_L12,ref,0.031969,0.005061,3,0,0;1;2;3;4;5;6;7;8;9;10;11;12;13;14;15;16;17;18;19;20;21;22;23;24;25;26;27;28;29;30;32
meta-llama/Meta-Llama-3.1-8B,samsum,LOO-long,rmd_mean_L13,ref,0.037169,0.008657,3,0,0;1;2;3;4;5;6;7;8;9;10;11;12;13;14;15;16;17;18;19;20;21;22;23;24;25;26;27;28;29;30;32
meta-llama/Meta-Llama-3.1-8B,samsum,LOO-long,rmd_mean_L14,ref,0.100679,0.008634,3,0,0;1;2;3;4;5;6;7;8;9;10;11;12;13;14;15;16;17;18;19;20;21;22;23;24;25;26;27;28;29;30;32
meta-llama/Meta-Llama-3.1-8B,samsum,LOO-long,rmd_mean_L15,ref,0.081021,0.010051,3,0,0;1;2;3;4;5;6;7;8;9;10;11;12;13;14;15;16;17;18;19;20;21;22;23;24;25;26;27;28;29;30;32
meta-llama/Meta-Llama-3.1-8B,samsum,LOO-long,rmd_mean_L16,ref,0.056025,0.00939,3,0,0;1;2;3;4;5;6;7;8;9;10;11;12;13;14;15;16;17;18;19;20;21;22;23;24;25;26;27;28;29;30;32
meta-llama/Meta-Llama-3.1-8B,samsum,LOO-long,rmd_mean_L17,ref,0.052935,0.008246,3,0,0;1;2;3;4;5;6;7;8;9;10;11;12;13;14;15;16;17;18;19;20;21;22;23;24;25;26;27;28;29;30;32
meta-llama/Meta-Llama-3.1-8B,samsum,LOO-long,rmd_mean_L18,ref,0.041714,0.013582,3,0,0;1;2;3;4;5;6;7;8;9;10;11;12;13;14;15;16;17;18;19;20;21;22;23;24;25;26;27;28;29;30;32
meta-llama/Meta-Llama-3.1-8B,samsum,LOO-long,rmd_mean_L19,ref,0.045639,0.010579,3,0,0;1;2;3;4;5;6;7;8;9;10;11;12;13;14;15;16;17;18;19;20;21;22;23;24;25;26;27;28;29;30;32
meta-llama/Meta-Llama-3.1-8B,samsum,LOO-long,rmd_mean_L2,ref,-0.12707,0.007652,3,0,0;1;2;3;4;5;6;7;8;9;10;11;12;13;14;15;16;17;18;19;20;21;22;23;24;25;26;27;28;29;30;32
meta-llama/Meta-Llama-3.1-8B,samsum,LOO-long,rmd_mean_L20,ref,0.045058,0.00799,3,0,0;1;2;3;4;5;6;7;8;9;10;11;12;13;14;15;16;17;18;19;20;21;22;23;24;25;26;27;28;29;30;32
meta-llama/Meta-Llama-3.1-8B,samsum,LOO-long,rmd_mean_L21,ref,0.041249,0.010539,3,0,0;1;2;3;4;5;6;7;8;9;10;11;12;13;14;15;16;17;18;19;20;21;22;23;24;25;26;27;28;29;30;32
meta-llama/Meta-Llama-3.1-8B,samsum,LOO-long,rmd_mean_L22,ref,0.040011,0.011237,3,0,0;1;2;3;4;5;6;7;8;9;10;11;12;13;14;15;16;17;18;19;20;21;22;23;24;25;26;27;28;29;30;32
meta-llama/Meta-Llama-3.1-8B,samsum,LOO-long,rmd_mean_L23,ref,0.034463,0.011895,3,0,0;1;2;3;4;5;6;7;8;9;10;11;12;13;14;15;16;17;18;19;20;21;22;23;24;25;26;27;28;29;30;32
meta-llama/Meta-Llama-3.1-8B,samsum,LOO-long,rmd_mean_L24,ref,0.04336,0.012223,3,0,0;1;2;3;4;5;6;7;8;9;10;11;12;13;14;15;16;17;18;19;20;21;22;23;24;25;26;27;28;29;30;32
meta-llama/Meta-Llama-3.1-8B,samsum,LOO-long,rmd_mean_L25,ref,0.043828,0.012951,3,0,0;1;2;3;4;5;6;7;8;9;10;11;12;13;14;15;16;17;18;19;20;21;22;23;24;25;26;27;28;29;30;32
meta-llama/Meta-Llama-3.1-8B,samsum,LOO-long,rmd_mean_L26,ref,0.042083,0.011599,3,0,0;1;2;3;4;5;6;7;8;9;10;11;12;13;14;15;16;17;18;19;20;21;22;23;24;25;26;27;28;29;30;32
meta-llama/Meta-Llama-3.1-8B,samsum,LOO-long,rmd_mean_L27,ref,0.047741,0.013408,3,0,0;1;2;3;4;5;6;7;8;9;10;11;12;13;14;15;16;17;18;19;20;21;22;23;24;25;26;27;28;29;30;32
meta-llama/Meta-Llama-3.1-8B,samsum,LOO-long,rmd_mean_L28,ref,0.052673,0.010954,3,0,0;1;2;3;4;5;6;7;8;9;10;11;12;13;14;15;16;17;18;19;20;21;22;23;24;25;26;27;28;29;30;32
meta-llama/Meta-Llama-3.1-8B,samsum,LOO-long,rmd_mean_L29,ref,0.055604,0.008823,3,0,0;1;2;3;4;5;6;7;8;9;10;11;12;13;14;15;16;17;18;19;20;21;22;23;24;25;26;27;28;29;30;32
meta-llama/Meta-Llama-3.1-8B,samsum,LOO-long,rmd_mean_L3,ref,-0.102062,0.010729,3,0,0;1;2;3;4;5;6;7;8;9;10;11;12;13;14;15;16;17;18;19;20;21;22;23;24;25;26;27;28;29;30;32
meta-llama/Meta-Llama-3.1-8B,samsum,LOO-long,rmd_mean_L30,ref,0.059652,0.006738,3,0,0;1;2;3;4;5;6;7;8;9;10;11;12;13;14;15;16;17;18;19;20;21;22;23;24;25;26;27;28;29;30;32
meta-llama/Meta-Llama-3.1-8B,samsum,LOO-long,rmd_mean_L32,ref,0.067681,0.008434,3,0,0;1;2;3;4;5;6;7;8;9;10;11;12;13;14;15;16;17;18;19;20;21;22;23;24;25;26;27;28;29;30;32
meta-llama/Meta-Llama-3.1-8B,samsum,LOO-long,rmd_mean_L4,ref,-0.093019,0.016552,3,0,0;1;2;3;4;5;6;7;8;9;10;11;12;13;14;15;16;17;18;19;20;21;22;23;24;25;26;27;28;29;30;32
meta-llama/Meta-Llama-3.1-8B,samsum,LOO-long,rmd_mean_L5,ref,-0.048645,0.016096,3,0,0;1;2;3;4;5;6;7;8;9;10;11;12;13;14;15;16;17;18;19;20;21;22;23;24;25;26;27;28;29;30;32
meta-llama/Meta-Llama-3.1-8B,samsum,LOO-long,rmd_mean_L6,ref,-0.00352,0.009019,3,0,0;1;2;3;4;5;6;7;8;9;10;11;12;13;14;15;16;17;18;19;20;21;22;23;24;25;26;27;28;29;30;32
meta-llama/Meta-Llama-3.1-8B,samsum,LOO-long,rmd_mean_L7,ref,-0.064946,0.013598,3,0,0;1;2;3;4;5;6;7;8;9;10;11;12;13;14;15;16;17;18;19;20;21;22;23;24;25;26;27;28;29;30;32
meta-llama/Meta-Llama-3.1-8B,samsum,LOO-long,rmd_mean_L8,ref,-0.045732,0.005342,3,0,0;1;2;3;4;5;6;7;8;9;10;11;12;13;14;15;16;17;18;19;20;21;22;23;24;25;26;27;28;29;30;32
meta-llama/Meta-Llama-3.1-8B,samsum,LOO-long,rmd_mean_L9,ref,-0.000234,0.008593,3,0,0;1;2;3;4;5;6;7;8;9;10;11;12;13;14;15;16;17;18;19;20;21;22;23;24;25;26;27;28;29;30;32
meta-llama/Meta-Llama-3.1-8B,samsum,LOO-long,satmd_alllayer,ref,-0.231947,0.038168,3,0,0;1;2;3;4;5;6;7;8;9;10;11;12;13;14;15;16;17;18;19;20;21;22;23;24;25;26;27;28;29;30;32
meta-llama/Meta-Llama-3.1-8B,samsum,LOO-long,satrmd_alllayer,ref,0.061834,0.018377,3,0,0;1;2;3;4;5;6;7;8;9;10;11;12;13;14;15;16;17;18;19;20;21;22;23;24;25;26;27;28;29;30;32
meta-llama/Meta-Llama-3.1-8B,samsum,SameTask-long,huq_satmd_alllayer,ref,-0.095474,0.070492,3,0,0;1;2;3;4;5;6;7;8;9;10;11;12;13;14;15;16;17;18;19;20;21;22;23;24;25;26;27;28;29;30;32
meta-llama/Meta-Llama-3.1-8B,samsum,SameTask-long,huq_satrmd_alllayer,ref,0.085653,0.063463,3,0,0;1;2;3;4;5;6;7;8;9;10;11;12;13;14;15;16;17;18;19;20;21;22;23;24;25;26;27;28;29;30;32
meta-llama/Meta-Llama-3.1-8B,samsum,SameTask-long,md_mean_L0,ref,0.003829,0.005262,3,0,0;1;2;3;4;5;6;7;8;9;10;11;12;13;14;15;16;17;18;19;20;21;22;23;24;25;26;27;28;29;30;32
meta-llama/Meta-Llama-3.1-8B,samsum,SameTask-long,md_mean_L1,ref,0.036704,0.006428,3,0,0;1;2;3;4;5;6;7;8;9;10;11;12;13;14;15;16;17;18;19;20;21;22;23;24;25;26;27;28;29;30;32
meta-llama/Meta-Llama-3.1-8B,samsum,SameTask-long,md_mean_L10,ref,-0.084385,0.003531,3,0,0;1;2;3;4;5;6;7;8;9;10;11;12;13;14;15;16;17;18;19;20;21;22;23;24;25;26;27;28;29;30;32
meta-llama/Meta-Llama-3.1-8B,samsum,SameTask-long,md_mean_L11,ref,-0.07666,0.005007,3,0,0;1;2;3;4;5;6;7;8;9;10;11;12;13;14;15;16;17;18;19;20;21;22;23;24;25;26;27;28;29;30;32
meta-llama/Meta-Llama-3.1-8B,samsum,SameTask-long,md_mean_L12,ref,-0.055103,0.005773,3,0,0;1;2;3;4;5;6;7;8;9;10;11;12;13;14;15;16;17;18;19;20;21;22;23;24;25;26;27;28;29;30;32
meta-llama/Meta-Llama-3.1-8B,samsum,SameTask-long,md_mean_L13,ref,-0.021243,0.008679,3,0,0;1;2;3;4;5;6;7;8;9;10;11;12;13;14;15;16;17;18;19;20;21;22;23;24;25;26;27;28;29;30;32
meta-llama/Meta-Llama-3.1-8B,samsum,SameTask-long,md_mean_L14,ref,-0.019139,0.007869,3,0,0;1;2;3;4;5;6;7;8;9;10;11;12;13;14;15;16;17;18;19;20;21;22;23;24;25;26;27;28;29;30;32
meta-llama/Meta-Llama-3.1-8B,samsum,SameTask-long,md_mean_L15,ref,-0.012203,0.009332,3,0,0;1;2;3;4;5;6;7;8;9;10;11;12;13;14;15;16;17;18;19;20;21;22;23;24;25;26;27;28;29;30;32
meta-llama/Meta-Llama-3.1-8B,samsum,SameTask-long,md_mean_L16,ref,-0.023963,0.007722,3,0,0;1;2;3;4;5;6;7;8;9;10;11;12;13;14;15;16;17;18;19;20;21;22;23;24;25;26;27;28;29;30;32
meta-llama/Meta-Llama-3.1-8B,samsum,SameTask-long,md_mean_L17,ref,-0.006201,0.008011,3,0,0;1;2;3;4;5;6;7;8;9;10;11;12;13;14;15;16;17;18;19;20;21;22;23;24;25;26;27;28;29;30;32
meta-llama/Meta-Llama-3.1-8B,samsum,SameTask-long,md_mean_L18,ref,0.000233,0.005879,3,0,0;1;2;3;4;5;6;7;8;9;10;11;12;13;14;15;16;17;18;19;20;21;22;23;24;25;26;27;28;29;30;32
meta-llama/Meta-Llama-3.1-8B,samsum,SameTask-long,md_mean_L19,ref,-0.007403,0.00618,3,0,0;1;2;3;4;5;6;7;8;9;10;11;12;13;14;15;16;17;18;19;20;21;22;23;24;25;26;27;28;29;30;32
meta-llama/Meta-Llama-3.1-8B,samsum,SameTask-long,md_mean_L2,ref,0.021685,0.004866,3,0,0;1;2;3;4;5;6;7;8;9;10;11;12;13;14;15;16;17;18;19;20;21;22;23;24;25;26;27;28;29;30;32
meta-llama/Meta-Llama-3.1-8B,samsum,SameTask-long,md_mean_L20,ref,-0.014964,0.001419,3,0,0;1;2;3;4;5;6;7;8;9;10;11;12;13;14;15;16;17;18;19;20;21;22;23;24;25;26;27;28;29;30;32
meta-llama/Meta-Llama-3.1-8B,samsum,SameTask-long,md_mean_L21,ref,-0.023994,0.003937,3,0,0;1;2;3;4;5;6;7;8;9;10;11;12;13;14;15;16;17;18;19;20;21;22;23;24;25;26;27;28;29;30;32
meta-llama/Meta-Llama-3.1-8B,samsum,SameTask-long,md_mean_L22,ref,-0.020885,0.003178,3,0,0;1;2;3;4;5;6;7;8;9;10;11;12;13;14;15;16;17;18;19;20;21;22;23;24;25;26;27;28;29;30;32
meta-llama/Meta-Llama-3.1-8B,samsum,SameTask-long,md_mean_L23,ref,-0.026119,0.00459,3,0,0;1;2;3;4;5;6;7;8;9;10;11;12;13;14;15;16;17;18;19;20;21;22;23;24;25;26;27;28;29;30;32
meta-llama/Meta-Llama-3.1-8B,samsum,SameTask-long,md_mean_L24,ref,-0.024767,0.004108,3,0,0;1;2;3;4;5;6;7;8;9;10;11;12;13;14;15;16;17;18;19;20;21;22;23;24;25;26;27;28;29;30;32
meta-llama/Meta-Llama-3.1-8B,samsum,SameTask-long,md_mean_L25,ref,-0.016983,0.005286,3,0,0;1;2;3;4;5;6;7;8;9;10;11;12;13;14;15;16;17;18;19;20;21;22;23;24;25;26;27;28;29;30;32
meta-llama/Meta-Llama-3.1-8B,samsum,SameTask-long,md_mean_L26,ref,-0.010058,0.003899,3,0,0;1;2;3;4;5;6;7;8;9;10;11;12;13;14;15;16;17;18;19;20;21;22;23;24;25;26;27;28;29;30;32
meta-llama/Meta-Llama-3.1-8B,samsum,SameTask-long,md_mean_L27,ref,-0.001959,0.002169,3,0,0;1;2;3;4;5;6;7;8;9;10;11;12;13;14;15;16;17;18;19;20;21;22;23;24;25;26;27;28;29;30;32
meta-llama/Meta-Llama-3.1-8B,samsum,SameTask-long,md_mean_L28,ref,0.004222,0.00329,3,0,0;1;2;3;4;5;6;7;8;9;10;11;12;13;14;15;16;17;18;19;20;21;22;23;24;25;26;27;28;29;30;32
meta-llama/Meta-Llama-3.1-8B,samsum,SameTask-long,md_mean_L29,ref,0.010577,0.002952,3,0,0;1;2;3;4;5;6;7;8;9;10;11;12;13;14;15;16;17;18;19;20;21;22;23;24;25;26;27;28;29;30;32
meta-llama/Meta-Llama-3.1-8B,samsum,SameTask-long,md_mean_L3,ref,-0.028262,0.005275,3,0,0;1;2;3;4;5;6;7;8;9;10;11;12;13;14;15;16;17;18;19;20;21;22;23;24;25;26;27;28;29;30;32
meta-llama/Meta-Llama-3.1-8B,samsum,SameTask-long,md_mean_L30,ref,0.023709,0.002293,3,0,0;1;2;3;4;5;6;7;8;9;10;11;12;13;14;15;16;17;18;19;20;21;22;23;24;25;26;27;28;29;30;32
meta-llama/Meta-Llama-3.1-8B,samsum,SameTask-long,md_mean_L32,ref,0.090065,0.003753,3,0,0;1;2;3;4;5;6;7;8;9;10;11;12;13;14;15;16;17;18;19;20;21;22;23;24;25;26;27;28;29;30;32
meta-llama/Meta-Llama-3.1-8B,samsum,SameTask-long,md_mean_L4,ref,-0.033046,0.001656,3,0,0;1;2;3;4;5;6;7;8;9;10;11;12;13;14;15;16;17;18;19;20;21;22;23;24;25;26;27;28;29;30;32
meta-llama/Meta-Llama-3.1-8B,samsum,SameTask-long,md_mean_L5,ref,-0.063072,0.001677,3,0,0;1;2;3;4;5;6;7;8;9;10;11;12;13;14;15;16;17;18;19;20;21;22;23;24;25;26;27;28;29;30;32
meta-llama/Meta-Llama-3.1-8B,samsum,SameTask-long,md_mean_L6,ref,-0.088342,0.003817,3,0,0;1;2;3;4;5;6;7;8;9;10;11;12;13;14;15;16;17;18;19;20;21;22;23;24;25;26;27;28;29;30;32
meta-llama/Meta-Llama-3.1-8B,samsum,SameTask-long,md_mean_L7,ref,-0.083788,0.005713,3,0,0;1;2;3;4;5;6;7;8;9;10;11;12;13;14;15;16;17;18;19;20;21;22;23;24;25;26;27;28;29;30;32
meta-llama/Meta-Llama-3.1-8B,samsum,SameTask-long,md_mean_L8,ref,-0.117641,0.004421,3,0,0;1;2;3;4;5;6;7;8;9;10;11;12;13;14;15;16;17;18;19;20;21;22;23;24;25;26;27;28;29;30;32
meta-llama/Meta-Llama-3.1-8B,samsum,SameTask-long,md_mean_L9,ref,-0.115801,0.004955,3,0,0;1;2;3;4;5;6;7;8;9;10;11;12;13;14;15;16;17;18;19;20;21;22;23;24;25;26;27;28;29;30;32
meta-llama/Meta-Llama-3.1-8B,samsum,SameTask-long,rmd_mean_L0,ref,-0.126362,0.002219,3,0,0;1;2;3;4;5;6;7;8;9;10;11;12;13;14;15;16;17;18;19;20;21;22;23;24;25;26;27;28;29;30;32
meta-llama/Meta-Llama-3.1-8B,samsum,SameTask-long,rmd_mean_L1,ref,-0.097148,0.004756,3,0,0;1;2;3;4;5;6;7;8;9;10;11;12;13;14;15;16;17;18;19;20;21;22;23;24;25;26;27;28;29;30;32
meta-llama/Meta-Llama-3.1-8B,samsum,SameTask-long,rmd_mean_L10,ref,0.036085,0.003441,3,0,0;1;2;3;4;5;6;7;8;9;10;11;12;13;14;15;16;17;18;19;20;21;22;23;24;25;26;27;28;29;30;32
meta-llama/Meta-Llama-3.1-8B,samsum,SameTask-long,rmd_mean_L11,ref,0.039535,0.006193,3,0,0;1;2;3;4;5;6;7;8;9;10;11;12;13;14;15;16;17;18;19;20;21;22;23;24;25;26;27;28;29;30;32
meta-llama/Meta-Llama-3.1-8B,samsum,SameTask-long,rmd_mean_L12,ref,0.027477,0.007156,3,0,0;1;2;3;4;5;6;7;8;9;10;11;12;13;14;15;16;17;18;19;20;21;22;23;24;25;26;27;28;29;30;32
meta-llama/Meta-Llama-3.1-8B,samsum,SameTask-long,rmd_mean_L13,ref,0.040876,0.00877,3,0,0;1;2;3;4;5;6;7;8;9;10;11;12;13;14;15;16;17;18;19;20;21;22;23;24;25;26;27;28;29;30;32
meta-llama/Meta-Llama-3.1-8B,samsum,SameTask-long,rmd_mean_L14,ref,0.076059,0.008055,3,0,0;1;2;3;4;5;6;7;8;9;10;11;12;13;14;15;16;17;18;19;20;21;22;23;24;25;26;27;28;29;30;32
meta-llama/Meta-Llama-3.1-8B,samsum,SameTask-long,rmd_mean_L15,ref,0.066447,0.006696,3,0,0;1;2;3;4;5;6;7;8;9;10;11;12;13;14;15;16;17;18;19;20;21;22;23;24;25;26;27;28;29;30;32
meta-llama/Meta-Llama-3.1-8B,samsum,SameTask-long,rmd_mean_L16,ref,0.064985,0.005397,3,0,0;1;2;3;4;5;6;7;8;9;10;11;12;13;14;15;16;17;18;19;20;21;22;23;24;25;26;27;28;29;30;32
meta-llama/Meta-Llama-3.1-8B,samsum,SameTask-long,rmd_mean_L17,ref,0.057241,0.006937,3,0,0;1;2;3;4;5;6;7;8;9;10;11;12;13;14;15;16;17;18;19;20;21;22;23;24;25;26;27;28;29;30;32
meta-llama/Meta-Llama-3.1-8B,samsum,SameTask-long,rmd_mean_L18,ref,0.053695,0.005662,3,0,0;1;2;3;4;5;6;7;8;9;10;11;12;13;14;15;16;17;18;19;20;21;22;23;24;25;26;27;28;29;30;32
meta-llama/Meta-Llama-3.1-8B,samsum,SameTask-long,rmd_mean_L19,ref,0.052891,0.004856,3,0,0;1;2;3;4;5;6;7;8;9;10;11;12;13;14;15;16;17;18;19;20;21;22;23;24;25;26;27;28;29;30;32
meta-llama/Meta-Llama-3.1-8B,samsum,SameTask-long,rmd_mean_L2,ref,-0.040133,0.009399,3,0,0;1;2;3;4;5;6;7;8;9;10;11;12;13;14;15;16;17;18;19;20;21;22;23;24;25;26;27;28;29;30;32
meta-llama/Meta-Llama-3.1-8B,samsum,SameTask-long,rmd_mean_L20,ref,0.049973,0.004853,3,0,0;1;2;3;4;5;6;7;8;9;10;11;12;13;14;15;16;17;18;19;20;21;22;23;24;25;26;27;28;29;30;32
meta-llama/Meta-Llama-3.1-8B,samsum,SameTask-long,rmd_mean_L21,ref,0.048666,0.004334,3,0,0;1;2;3;4;5;6;7;8;9;10;11;12;13;14;15;16;17;18;19;20;21;22;23;24;25;26;27;28;29;30;32
meta-llama/Meta-Llama-3.1-8B,samsum,SameTask-long,rmd_mean_L22,ref,0.05075,0.004429,3,0,0;1;2;3;4;5;6;7;8;9;10;11;12;13;14;15;16;17;18;19;20;21;22;23;24;25;26;27;28;29;30;32
meta-llama/Meta-Llama-3.1-8B,samsum,SameTask-long,rmd_mean_L23,ref,0.047495,0.003374,3,0,0;1;2;3;4;5;6;7;8;9;10;11;12;13;14;15;16;17;18;19;20;21;22;23;24;25;26;27;28;29;30;32
meta-llama/Meta-Llama-3.1-8B,samsum,SameTask-long,rmd_mean_L24,ref,0.051317,0.003461,3,0,0;1;2;3;4;5;6;7;8;9;10;11;12;13;14;15;16;17;18;19;20;21;22;23;24;25;26;27;28;29;30;32
meta-llama/Meta-Llama-3.1-8B,samsum,SameTask-long,rmd_mean_L25,ref,0.051401,0.003638,3,0,0;1;2;3;4;5;6;7;8;9;10;11;12;13;14;15;16;17;18;19;20;21;22;23;24;25;26;27;28;29;30;32
meta-llama/Meta-Llama-3.1-8B,samsum,SameTask-long,rmd_mean_L26,ref,0.053908,0.002276,3,0,0;1;2;3;4;5;6;7;8;9;10;11;12;13;14;15;16;17;18;19;20;21;22;23;24;25;26;27;28;29;30;32
meta-llama/Meta-Llama-3.1-8B,samsum,SameTask-long,rmd_mean_L27,ref,0.057154,0.002418,3,0,0;1;2;3;4;5;6;7;8;9;10;11;12;13;14;15;16;17;18;19;20;21;22;23;24;25;26;27;28;29;30;32
meta-llama/Meta-Llama-3.1-8B,samsum,SameTask-long,rmd_mean_L28,ref,0.059543,0.002984,3,0,0;1;2;3;4;5;6;7;8;9;10;11;12;13;14;15;16;17;18;19;20;21;22;23;24;25;26;27;28;29;30;32
meta-llama/Meta-Llama-3.1-8B,samsum,SameTask-long,rmd_mean_L29,ref,0.059877,0.001587,3,0,0;1;2;3;4;5;6;7;8;9;10;11;12;13;14;15;16;17;18;19;20;21;22;23;24;25;26;27;28;29;30;32
meta-llama/Meta-Llama-3.1-8B,samsum,SameTask-long,rmd_mean_L3,ref,-0.024385,0.008934,3,0,0;1;2;3;4;5;6;7;8;9;10;11;12;13;14;15;16;17;18;19;20;21;22;23;24;25;26;27;28;29;30;32
meta-llama/Meta-Llama-3.1-8B,samsum,SameTask-long,rmd_mean_L30,ref,0.063727,0.002938,3,0,0;1;2;3;4;5;6;7;8;9;10;11;12;13;14;15;16;17;18;19;20;21;22;23;24;25;26;27;28;29;30;32
meta-llama/Meta-Llama-3.1-8B,samsum,SameTask-long,rmd_mean_L32,ref,0.077533,0.001625,3,0,0;1;2;3;4;5;6;7;8;9;10;11;12;13;14;15;16;17;18;19;20;21;22;23;24;25;26;27;28;29;30;32
meta-llama/Meta-Llama-3.1-8B,samsum,SameTask-long,rmd_mean_L4,ref,-0.01209,0.004783,3,0,0;1;2;3;4;5;6;7;8;9;10;11;12;13;14;15;16;17;18;19;20;21;22;23;24;25;26;27;28;29;30;32
meta-llama/Meta-Llama-3.1-8B,samsum,SameTask-long,rmd_mean_L5,ref,-0.002806,0.004263,3,0,0;1;2;3;4;5;6;7;8;9;10;11;12;13;14;15;16;17;18;19;20;21;22;23;24;25;26;27;28;29;30;32
meta-llama/Meta-Llama-3.1-8B,samsum,SameTask-long,rmd_mean_L6,ref,0.002996,0.00322,3,0,0;1;2;3;4;5;6;7;8;9;10;11;12;13;14;15;16;17;18;19;20;21;22;23;24;25;26;27;28;29;30;32
meta-llama/Meta-Llama-3.1-8B,samsum,SameTask-long,rmd_mean_L7,ref,-0.02046,0.004065,3,0,0;1;2;3;4;5;6;7;8;9;10;11;12;13;14;15;16;17;18;19;20;21;22;23;24;25;26;27;28;29;30;32
meta-llama/Meta-Llama-3.1-8B,samsum,SameTask-long,rmd_mean_L8,ref,-0.025204,0.005195,3,0,0;1;2;3;4;5;6;7;8;9;10;11;12;13;14;15;16;17;18;19;20;21;22;23;24;25;26;27;28;29;30;32
meta-llama/Meta-Llama-3.1-8B,samsum,SameTask-long,rmd_mean_L9,ref,0.004119,0.004669,3,0,0;1;2;3;4;5;6;7;8;9;10;11;12;13;14;15;16;17;18;19;20;21;22;23;24;25;26;27;28;29;30;32
meta-llama/Meta-Llama-3.1-8B,samsum,SameTask-long,satmd_alllayer,ref,-0.092222,0.068213,3,0,0;1;2;3;4;5;6;7;8;9;10;11;12;13;14;15;16;17;18;19;20;21;22;23;24;25;26;27;28;29;30;32
meta-llama/Meta-Llama-3.1-8B,samsum,SameTask-long,satrmd_alllayer,ref,0.093771,0.06457,3,0,0;1;2;3;4;5;6;7;8;9;10;11;12;13;14;15;16;17;18;19;20;21;22;23;24;25;26;27;28;29;30;32
meta-llama/Meta-Llama-3.1-8B,xsum,1ds-Diff-long,huq_satmd_alllayer,ref,-0.182825,0.0,3,0,0;1;2;3;4;5;6;7;8;9;10;11;12;13;14;15;16;17;18;19;20;21;22;23;24;25;26;27;28;29;30;32
meta-llama/Meta-Llama-3.1-8B,xsum,1ds-Diff-long,huq_satrmd_alllayer,ref,-0.15368,0.0,3,0,0;1;2;3;4;5;6;7;8;9;10;11;12;13;14;15;16;17;18;19;20;21;22;23;24;25;26;27;28;29;30;32
meta-llama/Meta-Llama-3.1-8B,xsum,1ds-Diff-long,md_mean_L0,ref,-0.002495,0.0,3,0,0;1;2;3;4;5;6;7;8;9;10;11;12;13;14;15;16;17;18;19;20;21;22;23;24;25;26;27;28;29;30;32
meta-llama/Meta-Llama-3.1-8B,xsum,1ds-Diff-long,md_mean_L1,ref,0.034525,0.0,3,0,0;1;2;3;4;5;6;7;8;9;10;11;12;13;14;15;16;17;18;19;20;21;22;23;24;25;26;27;28;29;30;32
meta-llama/Meta-Llama-3.1-8B,xsum,1ds-Diff-long,md_mean_L10,ref,-0.067164,0.0,3,0,0;1;2;3;4;5;6;7;8;9;10;11;12;13;14;15;16;17;18;19;20;21;22;23;24;25;26;27;28;29;30;32
meta-llama/Meta-Llama-3.1-8B,xsum,1ds-Diff-long,md_mean_L11,ref,-0.043621,0.0,3,0,0;1;2;3;4;5;6;7;8;9;10;11;12;13;14;15;16;17;18;19;20;21;22;23;24;25;26;27;28;29;30;32
meta-llama/Meta-Llama-3.1-8B,xsum,1ds-Diff-long,md_mean_L12,ref,-0.042312,0.0,3,0,0;1;2;3;4;5;6;7;8;9;10;11;12;13;14;15;16;17;18;19;20;21;22;23;24;25;26;27;28;29;30;32
meta-llama/Meta-Llama-3.1-8B,xsum,1ds-Diff-long,md_mean_L13,ref,-0.055509,0.0,3,0,0;1;2;3;4;5;6;7;8;9;10;11;12;13;14;15;16;17;18;19;20;21;22;23;24;25;26;27;28;29;30;32
meta-llama/Meta-Llama-3.1-8B,xsum,1ds-Diff-long,md_mean_L14,ref,-0.070402,0.0,3,0,0;1;2;3;4;5;6;7;8;9;10;11;12;13;14;15;16;17;18;19;20;21;22;23;24;25;26;27;28;29;30;32
meta-llama/Meta-Llama-3.1-8B,xsum,1ds-Diff-long,md_mean_L15,ref,-0.13179,0.0,3,0,0;1;2;3;4;5;6;7;8;9;10;11;12;13;14;15;16;17;18;19;20;21;22;23;24;25;26;27;28;29;30;32
meta-llama/Meta-Llama-3.1-8B,xsum,1ds-Diff-long,md_mean_L16,ref,-0.124991,0.0,3,0,0;1;2;3;4;5;6;7;8;9;10;11;12;13;14;15;16;17;18;19;20;21;22;23;24;25;26;27;28;29;30;32
meta-llama/Meta-Llama-3.1-8B,xsum,1ds-Diff-long,md_mean_L17,ref,-0.133911,0.0,3,0,0;1;2;3;4;5;6;7;8;9;10;11;12;13;14;15;16;17;18;19;20;21;22;23;24;25;26;27;28;29;30;32
meta-llama/Meta-Llama-3.1-8B,xsum,1ds-Diff-long,md_mean_L18,ref,-0.133796,0.0,3,0,0;1;2;3;4;5;6;7;8;9;10;11;12;13;14;15;16;17;18;19;20;21;22;23;24;25;26;27;28;29;30;32
meta-llama/Meta-Llama-3.1-8B,xsum,1ds-Diff-long,md_mean_L19,ref,-0.144562,0.0,3,0,0;1;2;3;4;5;6;7;8;9;10;11;12;13;14;15;16;17;18;19;20;21;22;23;24;25;26;27;28;29;30;32
meta-llama/Meta-Llama-3.1-8B,xsum,1ds-Diff-long,md_mean_L2,ref,0.051898,0.0,3,0,0;1;2;3;4;5;6;7;8;9;10;11;12;13;14;15;16;17;18;19;20;21;22;23;24;25;26;27;28;29;30;32
meta-llama/Meta-Llama-3.1-8B,xsum,1ds-Diff-long,md_mean_L20,ref,-0.146498,0.0,3,0,0;1;2;3;4;5;6;7;8;9;10;11;12;13;14;15;16;17;18;19;20;21;22;23;24;25;26;27;28;29;30;32
meta-llama/Meta-Llama-3.1-8B,xsum,1ds-Diff-long,md_mean_L21,ref,-0.151711,0.0,3,0,0;1;2;3;4;5;6;7;8;9;10;11;12;13;14;15;16;17;18;19;20;21;22;23;24;25;26;27;28;29;30;32
meta-llama/Meta-Llama-3.1-8B,xsum,1ds-Diff-long,md_mean_L22,ref,-0.162307,0.0,3,0,0;1;2;3;4;5;6;7;8;9;10;11;12;13;14;15;16;17;18;19;20;21;22;23;24;25;26;27;28;29;30;32
meta-llama/Meta-Llama-3.1-8B,xsum,1ds-Diff-long,md_mean_L23,ref,-0.168167,0.0,3,0,0;1;2;3;4;5;6;7;8;9;10;11;12;13;14;15;16;17;18;19;20;21;22;23;24;25;26;27;28;29;30;32
meta-llama/Meta-Llama-3.1-8B,xsum,1ds-Diff-long,md_mean_L24,ref,-0.169297,0.0,3,0,0;1;2;3;4;5;6;7;8;9;10;11;12;13;14;15;16;17;18;19;20;21;22;23;24;25;26;27;28;29;30;32
meta-llama/Meta-Llama-3.1-8B,xsum,1ds-Diff-long,md_mean_L25,ref,-0.172553,0.0,3,0,0;1;2;3;4;5;6;7;8;9;10;11;12;13;14;15;16;17;18;19;20;21;22;23;24;25;26;27;28;29;30;32
meta-llama/Meta-Llama-3.1-8B,xsum,1ds-Diff-long,md_mean_L26,ref,-0.177809,0.0,3,0,0;1;2;3;4;5;6;7;8;9;10;11;12;13;14;15;16;17;18;19;20;21;22;23;24;25;26;27;28;29;30;32
meta-llama/Meta-Llama-3.1-8B,xsum,1ds-Diff-long,md_mean_L27,ref,-0.180936,0.0,3,0,0;1;2;3;4;5;6;7;8;9;10;11;12;13;14;15;16;17;18;19;20;21;22;23;24;25;26;27;28;29;30;32
meta-llama/Meta-Llama-3.1-8B,xsum,1ds-Diff-long,md_mean_L28,ref,-0.180032,0.0,3,0,0;1;2;3;4;5;6;7;8;9;10;11;12;13;14;15;16;17;18;19;20;21;22;23;24;25;26;27;28;29;30;32
meta-llama/Meta-Llama-3.1-8B,xsum,1ds-Diff-long,md_mean_L29,ref,-0.182809,0.0,3,0,0;1;2;3;4;5;6;7;8;9;10;11;12;13;14;15;16;17;18;19;20;21;22;23;24;25;26;27;28;29;30;32
meta-llama/Meta-Llama-3.1-8B,xsum,1ds-Diff-long,md_mean_L3,ref,0.003242,0.0,3,0,0;1;2;3;4;5;6;7;8;9;10;11;12;13;14;15;16;17;18;19;20;21;22;23;24;25;26;27;28;29;30;32
meta-llama/Meta-Llama-3.1-8B,xsum,1ds-Diff-long,md_mean_L30,ref,-0.172496,0.0,3,0,0;1;2;3;4;5;6;7;8;9;10;11;12;13;14;15;16;17;18;19;20;21;22;23;24;25;26;27;28;29;30;32
meta-llama/Meta-Llama-3.1-8B,xsum,1ds-Diff-long,md_mean_L32,ref,-0.144321,0.0,3,0,0;1;2;3;4;5;6;7;8;9;10;11;12;13;14;15;16;17;18;19;20;21;22;23;24;25;26;27;28;29;30;32
meta-llama/Meta-Llama-3.1-8B,xsum,1ds-Diff-long,md_mean_L4,ref,-0.042625,0.0,3,0,0;1;2;3;4;5;6;7;8;9;10;11;12;13;14;15;16;17;18;19;20;21;22;23;24;25;26;27;28;29;30;32
meta-llama/Meta-Llama-3.1-8B,xsum,1ds-Diff-long,md_mean_L5,ref,-0.063535,0.0,3,0,0;1;2;3;4;5;6;7;8;9;10;11;12;13;14;15;16;17;18;19;20;21;22;23;24;25;26;27;28;29;30;32
meta-llama/Meta-Llama-3.1-8B,xsum,1ds-Diff-long,md_mean_L6,ref,-0.099898,0.0,3,0,0;1;2;3;4;5;6;7;8;9;10;11;12;13;14;15;16;17;18;19;20;21;22;23;24;25;26;27;28;29;30;32
meta-llama/Meta-Llama-3.1-8B,xsum,1ds-Diff-long,md_mean_L7,ref,-0.095528,0.0,3,0,0;1;2;3;4;5;6;7;8;9;10;11;12;13;14;15;16;17;18;19;20;21;22;23;24;25;26;27;28;29;30;32
meta-llama/Meta-Llama-3.1-8B,xsum,1ds-Diff-long,md_mean_L8,ref,-0.09124,0.0,3,0,0;1;2;3;4;5;6;7;8;9;10;11;12;13;14;15;16;17;18;19;20;21;22;23;24;25;26;27;28;29;30;32
meta-llama/Meta-Llama-3.1-8B,xsum,1ds-Diff-long,md_mean_L9,ref,-0.074177,0.0,3,0,0;1;2;3;4;5;6;7;8;9;10;11;12;13;14;15;16;17;18;19;20;21;22;23;24;25;26;27;28;29;30;32
meta-llama/Meta-Llama-3.1-8B,xsum,1ds-Diff-long,msp_satmd_alllayer,ref,-0.027313,0.0,3,0,0;1;2;3;4;5;6;7;8;9;10;11;12;13;14;15;16;17;18;19;20;21;22;23;24;25;26;27;28;29;30;32
meta-llama/Meta-Llama-3.1-8B,xsum,1ds-Diff-long,msp_satrmd_alllayer,ref,-0.112104,0.0,3,0,0;1;2;3;4;5;6;7;8;9;10;11;12;13;14;15;16;17;18;19;20;21;22;23;24;25;26;27;28;29;30;32
meta-llama/Meta-Llama-3.1-8B,xsum,1ds-Diff-long,rmd_mean_L0,ref,0.023695,0.0,3,0,0;1;2;3;4;5;6;7;8;9;10;11;12;13;14;15;16;17;18;19;20;21;22;23;24;25;26;27;28;29;30;32
meta-llama/Meta-Llama-3.1-8B,xsum,1ds-Diff-long,rmd_mean_L1,ref,0.05606,0.0,3,0,0;1;2;3;4;5;6;7;8;9;10;11;12;13;14;15;16;17;18;19;20;21;22;23;24;25;26;27;28;29;30;32
meta-llama/Meta-Llama-3.1-8B,xsum,1ds-Diff-long,rmd_mean_L10,ref,-0.071641,0.0,3,0,0;1;2;3;4;5;6;7;8;9;10;11;12;13;14;15;16;17;18;19;20;21;22;23;24;25;26;27;28;29;30;32
meta-llama/Meta-Llama-3.1-8B,xsum,1ds-Diff-long,rmd_mean_L11,ref,-0.05558,0.0,3,0,0;1;2;3;4;5;6;7;8;9;10;11;12;13;14;15;16;17;18;19;20;21;22;23;24;25;26;27;28;29;30;32
meta-llama/Meta-Llama-3.1-8B,xsum,1ds-Diff-long,rmd_mean_L12,ref,-0.047171,0.0,3,0,0;1;2;3;4;5;6;7;8;9;10;11;12;13;14;15;16;17;18;19;20;21;22;23;24;25;26;27;28;29;30;32
meta-llama/Meta-Llama-3.1-8B,xsum,1ds-Diff-long,rmd_mean_L13,ref,-0.058396,0.0,3,0,0;1;2;3;4;5;6;7;8;9;10;11;12;13;14;15;16;17;18;19;20;21;22;23;24;25;26;27;28;29;30;32
meta-llama/Meta-Llama-3.1-8B,xsum,1ds-Diff-long,rmd_mean_L14,ref,-0.060961,0.0,3,0,0;1;2;3;4;5;6;7;8;9;10;11;12;13;14;15;16;17;18;19;20;21;22;23;24;25;26;27;28;29;30;32
meta-llama/Meta-Llama-3.1-8B,xsum,1ds-Diff-long,rmd_mean_L15,ref,-0.105014,0.0,3,0,0;1;2;3;4;5;6;7;8;9;10;11;12;13;14;15;16;17;18;19;20;21;22;23;24;25;26;27;28;29;30;32
meta-llama/Meta-Llama-3.1-8B,xsum,1ds-Diff-long,rmd_mean_L16,ref,-0.101296,0.0,3,0,0;1;2;3;4;5;6;7;8;9;10;11;12;13;14;15;16;17;18;19;20;21;22;23;24;25;26;27;28;29;30;32
meta-llama/Meta-Llama-3.1-8B,xsum,1ds-Diff-long,rmd_mean_L17,ref,-0.110934,0.0,3,0,0;1;2;3;4;5;6;7;8;9;10;11;12;13;14;15;16;17;18;19;20;21;22;23;24;25;26;27;28;29;30;32
meta-llama/Meta-Llama-3.1-8B,xsum,1ds-Diff-long,rmd_mean_L18,ref,-0.109627,0.0,3,0,0;1;2;3;4;5;6;7;8;9;10;11;12;13;14;15;16;17;18;19;20;21;22;23;24;25;26;27;28;29;30;32
meta-llama/Meta-Llama-3.1-8B,xsum,1ds-Diff-long,rmd_mean_L19,ref,-0.112677,0.0,3,0,0;1;2;3;4;5;6;7;8;9;10;11;12;13;14;15;16;17;18;19;20;21;22;23;24;25;26;27;28;29;30;32
meta-llama/Meta-Llama-3.1-8B,xsum,1ds-Diff-long,rmd_mean_L2,ref,0.05876,0.0,3,0,0;1;2;3;4;5;6;7;8;9;10;11;12;13;14;15;16;17;18;19;20;21;22;23;24;25;26;27;28;29;30;32
meta-llama/Meta-Llama-3.1-8B,xsum,1ds-Diff-long,rmd_mean_L20,ref,-0.115945,0.0,3,0,0;1;2;3;4;5;6;7;8;9;10;11;12;13;14;15;16;17;18;19;20;21;22;23;24;25;26;27;28;29;30;32
meta-llama/Meta-Llama-3.1-8B,xsum,1ds-Diff-long,rmd_mean_L21,ref,-0.122895,0.0,3,0,0;1;2;3;4;5;6;7;8;9;10;11;12;13;14;15;16;17;18;19;20;21;22;23;24;25;26;27;28;29;30;32
meta-llama/Meta-Llama-3.1-8B,xsum,1ds-Diff-long,rmd_mean_L22,ref,-0.130581,0.0,3,0,0;1;2;3;4;5;6;7;8;9;10;11;12;13;14;15;16;17;18;19;20;21;22;23;24;25;26;27;28;29;30;32
meta-llama/Meta-Llama-3.1-8B,xsum,1ds-Diff-long,rmd_mean_L23,ref,-0.130946,0.0,3,0,0;1;2;3;4;5;6;7;8;9;10;11;12;13;14;15;16;17;18;19;20;21;22;23;24;25;26;27;28;29;30;32
meta-llama/Meta-Llama-3.1-8B,xsum,1ds-Diff-long,rmd_mean_L24,ref,-0.131933,0.0,3,0,0;1;2;3;4;5;6;7;8;9;10;11;12;13;14;15;16;17;18;19;20;21;22;23;24;25;26;27;28;29;30;32
meta-llama/Meta-Llama-3.1-8B,xsum,1ds-Diff-long,rmd_mean_L25,ref,-0.133429,0.0,3,0,0;1;2;3;4;5;6;7;8;9;10;11;12;13;14;15;16;17;18;19;20;21;22;23;24;25;26;27;28;29;30;32
meta-llama/Meta-Llama-3.1-8B,xsum,1ds-Diff-long,rmd_mean_L26,ref,-0.135277,0.0,3,0,0;1;2;3;4;5;6;7;8;9;10;11;12;13;14;15;16;17;18;19;20;21;22;23;24;25;26;27;28;29;30;32
meta-llama/Meta-Llama-3.1-8B,xsum,1ds-Diff-long,rmd_mean_L27,ref,-0.138477,0.0,3,0,0;1;2;3;4;5;6;7;8;9;10;11;12;13;14;15;16;17;18;19;20;21;22;23;24;25;26;27;28;29;30;32
meta-llama/Meta-Llama-3.1-8B,xsum,1ds-Diff-long,rmd_mean_L28,ref,-0.138345,0.0,3,0,0;1;2;3;4;5;6;7;8;9;10;11;12;13;14;15;16;17;18;19;20;21;22;23;24;25;26;27;28;29;30;32
meta-llama/Meta-Llama-3.1-8B,xsum,1ds-Diff-long,rmd_mean_L29,ref,-0.138047,0.0,3,0,0;1;2;3;4;5;6;7;8;9;10;11;12;13;14;15;16;17;18;19;20;21;22;23;24;25;26;27;28;29;30;32
meta-llama/Meta-Llama-3.1-8B,xsum,1ds-Diff-long,rmd_mean_L3,ref,0.03129,0.0,3,0,0;1;2;3;4;5;6;7;8;9;10;11;12;13;14;15;16;17;18;19;20;21;22;23;24;25;26;27;28;29;30;32
meta-llama/Meta-Llama-3.1-8B,xsum,1ds-Diff-long,rmd_mean_L30,ref,-0.129146,0.0,3,0,0;1;2;3;4;5;6;7;8;9;10;11;12;13;14;15;16;17;18;19;20;21;22;23;24;25;26;27;28;29;30;32
meta-llama/Meta-Llama-3.1-8B,xsum,1ds-Diff-long,rmd_mean_L32,ref,-0.125605,0.0,3,0,0;1;2;3;4;5;6;7;8;9;10;11;12;13;14;15;16;17;18;19;20;21;22;23;24;25;26;27;28;29;30;32
meta-llama/Meta-Llama-3.1-8B,xsum,1ds-Diff-long,rmd_mean_L4,ref,-0.007067,0.0,3,0,0;1;2;3;4;5;6;7;8;9;10;11;12;13;14;15;16;17;18;19;20;21;22;23;24;25;26;27;28;29;30;32
meta-llama/Meta-Llama-3.1-8B,xsum,1ds-Diff-long,rmd_mean_L5,ref,-0.044036,0.0,3,0,0;1;2;3;4;5;6;7;8;9;10;11;12;13;14;15;16;17;18;19;20;21;22;23;24;25;26;27;28;29;30;32
meta-llama/Meta-Llama-3.1-8B,xsum,1ds-Diff-long,rmd_mean_L6,ref,-0.069536,0.0,3,0,0;1;2;3;4;5;6;7;8;9;10;11;12;13;14;15;16;17;18;19;20;21;22;23;24;25;26;27;28;29;30;32
meta-llama/Meta-Llama-3.1-8B,xsum,1ds-Diff-long,rmd_mean_L7,ref,-0.06046,0.0,3,0,0;1;2;3;4;5;6;7;8;9;10;11;12;13;14;15;16;17;18;19;20;21;22;23;24;25;26;27;28;29;30;32
meta-llama/Meta-Llama-3.1-8B,xsum,1ds-Diff-long,rmd_mean_L8,ref,-0.060509,0.0,3,0,0;1;2;3;4;5;6;7;8;9;10;11;12;13;14;15;16;17;18;19;20;21;22;23;24;25;26;27;28;29;30;32
meta-llama/Meta-Llama-3.1-8B,xsum,1ds-Diff-long,rmd_mean_L9,ref,-0.067537,0.0,3,0,0;1;2;3;4;5;6;7;8;9;10;11;12;13;14;15;16;17;18;19;20;21;22;23;24;25;26;27;28;29;30;32
meta-llama/Meta-Llama-3.1-8B,xsum,1ds-Diff-long,satmd_alllayer,ref,-0.120909,0.0,3,0,0;1;2;3;4;5;6;7;8;9;10;11;12;13;14;15;16;17;18;19;20;21;22;23;24;25;26;27;28;29;30;32
meta-llama/Meta-Llama-3.1-8B,xsum,1ds-Diff-long,satrmd_alllayer,ref,-0.126226,0.0,3,0,0;1;2;3;4;5;6;7;8;9;10;11;12;13;14;15;16;17;18;19;20;21;22;23;24;25;26;27;28;29;30;32
meta-llama/Meta-Llama-3.1-8B,xsum,DiffTask-long,huq_satmd_alllayer,ref,0.006282,0.033169,3,0,0;1;2;3;4;5;6;7;8;9;10;11;12;13;14;15;16;17;18;19;20;21;22;23;24;25;26;27;28;29;30;32
meta-llama/Meta-Llama-3.1-8B,xsum,DiffTask-long,huq_satrmd_alllayer,ref,-0.088305,0.009699,3,0,0;1;2;3;4;5;6;7;8;9;10;11;12;13;14;15;16;17;18;19;20;21;22;23;24;25;26;27;28;29;30;32
meta-llama/Meta-Llama-3.1-8B,xsum,DiffTask-long,md_mean_L0,ref,-0.045834,0.001623,3,0,0;1;2;3;4;5;6;7;8;9;10;11;12;13;14;15;16;17;18;19;20;21;22;23;24;25;26;27;28;29;30;32
meta-llama/Meta-Llama-3.1-8B,xsum,DiffTask-long,md_mean_L1,ref,-0.033541,0.0016,3,0,0;1;2;3;4;5;6;7;8;9;10;11;12;13;14;15;16;17;18;19;20;21;22;23;24;25;26;27;28;29;30;32
meta-llama/Meta-Llama-3.1-8B,xsum,DiffTask-long,md_mean_L10,ref,-0.015491,0.002442,3,0,0;1;2;3;4;5;6;7;8;9;10;11;12;13;14;15;16;17;18;19;20;21;22;23;24;25;26;27;28;29;30;32
meta-llama/Meta-Llama-3.1-8B,xsum,DiffTask-long,md_mean_L11,ref,0.044595,0.002472,3,0,0;1;2;3;4;5;6;7;8;9;10;11;12;13;14;15;16;17;18;19;20;21;22;23;24;25;26;27;28;29;30;32
meta-llama/Meta-Llama-3.1-8B,xsum,DiffTask-long,md_mean_L12,ref,0.040032,0.004331,3,0,0;1;2;3;4;5;6;7;8;9;10;11;12;13;14;15;16;17;18;19;20;21;22;23;24;25;26;27;28;29;30;32
meta-llama/Meta-Llama-3.1-8B,xsum,DiffTask-long,md_mean_L13,ref,0.058491,0.005937,3,0,0;1;2;3;4;5;6;7;8;9;10;11;12;13;14;15;16;17;18;19;20;21;22;23;24;25;26;27;28;29;30;32
meta-llama/Meta-Llama-3.1-8B,xsum,DiffTask-long,md_mean_L14,ref,-0.003641,0.005176,3,0,0;1;2;3;4;5;6;7;8;9;10;11;12;13;14;15;16;17;18;19;20;21;22;23;24;25;26;27;28;29;30;32
meta-llama/Meta-Llama-3.1-8B,xsum,DiffTask-long,md_mean_L15,ref,-0.154872,0.000991,3,0,0;1;2;3;4;5;6;7;8;9;10;11;12;13;14;15;16;17;18;19;20;21;22;23;24;25;26;27;28;29;30;32
meta-llama/Meta-Llama-3.1-8B,xsum,DiffTask-long,md_mean_L16,ref,-0.157061,0.005002,3,0,0;1;2;3;4;5;6;7;8;9;10;11;12;13;14;15;16;17;18;19;20;21;22;23;24;25;26;27;28;29;30;32
meta-llama/Meta-Llama-3.1-8B,xsum,DiffTask-long,md_mean_L17,ref,-0.170473,0.002603,3,0,0;1;2;3;4;5;6;7;8;9;10;11;12;13;14;15;16;17;18;19;20;21;22;23;24;25;26;27;28;29;30;32
meta-llama/Meta-Llama-3.1-8B,xsum,DiffTask-long,md_mean_L18,ref,-0.210426,0.001106,3,0,0;1;2;3;4;5;6;7;8;9;10;11;12;13;14;15;16;17;18;19;20;21;22;23;24;25;26;27;28;29;30;32
meta-llama/Meta-Llama-3.1-8B,xsum,DiffTask-long,md_mean_L19,ref,-0.250535,0.001159,3,0,0;1;2;3;4;5;6;7;8;9;10;11;12;13;14;15;16;17;18;19;20;21;22;23;24;25;26;27;28;29;30;32
meta-llama/Meta-Llama-3.1-8B,xsum,DiffTask-long,md_mean_L2,ref,-0.023552,0.003227,3,0,0;1;2;3;4;5;6;7;8;9;10;11;12;13;14;15;16;17;18;19;20;21;22;23;24;25;26;27;28;29;30;32
meta-llama/Meta-Llama-3.1-8B,xsum,DiffTask-long,md_mean_L20,ref,-0.244844,0.001035,3,0,0;1;2;3;4;5;6;7;8;9;10;11;12;13;14;15;16;17;18;19;20;21;22;23;24;25;26;27;28;29;30;32
meta-llama/Meta-Llama-3.1-8B,xsum,DiffTask-long,md_mean_L21,ref,-0.239289,0.001145,3,0,0;1;2;3;4;5;6;7;8;9;10;11;12;13;14;15;16;17;18;19;20;21;22;23;24;25;26;27;28;29;30;32
meta-llama/Meta-Llama-3.1-8B,xsum,DiffTask-long,md_mean_L22,ref,-0.241119,0.001041,3,0,0;1;2;3;4;5;6;7;8;9;10;11;12;13;14;15;16;17;18;19;20;21;22;23;24;25;26;27;28;29;30;32
meta-llama/Meta-Llama-3.1-8B,xsum,DiffTask-long,md_mean_L23,ref,-0.252045,0.000914,3,0,0;1;2;3;4;5;6;7;8;9;10;11;12;13;14;15;16;17;18;19;20;21;22;23;24;25;26;27;28;29;30;32
meta-llama/Meta-Llama-3.1-8B,xsum,DiffTask-long,md_mean_L24,ref,-0.248388,0.000262,3,0,0;1;2;3;4;5;6;7;8;9;10;11;12;13;14;15;16;17;18;19;20;21;22;23;24;25;26;27;28;29;30;32
meta-llama/Meta-Llama-3.1-8B,xsum,DiffTask-long,md_mean_L25,ref,-0.247571,0.000336,3,0,0;1;2;3;4;5;6;7;8;9;10;11;12;13;14;15;16;17;18;19;20;21;22;23;24;25;26;27;28;29;30;32
meta-llama/Meta-Llama-3.1-8B,xsum,DiffTask-long,md_mean_L26,ref,-0.251548,0.000958,3,0,0;1;2;3;4;5;6;7;8;9;10;11;12;13;14;15;16;17;18;19;20;21;22;23;24;25;26;27;28;29;30;32
meta-llama/Meta-Llama-3.1-8B,xsum,DiffTask-long,md_mean_L27,ref,-0.254602,0.001068,3,0,0;1;2;3;4;5;6;7;8;9;10;11;12;13;14;15;16;17;18;19;20;21;22;23;24;25;26;27;28;29;30;32
meta-llama/Meta-Llama-3.1-8B,xsum,DiffTask-long,md_mean_L28,ref,-0.251971,0.001385,3,0,0;1;2;3;4;5;6;7;8;9;10;11;12;13;14;15;16;17;18;19;20;21;22;23;24;25;26;27;28;29;30;32
meta-llama/Meta-Llama-3.1-8B,xsum,DiffTask-long,md_mean_L29,ref,-0.256609,0.001572,3,0,0;1;2;3;4;5;6;7;8;9;10;11;12;13;14;15;16;17;18;19;20;21;22;23;24;25;26;27;28;29;30;32
meta-llama/Meta-Llama-3.1-8B,xsum,DiffTask-long,md_mean_L3,ref,-0.046707,0.003821,3,0,0;1;2;3;4;5;6;7;8;9;10;11;12;13;14;15;16;17;18;19;20;21;22;23;24;25;26;27;28;29;30;32
meta-llama/Meta-Llama-3.1-8B,xsum,DiffTask-long,md_mean_L30,ref,-0.252747,0.001447,3,0,0;1;2;3;4;5;6;7;8;9;10;11;12;13;14;15;16;17;18;19;20;21;22;23;24;25;26;27;28;29;30;32
meta-llama/Meta-Llama-3.1-8B,xsum,DiffTask-long,md_mean_L32,ref,-0.19427,0.00166,3,0,0;1;2;3;4;5;6;7;8;9;10;11;12;13;14;15;16;17;18;19;20;21;22;23;24;25;26;27;28;29;30;32
meta-llama/Meta-Llama-3.1-8B,xsum,DiffTask-long,md_mean_L4,ref,-0.10936,0.004452,3,0,0;1;2;3;4;5;6;7;8;9;10;11;12;13;14;15;16;17;18;19;20;21;22;23;24;25;26;27;28;29;30;32
meta-llama/Meta-Llama-3.1-8B,xsum,DiffTask-long,md_mean_L5,ref,-0.125154,0.004672,3,0,0;1;2;3;4;5;6;7;8;9;10;11;12;13;14;15;16;17;18;19;20;21;22;23;24;25;26;27;28;29;30;32
meta-llama/Meta-Llama-3.1-8B,xsum,DiffTask-long,md_mean_L6,ref,-0.164572,0.002577,3,0,0;1;2;3;4;5;6;7;8;9;10;11;12;13;14;15;16;17;18;19;20;21;22;23;24;25;26;27;28;29;30;32
meta-llama/Meta-Llama-3.1-8B,xsum,DiffTask-long,md_mean_L7,ref,-0.14505,0.001432,3,0,0;1;2;3;4;5;6;7;8;9;10;11;12;13;14;15;16;17;18;19;20;21;22;23;24;25;26;27;28;29;30;32
meta-llama/Meta-Llama-3.1-8B,xsum,DiffTask-long,md_mean_L8,ref,-0.132045,0.000706,3,0,0;1;2;3;4;5;6;7;8;9;10;11;12;13;14;15;16;17;18;19;20;21;22;23;24;25;26;27;28;29;30;32
meta-llama/Meta-Llama-3.1-8B,xsum,DiffTask-long,md_mean_L9,ref,-0.058872,0.000455,3,0,0;1;2;3;4;5;6;7;8;9;10;11;12;13;14;15;16;17;18;19;20;21;22;23;24;25;26;27;28;29;30;32
meta-llama/Meta-Llama-3.1-8B,xsum,DiffTask-long,rmd_mean_L0,ref,0.012656,0.000804,3,0,0;1;2;3;4;5;6;7;8;9;10;11;12;13;14;15;16;17;18;19;20;21;22;23;24;25;26;27;28;29;30;32
meta-llama/Meta-Llama-3.1-8B,xsum,DiffTask-long,rmd_mean_L1,ref,0.001626,0.002669,3,0,0;1;2;3;4;5;6;7;8;9;10;11;12;13;14;15;16;17;18;19;20;21;22;23;24;25;26;27;28;29;30;32
meta-llama/Meta-Llama-3.1-8B,xsum,DiffTask-long,rmd_mean_L10,ref,0.082445,0.003527,3,0,0;1;2;3;4;5;6;7;8;9;10;11;12;13;14;15;16;17;18;19;20;21;22;23;24;25;26;27;28;29;30;32
meta-llama/Meta-Llama-3.1-8B,xsum,DiffTask-long,rmd_mean_L11,ref,0.110987,0.000554,3,0,0;1;2;3;4;5;6;7;8;9;10;11;12;13;14;15;16;17;18;19;20;21;22;23;24;25;26;27;28;29;30;32
meta-llama/Meta-Llama-3.1-8B,xsum,DiffTask-long,rmd_mean_L12,ref,0.100004,0.004107,3,0,0;1;2;3;4;5;6;7;8;9;10;11;12;13;14;15;16;17;18;19;20;21;22;23;24;25;26;27;28;29;30;32
meta-llama/Meta-Llama-3.1-8B,xsum,DiffTask-long,rmd_mean_L13,ref,0.112121,0.006533,3,0,0;1;2;3;4;5;6;7;8;9;10;11;12;13;14;15;16;17;18;19;20;21;22;23;24;25;26;27;28;29;30;32
meta-llama/Meta-Llama-3.1-8B,xsum,DiffTask-long,rmd_mean_L14,ref,0.066688,0.005621,3,0,0;1;2;3;4;5;6;7;8;9;10;11;12;13;14;15;16;17;18;19;20;21;22;23;24;25;26;27;28;29;30;32
meta-llama/Meta-Llama-3.1-8B,xsum,DiffTask-long,rmd_mean_L15,ref,0.061715,0.004732,3,0,0;1;2;3;4;5;6;7;8;9;10;11;12;13;14;15;16;17;18;19;20;21;22;23;24;25;26;27;28;29;30;32
meta-llama/Meta-Llama-3.1-8B,xsum,DiffTask-long,rmd_mean_L16,ref,0.077918,0.008615,3,0,0;1;2;3;4;5;6;7;8;9;10;11;12;13;14;15;16;17;18;19;20;21;22;23;24;25;26;27;28;29;30;32
meta-llama/Meta-Llama-3.1-8B,xsum,DiffTask-long,rmd_mean_L17,ref,0.074618,0.004887,3,0,0;1;2;3;4;5;6;7;8;9;10;11;12;13;14;15;16;17;18;19;20;21;22;23;24;25;26;27;28;29;30;32
meta-llama/Meta-Llama-3.1-8B,xsum,DiffTask-long,rmd_mean_L18,ref,0.046137,0.000919,3,0,0;1;2;3;4;5;6;7;8;9;10;11;12;13;14;15;16;17;18;19;20;21;22;23;24;25;26;27;28;29;30;32
meta-llama/Meta-Llama-3.1-8B,xsum,DiffTask-long,rmd_mean_L19,ref,0.0193,0.002884,3,0,0;1;2;3;4;5;6;7;8;9;10;11;12;13;14;15;16;17;18;19;20;21;22;23;24;25;26;27;28;29;30;32
meta-llama/Meta-Llama-3.1-8B,xsum,DiffTask-long,rmd_mean_L2,ref,-0.004155,0.002056,3,0,0;1;2;3;4;5;6;7;8;9;10;11;12;13;14;15;16;17;18;19;20;21;22;23;24;25;26;27;28;29;30;32
meta-llama/Meta-Llama-3.1-8B,xsum,DiffTask-long,rmd_mean_L20,ref,0.008231,0.002116,3,0,0;1;2;3;4;5;6;7;8;9;10;11;12;13;14;15;16;17;18;19;20;21;22;23;24;25;26;27;28;29;30;32
meta-llama/Meta-Llama-3.1-8B,xsum,DiffTask-long,rmd_mean_L21,ref,0.030069,0.002441,3,0,0;1;2;3;4;5;6;7;8;9;10;11;12;13;14;15;16;17;18;19;20;21;22;23;24;25;26;27;28;29;30;32
meta-llama/Meta-Llama-3.1-8B,xsum,DiffTask-long,rmd_mean_L22,ref,0.032495,0.001795,3,0,0;1;2;3;4;5;6;7;8;9;10;11;12;13;14;15;16;17;18;19;20;21;22;23;24;25;26;27;28;29;30;32
meta-llama/Meta-Llama-3.1-8B,xsum,DiffTask-long,rmd_mean_L23,ref,0.032688,0.001818,3,0,0;1;2;3;4;5;6;7;8;9;10;11;12;13;14;15;16;17;18;19;20;21;22;23;24;25;26;27;28;29;30;32
meta-llama/Meta-Llama-3.1-8B,xsum,DiffTask-long,rmd_mean_L24,ref,0.032979,0.000873,3,0,0;1;2;3;4;5;6;7;8;9;10;11;12;13;14;15;16;17;18;19;20;21;22;23;24;25;26;27;28;29;30;32
meta-llama/Meta-Llama-3.1-8B,xsum,DiffTask-long,rmd_mean_L25,ref,0.036585,0.001418,3,0,0;1;2;3;4;5;6;7;8;9;10;11;12;13;14;15;16;17;18;19;20;21;22;23;24;25;26;27;28;29;30;32
meta-llama/Meta-Llama-3.1-8B,xsum,DiffTask-long,rmd_mean_L26,ref,0.035881,0.003009,3,0,0;1;2;3;4;5;6;7;8;9;10;11;12;13;14;15;16;17;18;19;20;21;22;23;24;25;26;27;28;29;30;32
meta-llama/Meta-Llama-3.1-8B,xsum,DiffTask-long,rmd_mean_L27,ref,0.030679,0.002621,3,0,0;1;2;3;4;5;6;7;8;9;10;11;12;13;14;15;16;17;18;19;20;21;22;23;24;25;26;27;28;29;30;32
meta-llama/Meta-Llama-3.1-8B,xsum,DiffTask-long,rmd_mean_L28,ref,0.026801,0.001804,3,0,0;1;2;3;4;5;6;7;8;9;10;11;12;13;14;15;16;17;18;19;20;21;22;23;24;25;26;27;28;29;30;32
meta-llama/Meta-Llama-3.1-8B,xsum,DiffTask-long,rmd_mean_L29,ref,0.029763,0.002073,3,0,0;1;2;3;4;5;6;7;8;9;10;11;12;13;14;15;16;17;18;19;20;21;22;23;24;25;26;27;28;29;30;32
meta-llama/Meta-Llama-3.1-8B,xsum,DiffTask-long,rmd_mean_L3,ref,0.048332,0.003375,3,0,0;1;2;3;4;5;6;7;8;9;10;11;12;13;14;15;16;17;18;19;20;21;22;23;24;25;26;27;28;29;30;32
meta-llama/Meta-Llama-3.1-8B,xsum,DiffTask-long,rmd_mean_L30,ref,0.022708,0.002582,3,0,0;1;2;3;4;5;6;7;8;9;10;11;12;13;14;15;16;17;18;19;20;21;22;23;24;25;26;27;28;29;30;32
meta-llama/Meta-Llama-3.1-8B,xsum,DiffTask-long,rmd_mean_L32,ref,0.057831,0.001482,3,0,0;1;2;3;4;5;6;7;8;9;10;11;12;13;14;15;16;17;18;19;20;21;22;23;24;25;26;27;28;29;30;32
meta-llama/Meta-Llama-3.1-8B,xsum,DiffTask-long,rmd_mean_L4,ref,0.070087,0.003937,3,0,0;1;2;3;4;5;6;7;8;9;10;11;12;13;14;15;16;17;18;19;20;21;22;23;24;25;26;27;28;29;30;32
meta-llama/Meta-Llama-3.1-8B,xsum,DiffTask-long,rmd_mean_L5,ref,0.057479,0.004971,3,0,0;1;2;3;4;5;6;7;8;9;10;11;12;13;14;15;16;17;18;19;20;21;22;23;24;25;26;27;28;29;30;32
meta-llama/Meta-Llama-3.1-8B,xsum,DiffTask-long,rmd_mean_L6,ref,0.083444,0.005092,3,0,0;1;2;3;4;5;6;7;8;9;10;11;12;13;14;15;16;17;18;19;20;21;22;23;24;25;26;27;28;29;30;32
meta-llama/Meta-Llama-3.1-8B,xsum,DiffTask-long,rmd_mean_L7,ref,0.11676,0.00375,3,0,0;1;2;3;4;5;6;7;8;9;10;11;12;13;14;15;16;17;18;19;20;21;22;23;24;25;26;27;28;29;30;32
meta-llama/Meta-Llama-3.1-8B,xsum,DiffTask-long,rmd_mean_L8,ref,0.119616,0.003877,3,0,0;1;2;3;4;5;6;7;8;9;10;11;12;13;14;15;16;17;18;19;20;21;22;23;24;25;26;27;28;29;30;32
meta-llama/Meta-Llama-3.1-8B,xsum,DiffTask-long,rmd_mean_L9,ref,0.124432,0.004253,3,0,0;1;2;3;4;5;6;7;8;9;10;11;12;13;14;15;16;17;18;19;20;21;22;23;24;25;26;27;28;29;30;32
meta-llama/Meta-Llama-3.1-8B,xsum,DiffTask-long,satmd_alllayer,ref,0.036718,0.047457,3,0,0;1;2;3;4;5;6;7;8;9;10;11;12;13;14;15;16;17;18;19;20;21;22;23;24;25;26;27;28;29;30;32
meta-llama/Meta-Llama-3.1-8B,xsum,DiffTask-long,satrmd_alllayer,ref,-0.064227,0.01867,3,0,0;1;2;3;4;5;6;7;8;9;10;11;12;13;14;15;16;17;18;19;20;21;22;23;24;25;26;27;28;29;30;32
meta-llama/Meta-Llama-3.1-8B,xsum,ID,huq_satmd_alllayer,ref,0.26027,0.0,3,0,0;1;2;3;4;5;6;7;8;9;10;11;12;13;14;15;16;17;18;19;20;21;22;23;24;25;26;27;28;29;30;32
meta-llama/Meta-Llama-3.1-8B,xsum,ID,huq_satrmd_alllayer,ref,0.212214,0.0,3,0,0;1;2;3;4;5;6;7;8;9;10;11;12;13;14;15;16;17;18;19;20;21;22;23;24;25;26;27;28;29;30;32
meta-llama/Meta-Llama-3.1-8B,xsum,ID,md_mean_L0,ref,0.013941,0.0,3,0,0;1;2;3;4;5;6;7;8;9;10;11;12;13;14;15;16;17;18;19;20;21;22;23;24;25;26;27;28;29;30;32
meta-llama/Meta-Llama-3.1-8B,xsum,ID,md_mean_L1,ref,0.043161,0.0,3,0,0;1;2;3;4;5;6;7;8;9;10;11;12;13;14;15;16;17;18;19;20;21;22;23;24;25;26;27;28;29;30;32
meta-llama/Meta-Llama-3.1-8B,xsum,ID,md_mean_L10,ref,2.4e-05,0.0,3,0,0;1;2;3;4;5;6;7;8;9;10;11;12;13;14;15;16;17;18;19;20;21;22;23;24;25;26;27;28;29;30;32
meta-llama/Meta-Llama-3.1-8B,xsum,ID,md_mean_L11,ref,0.020618,0.0,3,0,0;1;2;3;4;5;6;7;8;9;10;11;12;13;14;15;16;17;18;19;20;21;22;23;24;25;26;27;28;29;30;32
meta-llama/Meta-Llama-3.1-8B,xsum,ID,md_mean_L12,ref,0.021798,0.0,3,0,0;1;2;3;4;5;6;7;8;9;10;11;12;13;14;15;16;17;18;19;20;21;22;23;24;25;26;27;28;29;30;32
meta-llama/Meta-Llama-3.1-8B,xsum,ID,md_mean_L13,ref,0.021994,0.0,3,0,0;1;2;3;4;5;6;7;8;9;10;11;12;13;14;15;16;17;18;19;20;21;22;23;24;25;26;27;28;29;30;32
meta-llama/Meta-Llama-3.1-8B,xsum,ID,md_mean_L14,ref,-0.012065,0.0,3,0,0;1;2;3;4;5;6;7;8;9;10;11;12;13;14;15;16;17;18;19;20;21;22;23;24;25;26;27;28;29;30;32
meta-llama/Meta-Llama-3.1-8B,xsum,ID,md_mean_L15,ref,-0.060729,0.0,3,0,0;1;2;3;4;5;6;7;8;9;10;11;12;13;14;15;16;17;18;19;20;21;22;23;24;25;26;27;28;29;30;32
meta-llama/Meta-Llama-3.1-8B,xsum,ID,md_mean_L16,ref,-0.06071,0.0,3,0,0;1;2;3;4;5;6;7;8;9;10;11;12;13;14;15;16;17;18;19;20;21;22;23;24;25;26;27;28;29;30;32
meta-llama/Meta-Llama-3.1-8B,xsum,ID,md_mean_L17,ref,-0.047644,0.0,3,0,0;1;2;3;4;5;6;7;8;9;10;11;12;13;14;15;16;17;18;19;20;21;22;23;24;25;26;27;28;29;30;32
meta-llama/Meta-Llama-3.1-8B,xsum,ID,md_mean_L18,ref,-0.051659,0.0,3,0,0;1;2;3;4;5;6;7;8;9;10;11;12;13;14;15;16;17;18;19;20;21;22;23;24;25;26;27;28;29;30;32
meta-llama/Meta-Llama-3.1-8B,xsum,ID,md_mean_L19,ref,-0.070754,0.0,3,0,0;1;2;3;4;5;6;7;8;9;10;11;12;13;14;15;16;17;18;19;20;21;22;23;24;25;26;27;28;29;30;32
meta-llama/Meta-Llama-3.1-8B,xsum,ID,md_mean_L2,ref,0.073542,0.0,3,0,0;1;2;3;4;5;6;7;8;9;10;11;12;13;14;15;16;17;18;19;20;21;22;23;24;25;26;27;28;29;30;32
meta-llama/Meta-Llama-3.1-8B,xsum,ID,md_mean_L20,ref,-0.075818,0.0,3,0,0;1;2;3;4;5;6;7;8;9;10;11;12;13;14;15;16;17;18;19;20;21;22;23;24;25;26;27;28;29;30;32
meta-llama/Meta-Llama-3.1-8B,xsum,ID,md_mean_L21,ref,-0.074063,0.0,3,0,0;1;2;3;4;5;6;7;8;9;10;11;12;13;14;15;16;17;18;19;20;21;22;23;24;25;26;27;28;29;30;32
meta-llama/Meta-Llama-3.1-8B,xsum,ID,md_mean_L22,ref,-0.089456,0.0,3,0,0;1;2;3;4;5;6;7;8;9;10;11;12;13;14;15;16;17;18;19;20;21;22;23;24;25;26;27;28;29;30;32
meta-llama/Meta-Llama-3.1-8B,xsum,ID,md_mean_L23,ref,-0.095758,0.0,3,0,0;1;2;3;4;5;6;7;8;9;10;11;12;13;14;15;16;17;18;19;20;21;22;23;24;25;26;27;28;29;30;32
meta-llama/Meta-Llama-3.1-8B,xsum,ID,md_mean_L24,ref,-0.103806,0.0,3,0,0;1;2;3;4;5;6;7;8;9;10;11;12;13;14;15;16;17;18;19;20;21;22;23;24;25;26;27;28;29;30;32
meta-llama/Meta-Llama-3.1-8B,xsum,ID,md_mean_L25,ref,-0.09914,0.0,3,0,0;1;2;3;4;5;6;7;8;9;10;11;12;13;14;15;16;17;18;19;20;21;22;23;24;25;26;27;28;29;30;32
meta-llama/Meta-Llama-3.1-8B,xsum,ID,md_mean_L26,ref,-0.095724,0.0,3,0,0;1;2;3;4;5;6;7;8;9;10;11;12;13;14;15;16;17;18;19;20;21;22;23;24;25;26;27;28;29;30;32
meta-llama/Meta-Llama-3.1-8B,xsum,ID,md_mean_L27,ref,-0.094046,0.0,3,0,0;1;2;3;4;5;6;7;8;9;10;11;12;13;14;15;16;17;18;19;20;21;22;23;24;25;26;27;28;29;30;32
meta-llama/Meta-Llama-3.1-8B,xsum,ID,md_mean_L28,ref,-0.083308,0.0,3,0,0;1;2;3;4;5;6;7;8;9;10;11;12;13;14;15;16;17;18;19;20;21;22;23;24;25;26;27;28;29;30;32
meta-llama/Meta-Llama-3.1-8B,xsum,ID,md_mean_L29,ref,-0.078648,0.0,3,0,0;1;2;3;4;5;6;7;8;9;10;11;12;13;14;15;16;17;18;19;20;21;22;23;24;25;26;27;28;29;30;32
meta-llama/Meta-Llama-3.1-8B,xsum,ID,md_mean_L3,ref,0.068553,0.0,3,0,0;1;2;3;4;5;6;7;8;9;10;11;12;13;14;15;16;17;18;19;20;21;22;23;24;25;26;27;28;29;30;32
meta-llama/Meta-Llama-3.1-8B,xsum,ID,md_mean_L30,ref,-0.071776,0.0,3,0,0;1;2;3;4;5;6;7;8;9;10;11;12;13;14;15;16;17;18;19;20;21;22;23;24;25;26;27;28;29;30;32
meta-llama/Meta-Llama-3.1-8B,xsum,ID,md_mean_L32,ref,-0.047127,0.0,3,0,0;1;2;3;4;5;6;7;8;9;10;11;12;13;14;15;16;17;18;19;20;21;22;23;24;25;26;27;28;29;30;32
meta-llama/Meta-Llama-3.1-8B,xsum,ID,md_mean_L4,ref,0.037653,0.0,3,0,0;1;2;3;4;5;6;7;8;9;10;11;12;13;14;15;16;17;18;19;20;21;22;23;24;25;26;27;28;29;30;32
meta-llama/Meta-Llama-3.1-8B,xsum,ID,md_mean_L5,ref,0.004422,0.0,3,0,0;1;2;3;4;5;6;7;8;9;10;11;12;13;14;15;16;17;18;19;20;21;22;23;24;25;26;27;28;29;30;32
meta-llama/Meta-Llama-3.1-8B,xsum,ID,md_mean_L6,ref,-0.029997,0.0,3,0,0;1;2;3;4;5;6;7;8;9;10;11;12;13;14;15;16;17;18;19;20;21;22;23;24;25;26;27;28;29;30;32
meta-llama/Meta-Llama-3.1-8B,xsum,ID,md_mean_L7,ref,-0.027551,0.0,3,0,0;1;2;3;4;5;6;7;8;9;10;11;12;13;14;15;16;17;18;19;20;21;22;23;24;25;26;27;28;29;30;32
meta-llama/Meta-Llama-3.1-8B,xsum,ID,md_mean_L8,ref,-0.029481,0.0,3,0,0;1;2;3;4;5;6;7;8;9;10;11;12;13;14;15;16;17;18;19;20;21;22;23;24;25;26;27;28;29;30;32
meta-llama/Meta-Llama-3.1-8B,xsum,ID,md_mean_L9,ref,-0.016305,0.0,3,0,0;1;2;3;4;5;6;7;8;9;10;11;12;13;14;15;16;17;18;19;20;21;22;23;24;25;26;27;28;29;30;32
meta-llama/Meta-Llama-3.1-8B,xsum,ID,msp_satmd_alllayer,ref,0.298796,0.0,3,0,0;1;2;3;4;5;6;7;8;9;10;11;12;13;14;15;16;17;18;19;20;21;22;23;24;25;26;27;28;29;30;32
meta-llama/Meta-Llama-3.1-8B,xsum,ID,msp_satrmd_alllayer,ref,0.235153,0.0,3,0,0;1;2;3;4;5;6;7;8;9;10;11;12;13;14;15;16;17;18;19;20;21;22;23;24;25;26;27;28;29;30;32
meta-llama/Meta-Llama-3.1-8B,xsum,ID,rmd_mean_L0,ref,0.024259,0.0,3,0,0;1;2;3;4;5;6;7;8;9;10;11;12;13;14;15;16;17;18;19;20;21;22;23;24;25;26;27;28;29;30;32
meta-llama/Meta-Llama-3.1-8B,xsum,ID,rmd_mean_L1,ref,0.03724,0.0,3,0,0;1;2;3;4;5;6;7;8;9;10;11;12;13;14;15;16;17;18;19;20;21;22;23;24;25;26;27;28;29;30;32
meta-llama/Meta-Llama-3.1-8B,xsum,ID,rmd_mean_L10,ref,0.020216,0.0,3,0,0;1;2;3;4;5;6;7;8;9;10;11;12;13;14;15;16;17;18;19;20;21;22;23;24;25;26;27;28;29;30;32
meta-llama/Meta-Llama-3.1-8B,xsum,ID,rmd_mean_L11,ref,0.015557,0.0,3,0,0;1;2;3;4;5;6;7;8;9;10;11;12;13;14;15;16;17;18;19;20;21;22;23;24;25;26;27;28;29;30;32
meta-llama/Meta-Llama-3.1-8B,xsum,ID,rmd_mean_L12,ref,0.012132,0.0,3,0,0;1;2;3;4;5;6;7;8;9;10;11;12;13;14;15;16;17;18;19;20;21;22;23;24;25;26;27;28;29;30;32
meta-llama/Meta-Llama-3.1-8B,xsum,ID,rmd_mean_L13,ref,0.004931,0.0,3,0,0;1;2;3;4;5;6;7;8;9;10;11;12;13;14;15;16;17;18;19;20;21;22;23;24;25;26;27;28;29;30;32
meta-llama/Meta-Llama-3.1-8B,xsum,ID,rmd_mean_L14,ref,-0.018247,0.0,3,0,0;1;2;3;4;5;6;7;8;9;10;11;12;13;14;15;16;17;18;19;20;21;22;23;24;25;26;27;28;29;30;32
meta-llama/Meta-Llama-3.1-8B,xsum,ID,rmd_mean_L15,ref,0.011415,0.0,3,0,0;1;2;3;4;5;6;7;8;9;10;11;12;13;14;15;16;17;18;19;20;21;22;23;24;25;26;27;28;29;30;32
meta-llama/Meta-Llama-3.1-8B,xsum,ID,rmd_mean_L16,ref,0.042376,0.0,3,0,0;1;2;3;4;5;6;7;8;9;10;11;12;13;14;15;16;17;18;19;20;21;22;23;24;25;26;27;28;29;30;32
meta-llama/Meta-Llama-3.1-8B,xsum,ID,rmd_mean_L17,ref,0.064455,0.0,3,0,0;1;2;3;4;5;6;7;8;9;10;11;12;13;14;15;16;17;18;19;20;21;22;23;24;25;26;27;28;29;30;32
meta-llama/Meta-Llama-3.1-8B,xsum,ID,rmd_mean_L18,ref,0.082068,0.0,3,0,0;1;2;3;4;5;6;7;8;9;10;11;12;13;14;15;16;17;18;19;20;21;22;23;24;25;26;27;28;29;30;32
meta-llama/Meta-Llama-3.1-8B,xsum,ID,rmd_mean_L19,ref,0.092897,0.0,3,0,0;1;2;3;4;5;6;7;8;9;10;11;12;13;14;15;16;17;18;19;20;21;22;23;24;25;26;27;28;29;30;32
meta-llama/Meta-Llama-3.1-8B,xsum,ID,rmd_mean_L2,ref,0.074399,0.0,3,0,0;1;2;3;4;5;6;7;8;9;10;11;12;13;14;15;16;17;18;19;20;21;22;23;24;25;26;27;28;29;30;32
meta-llama/Meta-Llama-3.1-8B,xsum,ID,rmd_mean_L20,ref,0.083401,0.0,3,0,0;1;2;3;4;5;6;7;8;9;10;11;12;13;14;15;16;17;18;19;20;21;22;23;24;25;26;27;28;29;30;32
meta-llama/Meta-Llama-3.1-8B,xsum,ID,rmd_mean_L21,ref,0.086367,0.0,3,0,0;1;2;3;4;5;6;7;8;9;10;11;12;13;14;15;16;17;18;19;20;21;22;23;24;25;26;27;28;29;30;32
meta-llama/Meta-Llama-3.1-8B,xsum,ID,rmd_mean_L22,ref,0.084248,0.0,3,0,0;1;2;3;4;5;6;7;8;9;10;11;12;13;14;15;16;17;18;19;20;21;22;23;24;25;26;27;28;29;30;32
meta-llama/Meta-Llama-3.1-8B,xsum,ID,rmd_mean_L23,ref,0.087016,0.0,3,0,0;1;2;3;4;5;6;7;8;9;10;11;12;13;14;15;16;17;18;19;20;21;22;23;24;25;26;27;28;29;30;32
meta-llama/Meta-Llama-3.1-8B,xsum,ID,rmd_mean_L24,ref,0.093875,0.0,3,0,0;1;2;3;4;5;6;7;8;9;10;11;12;13;14;15;16;17;18;19;20;21;22;23;24;25;26;27;28;29;30;32
meta-llama/Meta-Llama-3.1-8B,xsum,ID,rmd_mean_L25,ref,0.102604,0.0,3,0,0;1;2;3;4;5;6;7;8;9;10;11;12;13;14;15;16;17;18;19;20;21;22;23;24;25;26;27;28;29;30;32
meta-llama/Meta-Llama-3.1-8B,xsum,ID,rmd_mean_L26,ref,0.108708,0.0,3,0,0;1;2;3;4;5;6;7;8;9;10;11;12;13;14;15;16;17;18;19;20;21;22;23;24;25;26;27;28;29;30;32
meta-llama/Meta-Llama-3.1-8B,xsum,ID,rmd_mean_L27,ref,0.108201,0.0,3,0,0;1;2;3;4;5;6;7;8;9;10;11;12;13;14;15;16;17;18;19;20;21;22;23;24;25;26;27;28;29;30;32
meta-llama/Meta-Llama-3.1-8B,xsum,ID,rmd_mean_L28,ref,0.107231,0.0,3,0,0;1;2;3;4;5;6;7;8;9;10;11;12;13;14;15;16;17;18;19;20;21;22;23;24;25;26;27;28;29;30;32
meta-llama/Meta-Llama-3.1-8B,xsum,ID,rmd_mean_L29,ref,0.108309,0.0,3,0,0;1;2;3;4;5;6;7;8;9;10;11;12;13;14;15;16;17;18;19;20;21;22;23;24;25;26;27;28;29;30;32
meta-llama/Meta-Llama-3.1-8B,xsum,ID,rmd_mean_L3,ref,0.096194,0.0,3,0,0;1;2;3;4;5;6;7;8;9;10;11;12;13;14;15;16;17;18;19;20;21;22;23;24;25;26;27;28;29;30;32
meta-llama/Meta-Llama-3.1-8B,xsum,ID,rmd_mean_L30,ref,0.097017,0.0,3,0,0;1;2;3;4;5;6;7;8;9;10;11;12;13;14;15;16;17;18;19;20;21;22;23;24;25;26;27;28;29;30;32
meta-llama/Meta-Llama-3.1-8B,xsum,ID,rmd_mean_L32,ref,0.078797,0.0,3,0,0;1;2;3;4;5;6;7;8;9;10;11;12;13;14;15;16;17;18;19;20;21;22;23;24;25;26;27;28;29;30;32
meta-llama/Meta-Llama-3.1-8B,xsum,ID,rmd_mean_L4,ref,0.092184,0.0,3,0,0;1;2;3;4;5;6;7;8;9;10;11;12;13;14;15;16;17;18;19;20;21;22;23;24;25;26;27;28;29;30;32
meta-llama/Meta-Llama-3.1-8B,xsum,ID,rmd_mean_L5,ref,0.069781,0.0,3,0,0;1;2;3;4;5;6;7;8;9;10;11;12;13;14;15;16;17;18;19;20;21;22;23;24;25;26;27;28;29;30;32
meta-llama/Meta-Llama-3.1-8B,xsum,ID,rmd_mean_L6,ref,0.064548,0.0,3,0,0;1;2;3;4;5;6;7;8;9;10;11;12;13;14;15;16;17;18;19;20;21;22;23;24;25;26;27;28;29;30;32
meta-llama/Meta-Llama-3.1-8B,xsum,ID,rmd_mean_L7,ref,0.066097,0.0,3,0,0;1;2;3;4;5;6;7;8;9;10;11;12;13;14;15;16;17;18;19;20;21;22;23;24;25;26;27;28;29;30;32
meta-llama/Meta-Llama-3.1-8B,xsum,ID,rmd_mean_L8,ref,0.049915,0.0,3,0,0;1;2;3;4;5;6;7;8;9;10;11;12;13;14;15;16;17;18;19;20;21;22;23;24;25;26;27;28;29;30;32
meta-llama/Meta-Llama-3.1-8B,xsum,ID,rmd_mean_L9,ref,0.040743,0.0,3,0,0;1;2;3;4;5;6;7;8;9;10;11;12;13;14;15;16;17;18;19;20;21;22;23;24;25;26;27;28;29;30;32
meta-llama/Meta-Llama-3.1-8B,xsum,ID,satmd_alllayer,ref,0.26027,0.0,3,0,0;1;2;3;4;5;6;7;8;9;10;11;12;13;14;15;16;17;18;19;20;21;22;23;24;25;26;27;28;29;30;32
meta-llama/Meta-Llama-3.1-8B,xsum,ID,satrmd_alllayer,ref,0.212214,0.0,3,0,0;1;2;3;4;5;6;7;8;9;10;11;12;13;14;15;16;17;18;19;20;21;22;23;24;25;26;27;28;29;30;32
meta-llama/Meta-Llama-3.1-8B,xsum,LOO-long,huq_satmd_alllayer,ref,-0.117174,0.045546,3,0,0;1;2;3;4;5;6;7;8;9;10;11;12;13;14;15;16;17;18;19;20;21;22;23;24;25;26;27;28;29;30;32
meta-llama/Meta-Llama-3.1-8B,xsum,LOO-long,huq_satrmd_alllayer,ref,-0.108606,0.01529,3,0,0;1;2;3;4;5;6;7;8;9;10;11;12;13;14;15;16;17;18;19;20;21;22;23;24;25;26;27;28;29;30;32
meta-llama/Meta-Llama-3.1-8B,xsum,LOO-long,md_mean_L0,ref,-0.016647,0.002336,3,0,0;1;2;3;4;5;6;7;8;9;10;11;12;13;14;15;16;17;18;19;20;21;22;23;24;25;26;27;28;29;30;32
meta-llama/Meta-Llama-3.1-8B,xsum,LOO-long,md_mean_L1,ref,0.019019,0.003194,3,0,0;1;2;3;4;5;6;7;8;9;10;11;12;13;14;15;16;17;18;19;20;21;22;23;24;25;26;27;28;29;30;32
meta-llama/Meta-Llama-3.1-8B,xsum,LOO-long,md_mean_L10,ref,-0.088701,0.013785,3,0,0;1;2;3;4;5;6;7;8;9;10;11;12;13;14;15;16;17;18;19;20;21;22;23;24;25;26;27;28;29;30;32
meta-llama/Meta-Llama-3.1-8B,xsum,LOO-long,md_mean_L11,ref,-0.068726,0.012508,3,0,0;1;2;3;4;5;6;7;8;9;10;11;12;13;14;15;16;17;18;19;20;21;22;23;24;25;26;27;28;29;30;32
meta-llama/Meta-Llama-3.1-8B,xsum,LOO-long,md_mean_L12,ref,-0.080123,0.009697,3,0,0;1;2;3;4;5;6;7;8;9;10;11;12;13;14;15;16;17;18;19;20;21;22;23;24;25;26;27;28;29;30;32
meta-llama/Meta-Llama-3.1-8B,xsum,LOO-long,md_mean_L13,ref,-0.0823,0.008194,3,0,0;1;2;3;4;5;6;7;8;9;10;11;12;13;14;15;16;17;18;19;20;21;22;23;24;25;26;27;28;29;30;32
meta-llama/Meta-Llama-3.1-8B,xsum,LOO-long,md_mean_L14,ref,-0.124961,0.010205,3,0,0;1;2;3;4;5;6;7;8;9;10;11;12;13;14;15;16;17;18;19;20;21;22;23;24;25;26;27;28;29;30;32
meta-llama/Meta-Llama-3.1-8B,xsum,LOO-long,md_mean_L15,ref,-0.189322,0.008664,3,0,0;1;2;3;4;5;6;7;8;9;10;11;12;13;14;15;16;17;18;19;20;21;22;23;24;25;26;27;28;29;30;32
meta-llama/Meta-Llama-3.1-8B,xsum,LOO-long,md_mean_L16,ref,-0.18703,0.011612,3,0,0;1;2;3;4;5;6;7;8;9;10;11;12;13;14;15;16;17;18;19;20;21;22;23;24;25;26;27;28;29;30;32
meta-llama/Meta-Llama-3.1-8B,xsum,LOO-long,md_mean_L17,ref,-0.17512,0.013418,3,0,0;1;2;3;4;5;6;7;8;9;10;11;12;13;14;15;16;17;18;19;20;21;22;23;24;25;26;27;28;29;30;32
meta-llama/Meta-Llama-3.1-8B,xsum,LOO-long,md_mean_L18,ref,-0.191367,0.011718,3,0,0;1;2;3;4;5;6;7;8;9;10;11;12;13;14;15;16;17;18;19;20;21;22;23;24;25;26;27;28;29;30;32
meta-llama/Meta-Llama-3.1-8B,xsum,LOO-long,md_mean_L19,ref,-0.222731,0.010525,3,0,0;1;2;3;4;5;6;7;8;9;10;11;12;13;14;15;16;17;18;19;20;21;22;23;24;25;26;27;28;29;30;32
meta-llama/Meta-Llama-3.1-8B,xsum,LOO-long,md_mean_L2,ref,0.044277,0.004425,3,0,0;1;2;3;4;5;6;7;8;9;10;11;12;13;14;15;16;17;18;19;20;21;22;23;24;25;26;27;28;29;30;32
meta-llama/Meta-Llama-3.1-8B,xsum,LOO-long,md_mean_L20,ref,-0.220648,0.008346,3,0,0;1;2;3;4;5;6;7;8;9;10;11;12;13;14;15;16;17;18;19;20;21;22;23;24;25;26;27;28;29;30;32
meta-llama/Meta-Llama-3.1-8B,xsum,LOO-long,md_mean_L21,ref,-0.213787,0.009775,3,0,0;1;2;3;4;5;6;7;8;9;10;11;12;13;14;15;16;17;18;19;20;21;22;23;24;25;26;27;28;29;30;32
meta-llama/Meta-Llama-3.1-8B,xsum,LOO-long,md_mean_L22,ref,-0.22656,0.008664,3,0,0;1;2;3;4;5;6;7;8;9;10;11;12;13;14;15;16;17;18;19;20;21;22;23;24;25;26;27;28;29;30;32
meta-llama/Meta-Llama-3.1-8B,xsum,LOO-long,md_mean_L23,ref,-0.233212,0.009118,3,0,0;1;2;3;4;5;6;7;8;9;10;11;12;13;14;15;16;17;18;19;20;21;22;23;24;25;26;27;28;29;30;32
meta-llama/Meta-Llama-3.1-8B,xsum,LOO-long,md_mean_L24,ref,-0.236744,0.008962,3,0,0;1;2;3;4;5;6;7;8;9;10;11;12;13;14;15;16;17;18;19;20;21;22;23;24;25;26;27;28;29;30;32
meta-llama/Meta-Llama-3.1-8B,xsum,LOO-long,md_mean_L25,ref,-0.229635,0.008954,3,0,0;1;2;3;4;5;6;7;8;9;10;11;12;13;14;15;16;17;18;19;20;21;22;23;24;25;26;27;28;29;30;32
meta-llama/Meta-Llama-3.1-8B,xsum,LOO-long,md_mean_L26,ref,-0.230236,0.00938,3,0,0;1;2;3;4;5;6;7;8;9;10;11;12;13;14;15;16;17;18;19;20;21;22;23;24;25;26;27;28;29;30;32
meta-llama/Meta-Llama-3.1-8B,xsum,LOO-long,md_mean_L27,ref,-0.228805,0.010602,3,0,0;1;2;3;4;5;6;7;8;9;10;11;12;13;14;15;16;17;18;19;20;21;22;23;24;25;26;27;28;29;30;32
meta-llama/Meta-Llama-3.1-8B,xsum,LOO-long,md_mean_L28,ref,-0.213468,0.011211,3,0,0;1;2;3;4;5;6;7;8;9;10;11;12;13;14;15;16;17;18;19;20;21;22;23;24;25;26;27;28;29;30;32
meta-llama/Meta-Llama-3.1-8B,xsum,LOO-long,md_mean_L29,ref,-0.209002,0.010996,3,0,0;1;2;3;4;5;6;7;8;9;10;11;12;13;14;15;16;17;18;19;20;21;22;23;24;25;26;27;28;29;30;32
meta-llama/Meta-Llama-3.1-8B,xsum,LOO-long,md_mean_L3,ref,0.029862,0.006496,3,0,0;1;2;3;4;5;6;7;8;9;10;11;12;13;14;15;16;17;18;19;20;21;22;23;24;25;26;27;28;29;30;32
meta-llama/Meta-Llama-3.1-8B,xsum,LOO-long,md_mean_L30,ref,-0.201396,0.011112,3,0,0;1;2;3;4;5;6;7;8;9;10;11;12;13;14;15;16;17;18;19;20;21;22;23;24;25;26;27;28;29;30;32
meta-llama/Meta-Llama-3.1-8B,xsum,LOO-long,md_mean_L32,ref,-0.15284,0.008703,3,0,0;1;2;3;4;5;6;7;8;9;10;11;12;13;14;15;16;17;18;19;20;21;22;23;24;25;26;27;28;29;30;32
meta-llama/Meta-Llama-3.1-8B,xsum,LOO-long,md_mean_L4,ref,-0.027566,0.009037,3,0,0;1;2;3;4;5;6;7;8;9;10;11;12;13;14;15;16;17;18;19;20;21;22;23;24;25;26;27;28;29;30;32
meta-llama/Meta-Llama-3.1-8B,xsum,LOO-long,md_mean_L5,ref,-0.06238,0.011931,3,0,0;1;2;3;4;5;6;7;8;9;10;11;12;13;14;15;16;17;18;19;20;21;22;23;24;25;26;27;28;29;30;32
meta-llama/Meta-Llama-3.1-8B,xsum,LOO-long,md_mean_L6,ref,-0.117455,0.015359,3,0,0;1;2;3;4;5;6;7;8;9;10;11;12;13;14;15;16;17;18;19;20;21;22;23;24;25;26;27;28;29;30;32
meta-llama/Meta-Llama-3.1-8B,xsum,LOO-long,md_mean_L7,ref,-0.116211,0.014715,3,0,0;1;2;3;4;5;6;7;8;9;10;11;12;13;14;15;16;17;18;19;20;21;22;23;24;25;26;27;28;29;30;32
meta-llama/Meta-Llama-3.1-8B,xsum,LOO-long,md_mean_L8,ref,-0.132242,0.013691,3,0,0;1;2;3;4;5;6;7;8;9;10;11;12;13;14;15;16;17;18;19;20;21;22;23;24;25;26;27;28;29;30;32
meta-llama/Meta-Llama-3.1-8B,xsum,LOO-long,md_mean_L9,ref,-0.105128,0.01209,3,0,0;1;2;3;4;5;6;7;8;9;10;11;12;13;14;15;16;17;18;19;20;21;22;23;24;25;26;27;28;29;30;32
meta-llama/Meta-Llama-3.1-8B,xsum,LOO-long,rmd_mean_L0,ref,0.011534,0.001038,3,0,0;1;2;3;4;5;6;7;8;9;10;11;12;13;14;15;16;17;18;19;20;21;22;23;24;25;26;27;28;29;30;32
meta-llama/Meta-Llama-3.1-8B,xsum,LOO-long,rmd_mean_L1,ref,0.00479,0.003102,3,0,0;1;2;3;4;5;6;7;8;9;10;11;12;13;14;15;16;17;18;19;20;21;22;23;24;25;26;27;28;29;30;32
meta-llama/Meta-Llama-3.1-8B,xsum,LOO-long,rmd_mean_L10,ref,-0.077607,0.009315,3,0,0;1;2;3;4;5;6;7;8;9;10;11;12;13;14;15;16;17;18;19;20;21;22;23;24;25;26;27;28;29;30;32
meta-llama/Meta-Llama-3.1-8B,xsum,LOO-long,rmd_mean_L11,ref,-0.088074,0.009253,3,0,0;1;2;3;4;5;6;7;8;9;10;11;12;13;14;15;16;17;18;19;20;21;22;23;24;25;26;27;28;29;30;32
meta-llama/Meta-Llama-3.1-8B,xsum,LOO-long,rmd_mean_L12,ref,-0.102232,0.007787,3,0,0;1;2;3;4;5;6;7;8;9;10;11;12;13;14;15;16;17;18;19;20;21;22;23;24;25;26;27;28;29;30;32
meta-llama/Meta-Llama-3.1-8B,xsum,LOO-long,rmd_mean_L13,ref,-0.107757,0.006087,3,0,0;1;2;3;4;5;6;7;8;9;10;11;12;13;14;15;16;17;18;19;20;21;22;23;24;25;26;27;28;29;30;32
meta-llama/Meta-Llama-3.1-8B,xsum,LOO-long,rmd_mean_L14,ref,-0.129381,0.00748,3,0,0;1;2;3;4;5;6;7;8;9;10;11;12;13;14;15;16;17;18;19;20;21;22;23;24;25;26;27;28;29;30;32
meta-llama/Meta-Llama-3.1-8B,xsum,LOO-long,rmd_mean_L15,ref,-0.101809,0.007784,3,0,0;1;2;3;4;5;6;7;8;9;10;11;12;13;14;15;16;17;18;19;20;21;22;23;24;25;26;27;28;29;30;32
meta-llama/Meta-Llama-3.1-8B,xsum,LOO-long,rmd_mean_L16,ref,-0.024645,0.009599,3,0,0;1;2;3;4;5;6;7;8;9;10;11;12;13;14;15;16;17;18;19;20;21;22;23;24;25;26;27;28;29;30;32
meta-llama/Meta-Llama-3.1-8B,xsum,LOO-long,rmd_mean_L17,ref,0.015425,0.006258,3,0,0;1;2;3;4;5;6;7;8;9;10;11;12;13;14;15;16;17;18;19;20;21;22;23;24;25;26;27;28;29;30;32
meta-llama/Meta-Llama-3.1-8B,xsum,LOO-long,rmd_mean_L18,ref,0.018314,0.004588,3,0,0;1;2;3;4;5;6;7;8;9;10;11;12;13;14;15;16;17;18;19;20;21;22;23;24;25;26;27;28;29;30;32
meta-llama/Meta-Llama-3.1-8B,xsum,LOO-long,rmd_mean_L19,ref,0.02959,0.004895,3,0,0;1;2;3;4;5;6;7;8;9;10;11;12;13;14;15;16;17;18;19;20;21;22;23;24;25;26;27;28;29;30;32
meta-llama/Meta-Llama-3.1-8B,xsum,LOO-long,rmd_mean_L2,ref,0.017541,0.007593,3,0,0;1;2;3;4;5;6;7;8;9;10;11;12;13;14;15;16;17;18;19;20;21;22;23;24;25;26;27;28;29;30;32
meta-llama/Meta-Llama-3.1-8B,xsum,LOO-long,rmd_mean_L20,ref,0.028479,0.004417,3,0,0;1;2;3;4;5;6;7;8;9;10;11;12;13;14;15;16;17;18;19;20;21;22;23;24;25;26;27;28;29;30;32
meta-llama/Meta-Llama-3.1-8B,xsum,LOO-long,rmd_mean_L21,ref,0.037132,0.004109,3,0,0;1;2;3;4;5;6;7;8;9;10;11;12;13;14;15;16;17;18;19;20;21;22;23;24;25;26;27;28;29;30;32
meta-llama/Meta-Llama-3.1-8B,xsum,LOO-long,rmd_mean_L22,ref,0.043092,0.003756,3,0,0;1;2;3;4;5;6;7;8;9;10;11;12;13;14;15;16;17;18;19;20;21;22;23;24;25;26;27;28;29;30;32
meta-llama/Meta-Llama-3.1-8B,xsum,LOO-long,rmd_mean_L23,ref,0.040357,0.003197,3,0,0;1;2;3;4;5;6;7;8;9;10;11;12;13;14;15;16;17;18;19;20;21;22;23;24;25;26;27;28;29;30;32
meta-llama/Meta-Llama-3.1-8B,xsum,LOO-long,rmd_mean_L24,ref,0.043814,0.003762,3,0,0;1;2;3;4;5;6;7;8;9;10;11;12;13;14;15;16;17;18;19;20;21;22;23;24;25;26;27;28;29;30;32
meta-llama/Meta-Llama-3.1-8B,xsum,LOO-long,rmd_mean_L25,ref,0.047824,0.003662,3,0,0;1;2;3;4;5;6;7;8;9;10;11;12;13;14;15;16;17;18;19;20;21;22;23;24;25;26;27;28;29;30;32
meta-llama/Meta-Llama-3.1-8B,xsum,LOO-long,rmd_mean_L26,ref,0.048372,0.003195,3,0,0;1;2;3;4;5;6;7;8;9;10;11;12;13;14;15;16;17;18;19;20;21;22;23;24;25;26;27;28;29;30;32
meta-llama/Meta-Llama-3.1-8B,xsum,LOO-long,rmd_mean_L27,ref,0.03734,0.003691,3,0,0;1;2;3;4;5;6;7;8;9;10;11;12;13;14;15;16;17;18;19;20;21;22;23;24;25;26;27;28;29;30;32
meta-llama/Meta-Llama-3.1-8B,xsum,LOO-long,rmd_mean_L28,ref,0.032561,0.003811,3,0,0;1;2;3;4;5;6;7;8;9;10;11;12;13;14;15;16;17;18;19;20;21;22;23;24;25;26;27;28;29;30;32
meta-llama/Meta-Llama-3.1-8B,xsum,LOO-long,rmd_mean_L29,ref,0.033227,0.003557,3,0,0;1;2;3;4;5;6;7;8;9;10;11;12;13;14;15;16;17;18;19;20;21;22;23;24;25;26;27;28;29;30;32
meta-llama/Meta-Llama-3.1-8B,xsum,LOO-long,rmd_mean_L3,ref,0.068658,0.010163,3,0,0;1;2;3;4;5;6;7;8;9;10;11;12;13;14;15;16;17;18;19;20;21;22;23;24;25;26;27;28;29;30;32
meta-llama/Meta-Llama-3.1-8B,xsum,LOO-long,rmd_mean_L30,ref,0.014904,0.004661,3,0,0;1;2;3;4;5;6;7;8;9;10;11;12;13;14;15;16;17;18;19;20;21;22;23;24;25;26;27;28;29;30;32
meta-llama/Meta-Llama-3.1-8B,xsum,LOO-long,rmd_mean_L32,ref,0.035073,0.003756,3,0,0;1;2;3;4;5;6;7;8;9;10;11;12;13;14;15;16;17;18;19;20;21;22;23;24;25;26;27;28;29;30;32
meta-llama/Meta-Llama-3.1-8B,xsum,LOO-long,rmd_mean_L4,ref,0.089476,0.013449,3,0,0;1;2;3;4;5;6;7;8;9;10;11;12;13;14;15;16;17;18;19;20;21;22;23;24;25;26;27;28;29;30;32
meta-llama/Meta-Llama-3.1-8B,xsum,LOO-long,rmd_mean_L5,ref,0.083442,0.014516,3,0,0;1;2;3;4;5;6;7;8;9;10;11;12;13;14;15;16;17;18;19;20;21;22;23;24;25;26;27;28;29;30;32
meta-llama/Meta-Llama-3.1-8B,xsum,LOO-long,rmd_mean_L6,ref,0.052265,0.014269,3,0,0;1;2;3;4;5;6;7;8;9;10;11;12;13;14;15;16;17;18;19;20;21;22;23;24;25;26;27;28;29;30;32
meta-llama/Meta-Llama-3.1-8B,xsum,LOO-long,rmd_mean_L7,ref,0.066283,0.013319,3,0,0;1;2;3;4;5;6;7;8;9;10;11;12;13;14;15;16;17;18;19;20;21;22;23;24;25;26;27;28;29;30;32
meta-llama/Meta-Llama-3.1-8B,xsum,LOO-long,rmd_mean_L8,ref,0.011677,0.012116,3,0,0;1;2;3;4;5;6;7;8;9;10;11;12;13;14;15;16;17;18;19;20;21;22;23;24;25;26;27;28;29;30;32
meta-llama/Meta-Llama-3.1-8B,xsum,LOO-long,rmd_mean_L9,ref,-0.01755,0.013974,3,0,0;1;2;3;4;5;6;7;8;9;10;11;12;13;14;15;16;17;18;19;20;21;22;23;24;25;26;27;28;29;30;32
meta-llama/Meta-Llama-3.1-8B,xsum,LOO-long,satmd_alllayer,ref,-0.103877,0.047622,3,0,0;1;2;3;4;5;6;7;8;9;10;11;12;13;14;15;16;17;18;19;20;21;22;23;24;25;26;27;28;29;30;32
meta-llama/Meta-Llama-3.1-8B,xsum,LOO-long,satrmd_alllayer,ref,-0.089058,0.014869,3,0,0;1;2;3;4;5;6;7;8;9;10;11;12;13;14;15;16;17;18;19;20;21;22;23;24;25;26;27;28;29;30;32
meta-llama/Meta-Llama-3.1-8B,xsum,SameTask-long,huq_satmd_alllayer,ref,-0.075418,0.077189,3,0,0;1;2;3;4;5;6;7;8;9;10;11;12;13;14;15;16;17;18;19;20;21;22;23;24;25;26;27;28;29;30;32
meta-llama/Meta-Llama-3.1-8B,xsum,SameTask-long,huq_satrmd_alllayer,ref,-0.107972,0.024482,3,0,0;1;2;3;4;5;6;7;8;9;10;11;12;13;14;15;16;17;18;19;20;21;22;23;24;25;26;27;28;29;30;32
meta-llama/Meta-Llama-3.1-8B,xsum,SameTask-long,md_mean_L0,ref,0.00394,0.003976,3,0,0;1;2;3;4;5;6;7;8;9;10;11;12;13;14;15;16;17;18;19;20;21;22;23;24;25;26;27;28;29;30;32
meta-llama/Meta-Llama-3.1-8B,xsum,SameTask-long,md_mean_L1,ref,0.033454,0.002795,3,0,0;1;2;3;4;5;6;7;8;9;10;11;12;13;14;15;16;17;18;19;20;21;22;23;24;25;26;27;28;29;30;32
meta-llama/Meta-Llama-3.1-8B,xsum,SameTask-long,md_mean_L10,ref,-0.074007,0.002877,3,0,0;1;2;3;4;5;6;7;8;9;10;11;12;13;14;15;16;17;18;19;20;21;22;23;24;25;26;27;28;29;30;32
meta-llama/Meta-Llama-3.1-8B,xsum,SameTask-long,md_mean_L11,ref,-0.057848,0.002578,3,0,0;1;2;3;4;5;6;7;8;9;10;11;12;13;14;15;16;17;18;19;20;21;22;23;24;25;26;27;28;29;30;32
meta-llama/Meta-Llama-3.1-8B,xsum,SameTask-long,md_mean_L12,ref,-0.060652,0.002892,3,0,0;1;2;3;4;5;6;7;8;9;10;11;12;13;14;15;16;17;18;19;20;21;22;23;24;25;26;27;28;29;30;32
meta-llama/Meta-Llama-3.1-8B,xsum,SameTask-long,md_mean_L13,ref,-0.064215,0.002623,3,0,0;1;2;3;4;5;6;7;8;9;10;11;12;13;14;15;16;17;18;19;20;21;22;23;24;25;26;27;28;29;30;32
meta-llama/Meta-Llama-3.1-8B,xsum,SameTask-long,md_mean_L14,ref,-0.103574,0.002413,3,0,0;1;2;3;4;5;6;7;8;9;10;11;12;13;14;15;16;17;18;19;20;21;22;23;24;25;26;27;28;29;30;32
meta-llama/Meta-Llama-3.1-8B,xsum,SameTask-long,md_mean_L15,ref,-0.15162,0.002487,3,0,0;1;2;3;4;5;6;7;8;9;10;11;12;13;14;15;16;17;18;19;20;21;22;23;24;25;26;27;28;29;30;32
meta-llama/Meta-Llama-3.1-8B,xsum,SameTask-long,md_mean_L16,ref,-0.153556,0.002141,3,0,0;1;2;3;4;5;6;7;8;9;10;11;12;13;14;15;16;17;18;19;20;21;22;23;24;25;26;27;28;29;30;32
meta-llama/Meta-Llama-3.1-8B,xsum,SameTask-long,md_mean_L17,ref,-0.14423,0.001959,3,0,0;1;2;3;4;5;6;7;8;9;10;11;12;13;14;15;16;17;18;19;20;21;22;23;24;25;26;27;28;29;30;32
meta-llama/Meta-Llama-3.1-8B,xsum,SameTask-long,md_mean_L18,ref,-0.151522,0.001946,3,0,0;1;2;3;4;5;6;7;8;9;10;11;12;13;14;15;16;17;18;19;20;21;22;23;24;25;26;27;28;29;30;32
meta-llama/Meta-Llama-3.1-8B,xsum,SameTask-long,md_mean_L19,ref,-0.169403,0.001959,3,0,0;1;2;3;4;5;6;7;8;9;10;11;12;13;14;15;16;17;18;19;20;21;22;23;24;25;26;27;28;29;30;32
meta-llama/Meta-Llama-3.1-8B,xsum,SameTask-long,md_mean_L2,ref,0.05928,0.001834,3,0,0;1;2;3;4;5;6;7;8;9;10;11;12;13;14;15;16;17;18;19;20;21;22;23;24;25;26;27;28;29;30;32
meta-llama/Meta-Llama-3.1-8B,xsum,SameTask-long,md_mean_L20,ref,-0.168433,0.002249,3,0,0;1;2;3;4;5;6;7;8;9;10;11;12;13;14;15;16;17;18;19;20;21;22;23;24;25;26;27;28;29;30;32
meta-llama/Meta-Llama-3.1-8B,xsum,SameTask-long,md_mean_L21,ref,-0.166375,0.00194,3,0,0;1;2;3;4;5;6;7;8;9;10;11;12;13;14;15;16;17;18;19;20;21;22;23;24;25;26;27;28;29;30;32
meta-llama/Meta-Llama-3.1-8B,xsum,SameTask-long,md_mean_L22,ref,-0.183582,0.002323,3,0,0;1;2;3;4;5;6;7;8;9;10;11;12;13;14;15;16;17;18;19;20;21;22;23;24;25;26;27;28;29;30;32
meta-llama/Meta-Llama-3.1-8B,xsum,SameTask-long,md_mean_L23,ref,-0.189155,0.001898,3,0,0;1;2;3;4;5;6;7;8;9;10;11;12;13;14;15;16;17;18;19;20;21;22;23;24;25;26;27;28;29;30;32
meta-llama/Meta-Llama-3.1-8B,xsum,SameTask-long,md_mean_L24,ref,-0.198561,0.002323,3,0,0;1;2;3;4;5;6;7;8;9;10;11;12;13;14;15;16;17;18;19;20;21;22;23;24;25;26;27;28;29;30;32
meta-llama/Meta-Llama-3.1-8B,xsum,SameTask-long,md_mean_L25,ref,-0.195428,0.00217,3,0,0;1;2;3;4;5;6;7;8;9;10;11;12;13;14;15;16;17;18;19;20;21;22;23;24;25;26;27;28;29;30;32
meta-llama/Meta-Llama-3.1-8B,xsum,SameTask-long,md_mean_L26,ref,-0.192261,0.002255,3,0,0;1;2;3;4;5;6;7;8;9;10;11;12;13;14;15;16;17;18;19;20;21;22;23;24;25;26;27;28;29;30;32
meta-llama/Meta-Llama-3.1-8B,xsum,SameTask-long,md_mean_L27,ref,-0.191241,0.002336,3,0,0;1;2;3;4;5;6;7;8;9;10;11;12;13;14;15;16;17;18;19;20;21;22;23;24;25;26;27;28;29;30;32
meta-llama/Meta-Llama-3.1-8B,xsum,SameTask-long,md_mean_L28,ref,-0.180617,0.002277,3,0,0;1;2;3;4;5;6;7;8;9;10;11;12;13;14;15;16;17;18;19;20;21;22;23;24;25;26;27;28;29;30;32
meta-llama/Meta-Llama-3.1-8B,xsum,SameTask-long,md_mean_L29,ref,-0.175512,0.002518,3,0,0;1;2;3;4;5;6;7;8;9;10;11;12;13;14;15;16;17;18;19;20;21;22;23;24;25;26;27;28;29;30;32
meta-llama/Meta-Llama-3.1-8B,xsum,SameTask-long,md_mean_L3,ref,0.052221,0.001846,3,0,0;1;2;3;4;5;6;7;8;9;10;11;12;13;14;15;16;17;18;19;20;21;22;23;24;25;26;27;28;29;30;32
meta-llama/Meta-Llama-3.1-8B,xsum,SameTask-long,md_mean_L30,ref,-0.170108,0.001727,3,0,0;1;2;3;4;5;6;7;8;9;10;11;12;13;14;15;16;17;18;19;20;21;22;23;24;25;26;27;28;29;30;32
meta-llama/Meta-Llama-3.1-8B,xsum,SameTask-long,md_mean_L32,ref,-0.143158,0.002024,3,0,0;1;2;3;4;5;6;7;8;9;10;11;12;13;14;15;16;17;18;19;20;21;22;23;24;25;26;27;28;29;30;32
meta-llama/Meta-Llama-3.1-8B,xsum,SameTask-long,md_mean_L4,ref,0.00327,0.002176,3,0,0;1;2;3;4;5;6;7;8;9;10;11;12;13;14;15;16;17;18;19;20;21;22;23;24;25;26;27;28;29;30;32
meta-llama/Meta-Llama-3.1-8B,xsum,SameTask-long,md_mean_L5,ref,-0.03231,0.002582,3,0,0;1;2;3;4;5;6;7;8;9;10;11;12;13;14;15;16;17;18;19;20;21;22;23;24;25;26;27;28;29;30;32
meta-llama/Meta-Llama-3.1-8B,xsum,SameTask-long,md_mean_L6,ref,-0.081392,0.003223,3,0,0;1;2;3;4;5;6;7;8;9;10;11;12;13;14;15;16;17;18;19;20;21;22;23;24;25;26;27;28;29;30;32
meta-llama/Meta-Llama-3.1-8B,xsum,SameTask-long,md_mean_L7,ref,-0.078688,0.002873,3,0,0;1;2;3;4;5;6;7;8;9;10;11;12;13;14;15;16;17;18;19;20;21;22;23;24;25;26;27;28;29;30;32
meta-llama/Meta-Llama-3.1-8B,xsum,SameTask-long,md_mean_L8,ref,-0.085071,0.003359,3,0,0;1;2;3;4;5;6;7;8;9;10;11;12;13;14;15;16;17;18;19;20;21;22;23;24;25;26;27;28;29;30;32
meta-llama/Meta-Llama-3.1-8B,xsum,SameTask-long,md_mean_L9,ref,-0.081688,0.002731,3,0,0;1;2;3;4;5;6;7;8;9;10;11;12;13;14;15;16;17;18;19;20;21;22;23;24;25;26;27;28;29;30;32
meta-llama/Meta-Llama-3.1-8B,xsum,SameTask-long,rmd_mean_L0,ref,0.018444,0.002284,3,0,0;1;2;3;4;5;6;7;8;9;10;11;12;13;14;15;16;17;18;19;20;21;22;23;24;25;26;27;28;29;30;32
meta-llama/Meta-Llama-3.1-8B,xsum,SameTask-long,rmd_mean_L1,ref,0.033478,0.004357,3,0,0;1;2;3;4;5;6;7;8;9;10;11;12;13;14;15;16;17;18;19;20;21;22;23;24;25;26;27;28;29;30;32
meta-llama/Meta-Llama-3.1-8B,xsum,SameTask-long,rmd_mean_L10,ref,-0.073597,0.001341,3,0,0;1;2;3;4;5;6;7;8;9;10;11;12;13;14;15;16;17;18;19;20;21;22;23;24;25;26;27;28;29;30;32
meta-llama/Meta-Llama-3.1-8B,xsum,SameTask-long,rmd_mean_L11,ref,-0.075681,0.001431,3,0,0;1;2;3;4;5;6;7;8;9;10;11;12;13;14;15;16;17;18;19;20;21;22;23;24;25;26;27;28;29;30;32
meta-llama/Meta-Llama-3.1-8B,xsum,SameTask-long,rmd_mean_L12,ref,-0.079745,0.00207,3,0,0;1;2;3;4;5;6;7;8;9;10;11;12;13;14;15;16;17;18;19;20;21;22;23;24;25;26;27;28;29;30;32
meta-llama/Meta-Llama-3.1-8B,xsum,SameTask-long,rmd_mean_L13,ref,-0.088009,0.002341,3,0,0;1;2;3;4;5;6;7;8;9;10;11;12;13;14;15;16;17;18;19;20;21;22;23;24;25;26;27;28;29;30;32
meta-llama/Meta-Llama-3.1-8B,xsum,SameTask-long,rmd_mean_L14,ref,-0.114355,0.001205,3,0,0;1;2;3;4;5;6;7;8;9;10;11;12;13;14;15;16;17;18;19;20;21;22;23;24;25;26;27;28;29;30;32
meta-llama/Meta-Llama-3.1-8B,xsum,SameTask-long,rmd_mean_L15,ref,-0.105436,0.000939,3,0,0;1;2;3;4;5;6;7;8;9;10;11;12;13;14;15;16;17;18;19;20;21;22;23;24;25;26;27;28;29;30;32
meta-llama/Meta-Llama-3.1-8B,xsum,SameTask-long,rmd_mean_L16,ref,-0.066586,0.000958,3,0,0;1;2;3;4;5;6;7;8;9;10;11;12;13;14;15;16;17;18;19;20;21;22;23;24;25;26;27;28;29;30;32
meta-llama/Meta-Llama-3.1-8B,xsum,SameTask-long,rmd_mean_L17,ref,-0.047883,0.002159,3,0,0;1;2;3;4;5;6;7;8;9;10;11;12;13;14;15;16;17;18;19;20;21;22;23;24;25;26;27;28;29;30;32
meta-llama/Meta-Llama-3.1-8B,xsum,SameTask-long,rmd_mean_L18,ref,-0.040306,0.002337,3,0,0;1;2;3;4;5;6;7;8;9;10;11;12;13;14;15;16;17;18;19;20;21;22;23;24;25;26;27;28;29;30;32
meta-llama/Meta-Llama-3.1-8B,xsum,SameTask-long,rmd_mean_L19,ref,-0.032344,0.002121,3,0,0;1;2;3;4;5;6;7;8;9;10;11;12;13;14;15;16;17;18;19;20;21;22;23;24;25;26;27;28;29;30;32
meta-llama/Meta-Llama-3.1-8B,xsum,SameTask-long,rmd_mean_L2,ref,0.079112,0.004057,3,0,0;1;2;3;4;5;6;7;8;9;10;11;12;13;14;15;16;17;18;19;20;21;22;23;24;25;26;27;28;29;30;32
meta-llama/Meta-Llama-3.1-8B,xsum,SameTask-long,rmd_mean_L20,ref,-0.035763,0.00153,3,0,0;1;2;3;4;5;6;7;8;9;10;11;12;13;14;15;16;17;18;19;20;21;22;23;24;25;26;27;28;29;30;32
meta-llama/Meta-Llama-3.1-8B,xsum,SameTask-long,rmd_mean_L21,ref,-0.035494,0.001472,3,0,0;1;2;3;4;5;6;7;8;9;10;11;12;13;14;15;16;17;18;19;20;21;22;23;24;25;26;27;28;29;30;32
meta-llama/Meta-Llama-3.1-8B,xsum,SameTask-long,rmd_mean_L22,ref,-0.037883,0.001772,3,0,0;1;2;3;4;5;6;7;8;9;10;11;12;13;14;15;16;17;18;19;20;21;22;23;24;25;26;27;28;29;30;32
meta-llama/Meta-Llama-3.1-8B,xsum,SameTask-long,rmd_mean_L23,ref,-0.040562,0.001481,3,0,0;1;2;3;4;5;6;7;8;9;10;11;12;13;14;15;16;17;18;19;20;21;22;23;24;25;26;27;28;29;30;32
meta-llama/Meta-Llama-3.1-8B,xsum,SameTask-long,rmd_mean_L24,ref,-0.044686,0.00114,3,0,0;1;2;3;4;5;6;7;8;9;10;11;12;13;14;15;16;17;18;19;20;21;22;23;24;25;26;27;28;29;30;32
meta-llama/Meta-Llama-3.1-8B,xsum,SameTask-long,rmd_mean_L25,ref,-0.046256,0.001168,3,0,0;1;2;3;4;5;6;7;8;9;10;11;12;13;14;15;16;17;18;19;20;21;22;23;24;25;26;27;28;29;30;32
meta-llama/Meta-Llama-3.1-8B,xsum,SameTask-long,rmd_mean_L26,ref,-0.044036,0.000833,3,0,0;1;2;3;4;5;6;7;8;9;10;11;12;13;14;15;16;17;18;19;20;21;22;23;24;25;26;27;28;29;30;32
meta-llama/Meta-Llama-3.1-8B,xsum,SameTask-long,rmd_mean_L27,ref,-0.050279,0.001506,3,0,0;1;2;3;4;5;6;7;8;9;10;11;12;13;14;15;16;17;18;19;20;21;22;23;24;25;26;27;28;29;30;32
meta-llama/Meta-Llama-3.1-8B,xsum,SameTask-long,rmd_mean_L28,ref,-0.053247,0.001498,3,0,0;1;2;3;4;5;6;7;8;9;10;11;12;13;14;15;16;17;18;19;20;21;22;23;24;25;26;27;28;29;30;32
meta-llama/Meta-Llama-3.1-8B,xsum,SameTask-long,rmd_mean_L29,ref,-0.052888,0.001174,3,0,0;1;2;3;4;5;6;7;8;9;10;11;12;13;14;15;16;17;18;19;20;21;22;23;24;25;26;27;28;29;30;32
meta-llama/Meta-Llama-3.1-8B,xsum,SameTask-long,rmd_mean_L3,ref,0.099683,0.002713,3,0,0;1;2;3;4;5;6;7;8;9;10;11;12;13;14;15;16;17;18;19;20;21;22;23;24;25;26;27;28;29;30;32
meta-llama/Meta-Llama-3.1-8B,xsum,SameTask-long,rmd_mean_L30,ref,-0.064847,0.001142,3,0,0;1;2;3;4;5;6;7;8;9;10;11;12;13;14;15;16;17;18;19;20;21;22;23;24;25;26;27;28;29;30;32
meta-llama/Meta-Llama-3.1-8B,xsum,SameTask-long,rmd_mean_L32,ref,-0.086157,0.001645,3,0,0;1;2;3;4;5;6;7;8;9;10;11;12;13;14;15;16;17;18;19;20;21;22;23;24;25;26;27;28;29;30;32
meta-llama/Meta-Llama-3.1-8B,xsum,SameTask-long,rmd_mean_L4,ref,0.084046,0.003022,3,0,0;1;2;3;4;5;6;7;8;9;10;11;12;13;14;15;16;17;18;19;20;21;22;23;24;25;26;27;28;29;30;32
meta-llama/Meta-Llama-3.1-8B,xsum,SameTask-long,rmd_mean_L5,ref,0.057983,0.004029,3,0,0;1;2;3;4;5;6;7;8;9;10;11;12;13;14;15;16;17;18;19;20;21;22;23;24;25;26;27;28;29;30;32
meta-llama/Meta-Llama-3.1-8B,xsum,SameTask-long,rmd_mean_L6,ref,0.012268,0.003061,3,0,0;1;2;3;4;5;6;7;8;9;10;11;12;13;14;15;16;17;18;19;20;21;22;23;24;25;26;27;28;29;30;32
meta-llama/Meta-Llama-3.1-8B,xsum,SameTask-long,rmd_mean_L7,ref,0.007153,0.002168,3,0,0;1;2;3;4;5;6;7;8;9;10;11;12;13;14;15;16;17;18;19;20;21;22;23;24;25;26;27;28;29;30;32
meta-llama/Meta-Llama-3.1-8B,xsum,SameTask-long,rmd_mean_L8,ref,-0.018003,0.002016,3,0,0;1;2;3;4;5;6;7;8;9;10;11;12;13;14;15;16;17;18;19;20;21;22;23;24;25;26;27;28;29;30;32
meta-llama/Meta-Llama-3.1-8B,xsum,SameTask-long,rmd_mean_L9,ref,-0.0466,0.001825,3,0,0;1;2;3;4;5;6;7;8;9;10;11;12;13;14;15;16;17;18;19;20;21;22;23;24;25;26;27;28;29;30;32
meta-llama/Meta-Llama-3.1-8B,xsum,SameTask-long,satmd_alllayer,ref,-0.057005,0.068183,3,0,0;1;2;3;4;5;6;7;8;9;10;11;12;13;14;15;16;17;18;19;20;21;22;23;24;25;26;27;28;29;30;32
meta-llama/Meta-Llama-3.1-8B,xsum,SameTask-long,satrmd_alllayer,ref,-0.092492,0.03385,3,0,0;1;2;3;4;5;6;7;8;9;10;11;12;13;14;15;16;17;18;19;20;21;22;23;24;25;26;27;28;29;30;32
