model,eval,rung,train,method,family,prr_mean,prr_std,n_seeds,degenerate_seeds,source,method_cells,complete_grid
meta-llama/Meta-Llama-3.1-8B,pubmed_qa,SameTask-long,med_quad:900+asqa:900,floor_sum,reference baseline,0.2018,0.0,3,,corrected-span master,40,yes
meta-llama/Meta-Llama-3.1-8B,pubmed_qa,SameTask-long,med_quad:900+asqa:900,floor_ppl,reference baseline,-0.1736,0.0,3,,corrected-span master,40,yes
meta-llama/Meta-Llama-3.1-8B,pubmed_qa,SameTask-long,med_quad:900+asqa:900,floor_min,reference baseline,0.371,0.0,3,,corrected-span master,40,yes
meta-llama/Meta-Llama-3.1-8B,pubmed_qa,SameTask-long,med_quad:900+asqa:900,fair_floor,reference baseline,0.371,0.0,0,,corrected-span master,40,yes
meta-llama/Meta-Llama-3.1-8B,pubmed_qa,SameTask-long,med_quad:900+asqa:900,saplma,reference baseline,0.3807,0.0331,3,,corrected-span master,40,yes
meta-llama/Meta-Llama-3.1-8B,pubmed_qa,SameTask-long,med_quad:900+asqa:900,uniform,this project,0.3255,0.0317,3,,corrected-span master,40,yes
meta-llama/Meta-Llama-3.1-8B,pubmed_qa,SameTask-long,med_quad:900+asqa:900,attention,this project,0.1611,0.0319,3,,corrected-span master,40,yes
meta-llama/Meta-Llama-3.1-8B,pubmed_qa,SameTask-long,med_quad:900+asqa:900,wmsp_norm,this project,0.0558,0.0981,3,,corrected-span master,40,yes
meta-llama/Meta-Llama-3.1-8B,pubmed_qa,SameTask-long,med_quad:900+asqa:900,wmsp_seg_flat,this project,-0.0115,0.0065,3,,corrected-span master,40,yes
meta-llama/Meta-Llama-3.1-8B,pubmed_qa,SameTask-long,med_quad:900+asqa:900,wmsp_seg_softmax,this project,-0.0413,0.019,3,,corrected-span master,40,yes
meta-llama/Meta-Llama-3.1-8B,pubmed_qa,SameTask-long,med_quad:900+asqa:900,wmsp_shrink1_5,this project,0.0293,0.045,3,,corrected-span master,40,yes
meta-llama/Meta-Llama-3.1-8B,pubmed_qa,SameTask-long,med_quad:900+asqa:900,wmsp_shrink2,this project,0.0531,0.0563,3,,corrected-span master,40,yes
meta-llama/Meta-Llama-3.1-8B,pubmed_qa,SameTask-long,med_quad:900+asqa:900,wmsp_shrink10,this project,-0.1195,0.0061,3,,corrected-span master,40,yes
meta-llama/Meta-Llama-3.1-8B,pubmed_qa,SameTask-long,med_quad:900+asqa:900,wmsp_blondel,this project,0.0221,0.0781,3,,corrected-span master,40,yes
meta-llama/Meta-Llama-3.1-8B,pubmed_qa,SameTask-long,med_quad:900+asqa:900,wmsp_shrink2_blondel,this project,-0.1559,0.0007,3,,corrected-span master,40,yes
meta-llama/Meta-Llama-3.1-8B,pubmed_qa,SameTask-long,med_quad:900+asqa:900,wmsp_shrink10_blondel,this project,-0.1666,0.0028,3,,corrected-span master,40,yes
meta-llama/Meta-Llama-3.1-8B,pubmed_qa,SameTask-long,med_quad:900+asqa:900,ptrue,reference baseline,0.1353,0.0486,3,,corrected-span master,40,yes
meta-llama/Meta-Llama-3.1-8B,pubmed_qa,SameTask-long,med_quad:900+asqa:900,lookback,reference baseline,-0.0056,0.111,3,,corrected-span master,40,yes
meta-llama/Meta-Llama-3.1-8B,pubmed_qa,SameTask-long,med_quad:900+asqa:900,VERDICT:bestw_vs_fairfloor,verdict,-0.2719,,3,,corrected-span master,40,yes
meta-llama/Meta-Llama-3.1-8B,pubmed_qa,SameTask-long,med_quad:900+asqa:900,VERDICT:bestw_vs_bestpooler,verdict,-0.2349,,3,,corrected-span master,40,yes
meta-llama/Meta-Llama-3.1-8B,pubmed_qa,SameTask-long,med_quad:900+asqa:900,VERDICT:attention_vs_fairfloor,verdict,-0.2088,,3,,corrected-span master,40,yes
meta-llama/Meta-Llama-3.1-8B,pubmed_qa,LOO-long,xsum:257+cnn_dailymail:257+med_quad:257+samsum:257+expertqa:257+asqa:257+factscore:257,floor_sum,reference baseline,0.2018,0.0,3,,corrected-span master,40,yes
meta-llama/Meta-Llama-3.1-8B,pubmed_qa,LOO-long,xsum:257+cnn_dailymail:257+med_quad:257+samsum:257+expertqa:257+asqa:257+factscore:257,floor_ppl,reference baseline,-0.1736,0.0,3,,corrected-span master,40,yes
meta-llama/Meta-Llama-3.1-8B,pubmed_qa,LOO-long,xsum:257+cnn_dailymail:257+med_quad:257+samsum:257+expertqa:257+asqa:257+factscore:257,floor_min,reference baseline,0.371,0.0,3,,corrected-span master,40,yes
meta-llama/Meta-Llama-3.1-8B,pubmed_qa,LOO-long,xsum:257+cnn_dailymail:257+med_quad:257+samsum:257+expertqa:257+asqa:257+factscore:257,fair_floor,reference baseline,0.371,0.0,0,,corrected-span master,40,yes
meta-llama/Meta-Llama-3.1-8B,pubmed_qa,LOO-long,xsum:257+cnn_dailymail:257+med_quad:257+samsum:257+expertqa:257+asqa:257+factscore:257,saplma,reference baseline,0.191,0.0159,3,,corrected-span master,40,yes
meta-llama/Meta-Llama-3.1-8B,pubmed_qa,LOO-long,xsum:257+cnn_dailymail:257+med_quad:257+samsum:257+expertqa:257+asqa:257+factscore:257,uniform,this project,0.1703,0.0646,3,,corrected-span master,40,yes
meta-llama/Meta-Llama-3.1-8B,pubmed_qa,LOO-long,xsum:257+cnn_dailymail:257+med_quad:257+samsum:257+expertqa:257+asqa:257+factscore:257,attention,this project,0.2049,0.0699,3,,corrected-span master,40,yes
meta-llama/Meta-Llama-3.1-8B,pubmed_qa,LOO-long,xsum:257+cnn_dailymail:257+med_quad:257+samsum:257+expertqa:257+asqa:257+factscore:257,wmsp_norm,this project,0.2338,0.0359,3,,corrected-span master,40,yes
meta-llama/Meta-Llama-3.1-8B,pubmed_qa,LOO-long,xsum:257+cnn_dailymail:257+med_quad:257+samsum:257+expertqa:257+asqa:257+factscore:257,wmsp_seg_flat,this project,-0.0688,0.0976,3,,corrected-span master,40,yes
meta-llama/Meta-Llama-3.1-8B,pubmed_qa,LOO-long,xsum:257+cnn_dailymail:257+med_quad:257+samsum:257+expertqa:257+asqa:257+factscore:257,wmsp_seg_softmax,this project,-0.017,0.0093,3,,corrected-span master,40,yes
meta-llama/Meta-Llama-3.1-8B,pubmed_qa,LOO-long,xsum:257+cnn_dailymail:257+med_quad:257+samsum:257+expertqa:257+asqa:257+factscore:257,wmsp_shrink1_5,this project,0.2612,0.0423,3,,corrected-span master,40,yes
meta-llama/Meta-Llama-3.1-8B,pubmed_qa,LOO-long,xsum:257+cnn_dailymail:257+med_quad:257+samsum:257+expertqa:257+asqa:257+factscore:257,wmsp_shrink2,this project,0.2456,0.0651,3,,corrected-span master,40,yes
meta-llama/Meta-Llama-3.1-8B,pubmed_qa,LOO-long,xsum:257+cnn_dailymail:257+med_quad:257+samsum:257+expertqa:257+asqa:257+factscore:257,wmsp_shrink10,this project,0.0348,0.0448,3,,corrected-span master,40,yes
meta-llama/Meta-Llama-3.1-8B,pubmed_qa,LOO-long,xsum:257+cnn_dailymail:257+med_quad:257+samsum:257+expertqa:257+asqa:257+factscore:257,wmsp_blondel,this project,0.2586,0.0337,3,,corrected-span master,40,yes
meta-llama/Meta-Llama-3.1-8B,pubmed_qa,LOO-long,xsum:257+cnn_dailymail:257+med_quad:257+samsum:257+expertqa:257+asqa:257+factscore:257,wmsp_shrink2_blondel,this project,-0.1281,0.0128,3,,corrected-span master,40,yes
meta-llama/Meta-Llama-3.1-8B,pubmed_qa,LOO-long,xsum:257+cnn_dailymail:257+med_quad:257+samsum:257+expertqa:257+asqa:257+factscore:257,wmsp_shrink10_blondel,this project,-0.1646,0.0017,3,,corrected-span master,40,yes
meta-llama/Meta-Llama-3.1-8B,pubmed_qa,LOO-long,xsum:257+cnn_dailymail:257+med_quad:257+samsum:257+expertqa:257+asqa:257+factscore:257,ptrue,reference baseline,0.2739,0.0352,3,,corrected-span master,40,yes
meta-llama/Meta-Llama-3.1-8B,pubmed_qa,LOO-long,xsum:257+cnn_dailymail:257+med_quad:257+samsum:257+expertqa:257+asqa:257+factscore:257,lookback,reference baseline,-0.2779,0.0626,3,,corrected-span master,40,yes
meta-llama/Meta-Llama-3.1-8B,pubmed_qa,LOO-long,xsum:257+cnn_dailymail:257+med_quad:257+samsum:257+expertqa:257+asqa:257+factscore:257,VERDICT:bestw_vs_fairfloor,verdict,-0.0343,,3,,corrected-span master,40,yes
meta-llama/Meta-Llama-3.1-8B,pubmed_qa,LOO-long,xsum:257+cnn_dailymail:257+med_quad:257+samsum:257+expertqa:257+asqa:257+factscore:257,VERDICT:bestw_vs_bestpooler,verdict,0.1088,,3,,corrected-span master,40,yes
meta-llama/Meta-Llama-3.1-8B,pubmed_qa,LOO-long,xsum:257+cnn_dailymail:257+med_quad:257+samsum:257+expertqa:257+asqa:257+factscore:257,VERDICT:attention_vs_fairfloor,verdict,-0.1431,,3,,corrected-span master,40,yes
meta-llama/Meta-Llama-3.1-8B,xsum,DiffTask-long,pubmed_qa:360+med_quad:360+expertqa:360+asqa:360+factscore:360,floor_sum,reference baseline,-0.2049,0.0,3,,corrected-span master,40,yes
meta-llama/Meta-Llama-3.1-8B,xsum,DiffTask-long,pubmed_qa:360+med_quad:360+expertqa:360+asqa:360+factscore:360,floor_ppl,reference baseline,-0.1719,0.0,3,,corrected-span master,40,yes
meta-llama/Meta-Llama-3.1-8B,xsum,DiffTask-long,pubmed_qa:360+med_quad:360+expertqa:360+asqa:360+factscore:360,floor_min,reference baseline,-0.0149,0.0,3,,corrected-span master,40,yes
meta-llama/Meta-Llama-3.1-8B,xsum,DiffTask-long,pubmed_qa:360+med_quad:360+expertqa:360+asqa:360+factscore:360,fair_floor,reference baseline,-0.0149,0.0,0,,corrected-span master,40,yes
meta-llama/Meta-Llama-3.1-8B,xsum,DiffTask-long,pubmed_qa:360+med_quad:360+expertqa:360+asqa:360+factscore:360,saplma,reference baseline,0.1695,0.0217,3,,corrected-span master,40,yes
meta-llama/Meta-Llama-3.1-8B,xsum,DiffTask-long,pubmed_qa:360+med_quad:360+expertqa:360+asqa:360+factscore:360,uniform,this project,0.0964,0.0271,3,,corrected-span master,40,yes
meta-llama/Meta-Llama-3.1-8B,xsum,DiffTask-long,pubmed_qa:360+med_quad:360+expertqa:360+asqa:360+factscore:360,attention,this project,0.1612,0.034,3,,corrected-span master,40,yes
meta-llama/Meta-Llama-3.1-8B,xsum,DiffTask-long,pubmed_qa:360+med_quad:360+expertqa:360+asqa:360+factscore:360,wmsp_norm,this project,-0.1008,0.0413,3,,corrected-span master,40,yes
meta-llama/Meta-Llama-3.1-8B,xsum,DiffTask-long,pubmed_qa:360+med_quad:360+expertqa:360+asqa:360+factscore:360,wmsp_seg_flat,this project,-0.157,0.0175,3,,corrected-span master,40,yes
meta-llama/Meta-Llama-3.1-8B,xsum,DiffTask-long,pubmed_qa:360+med_quad:360+expertqa:360+asqa:360+factscore:360,wmsp_seg_softmax,this project,-0.1618,0.0082,3,,corrected-span master,40,yes
meta-llama/Meta-Llama-3.1-8B,xsum,DiffTask-long,pubmed_qa:360+med_quad:360+expertqa:360+asqa:360+factscore:360,wmsp_shrink1_5,this project,-0.0785,0.0568,3,,corrected-span master,40,yes
meta-llama/Meta-Llama-3.1-8B,xsum,DiffTask-long,pubmed_qa:360+med_quad:360+expertqa:360+asqa:360+factscore:360,wmsp_shrink2,this project,-0.0808,0.0487,3,,corrected-span master,40,yes
meta-llama/Meta-Llama-3.1-8B,xsum,DiffTask-long,pubmed_qa:360+med_quad:360+expertqa:360+asqa:360+factscore:360,wmsp_shrink10,this project,-0.1085,0.0339,3,,corrected-span master,40,yes
meta-llama/Meta-Llama-3.1-8B,xsum,DiffTask-long,pubmed_qa:360+med_quad:360+expertqa:360+asqa:360+factscore:360,wmsp_blondel,this project,-0.0839,0.0013,3,,corrected-span master,40,yes
meta-llama/Meta-Llama-3.1-8B,xsum,DiffTask-long,pubmed_qa:360+med_quad:360+expertqa:360+asqa:360+factscore:360,wmsp_shrink2_blondel,this project,-0.1616,0.0029,3,,corrected-span master,40,yes
meta-llama/Meta-Llama-3.1-8B,xsum,DiffTask-long,pubmed_qa:360+med_quad:360+expertqa:360+asqa:360+factscore:360,wmsp_shrink10_blondel,this project,-0.1735,0.0008,3,,corrected-span master,40,yes
meta-llama/Meta-Llama-3.1-8B,xsum,DiffTask-long,pubmed_qa:360+med_quad:360+expertqa:360+asqa:360+factscore:360,ptrue,reference baseline,0.0655,0.04,3,,corrected-span master,40,yes
meta-llama/Meta-Llama-3.1-8B,xsum,DiffTask-long,pubmed_qa:360+med_quad:360+expertqa:360+asqa:360+factscore:360,lookback,reference baseline,-0.1147,0.017,3,,corrected-span master,40,yes
meta-llama/Meta-Llama-3.1-8B,xsum,DiffTask-long,pubmed_qa:360+med_quad:360+expertqa:360+asqa:360+factscore:360,VERDICT:bestw_vs_fairfloor,verdict,-0.0589,,3,,corrected-span master,40,yes
meta-llama/Meta-Llama-3.1-8B,xsum,DiffTask-long,pubmed_qa:360+med_quad:360+expertqa:360+asqa:360+factscore:360,VERDICT:bestw_vs_bestpooler,verdict,-0.2425,,3,,corrected-span master,40,yes
meta-llama/Meta-Llama-3.1-8B,xsum,DiffTask-long,pubmed_qa:360+med_quad:360+expertqa:360+asqa:360+factscore:360,VERDICT:attention_vs_fairfloor,verdict,0.1836,,3,,corrected-span master,40,yes
meta-llama/Meta-Llama-3.1-8B,xsum,LOO-long,pubmed_qa:257+cnn_dailymail:257+med_quad:257+samsum:257+expertqa:257+asqa:257+factscore:257,floor_sum,reference baseline,-0.2049,0.0,3,,corrected-span master,40,yes
meta-llama/Meta-Llama-3.1-8B,xsum,LOO-long,pubmed_qa:257+cnn_dailymail:257+med_quad:257+samsum:257+expertqa:257+asqa:257+factscore:257,floor_ppl,reference baseline,-0.1719,0.0,3,,corrected-span master,40,yes
meta-llama/Meta-Llama-3.1-8B,xsum,LOO-long,pubmed_qa:257+cnn_dailymail:257+med_quad:257+samsum:257+expertqa:257+asqa:257+factscore:257,floor_min,reference baseline,-0.0149,0.0,3,,corrected-span master,40,yes
meta-llama/Meta-Llama-3.1-8B,xsum,LOO-long,pubmed_qa:257+cnn_dailymail:257+med_quad:257+samsum:257+expertqa:257+asqa:257+factscore:257,fair_floor,reference baseline,-0.0149,0.0,0,,corrected-span master,40,yes
meta-llama/Meta-Llama-3.1-8B,xsum,LOO-long,pubmed_qa:257+cnn_dailymail:257+med_quad:257+samsum:257+expertqa:257+asqa:257+factscore:257,saplma,reference baseline,0.2841,0.0255,3,,corrected-span master,40,yes
meta-llama/Meta-Llama-3.1-8B,xsum,LOO-long,pubmed_qa:257+cnn_dailymail:257+med_quad:257+samsum:257+expertqa:257+asqa:257+factscore:257,uniform,this project,0.2564,0.0203,3,,corrected-span master,40,yes
meta-llama/Meta-Llama-3.1-8B,xsum,LOO-long,pubmed_qa:257+cnn_dailymail:257+med_quad:257+samsum:257+expertqa:257+asqa:257+factscore:257,attention,this project,0.3168,0.022,3,,corrected-span master,40,yes
meta-llama/Meta-Llama-3.1-8B,xsum,LOO-long,pubmed_qa:257+cnn_dailymail:257+med_quad:257+samsum:257+expertqa:257+asqa:257+factscore:257,wmsp_norm,this project,0.1422,0.0238,3,,corrected-span master,40,yes
meta-llama/Meta-Llama-3.1-8B,xsum,LOO-long,pubmed_qa:257+cnn_dailymail:257+med_quad:257+samsum:257+expertqa:257+asqa:257+factscore:257,wmsp_seg_flat,this project,-0.1691,0.0012,3,,corrected-span master,40,yes
meta-llama/Meta-Llama-3.1-8B,xsum,LOO-long,pubmed_qa:257+cnn_dailymail:257+med_quad:257+samsum:257+expertqa:257+asqa:257+factscore:257,wmsp_seg_softmax,this project,-0.1632,0.0101,3,,corrected-span master,40,yes
meta-llama/Meta-Llama-3.1-8B,xsum,LOO-long,pubmed_qa:257+cnn_dailymail:257+med_quad:257+samsum:257+expertqa:257+asqa:257+factscore:257,wmsp_shrink1_5,this project,0.1138,0.0173,3,,corrected-span master,40,yes
meta-llama/Meta-Llama-3.1-8B,xsum,LOO-long,pubmed_qa:257+cnn_dailymail:257+med_quad:257+samsum:257+expertqa:257+asqa:257+factscore:257,wmsp_shrink2,this project,0.0962,0.0259,3,,corrected-span master,40,yes
meta-llama/Meta-Llama-3.1-8B,xsum,LOO-long,pubmed_qa:257+cnn_dailymail:257+med_quad:257+samsum:257+expertqa:257+asqa:257+factscore:257,wmsp_shrink10,this project,-0.05,0.0157,3,,corrected-span master,40,yes
meta-llama/Meta-Llama-3.1-8B,xsum,LOO-long,pubmed_qa:257+cnn_dailymail:257+med_quad:257+samsum:257+expertqa:257+asqa:257+factscore:257,wmsp_blondel,this project,0.1872,0.023,3,,corrected-span master,40,yes
meta-llama/Meta-Llama-3.1-8B,xsum,LOO-long,pubmed_qa:257+cnn_dailymail:257+med_quad:257+samsum:257+expertqa:257+asqa:257+factscore:257,wmsp_shrink2_blondel,this project,-0.1456,0.0037,3,,corrected-span master,40,yes
meta-llama/Meta-Llama-3.1-8B,xsum,LOO-long,pubmed_qa:257+cnn_dailymail:257+med_quad:257+samsum:257+expertqa:257+asqa:257+factscore:257,wmsp_shrink10_blondel,this project,-0.1702,0.0015,3,,corrected-span master,40,yes
meta-llama/Meta-Llama-3.1-8B,xsum,LOO-long,pubmed_qa:257+cnn_dailymail:257+med_quad:257+samsum:257+expertqa:257+asqa:257+factscore:257,ptrue,reference baseline,0.149,0.0129,3,,corrected-span master,40,yes
meta-llama/Meta-Llama-3.1-8B,xsum,LOO-long,pubmed_qa:257+cnn_dailymail:257+med_quad:257+samsum:257+expertqa:257+asqa:257+factscore:257,lookback,reference baseline,0.0197,0.0275,3,,corrected-span master,40,yes
meta-llama/Meta-Llama-3.1-8B,xsum,LOO-long,pubmed_qa:257+cnn_dailymail:257+med_quad:257+samsum:257+expertqa:257+asqa:257+factscore:257,VERDICT:bestw_vs_fairfloor,verdict,0.2389,,3,,corrected-span master,40,yes
meta-llama/Meta-Llama-3.1-8B,xsum,LOO-long,pubmed_qa:257+cnn_dailymail:257+med_quad:257+samsum:257+expertqa:257+asqa:257+factscore:257,VERDICT:bestw_vs_bestpooler,verdict,-0.1078,,3,,corrected-span master,40,yes
meta-llama/Meta-Llama-3.1-8B,xsum,LOO-long,pubmed_qa:257+cnn_dailymail:257+med_quad:257+samsum:257+expertqa:257+asqa:257+factscore:257,VERDICT:attention_vs_fairfloor,verdict,0.3466,,3,,corrected-span master,40,yes
meta-llama/Meta-Llama-3.1-8B,cnn_dailymail,DiffTask-long,pubmed_qa:360+med_quad:360+expertqa:360+asqa:360+factscore:360,floor_sum,reference baseline,-0.0848,0.0,3,,corrected-span master,40,yes
meta-llama/Meta-Llama-3.1-8B,cnn_dailymail,DiffTask-long,pubmed_qa:360+med_quad:360+expertqa:360+asqa:360+factscore:360,floor_ppl,reference baseline,0.4096,0.0,3,,corrected-span master,40,yes
meta-llama/Meta-Llama-3.1-8B,cnn_dailymail,DiffTask-long,pubmed_qa:360+med_quad:360+expertqa:360+asqa:360+factscore:360,floor_min,reference baseline,0.1198,0.0,3,,corrected-span master,40,yes
meta-llama/Meta-Llama-3.1-8B,cnn_dailymail,DiffTask-long,pubmed_qa:360+med_quad:360+expertqa:360+asqa:360+factscore:360,fair_floor,reference baseline,0.1198,0.0,0,,corrected-span master,40,yes
meta-llama/Meta-Llama-3.1-8B,cnn_dailymail,DiffTask-long,pubmed_qa:360+med_quad:360+expertqa:360+asqa:360+factscore:360,saplma,reference baseline,0.0188,0.0561,3,,corrected-span master,40,yes
meta-llama/Meta-Llama-3.1-8B,cnn_dailymail,DiffTask-long,pubmed_qa:360+med_quad:360+expertqa:360+asqa:360+factscore:360,uniform,this project,-0.0317,0.0345,3,,corrected-span master,40,yes
meta-llama/Meta-Llama-3.1-8B,cnn_dailymail,DiffTask-long,pubmed_qa:360+med_quad:360+expertqa:360+asqa:360+factscore:360,attention,this project,-0.0463,0.0372,3,,corrected-span master,40,yes
meta-llama/Meta-Llama-3.1-8B,cnn_dailymail,DiffTask-long,pubmed_qa:360+med_quad:360+expertqa:360+asqa:360+factscore:360,wmsp_norm,this project,0.1321,0.0528,3,,corrected-span master,40,yes
meta-llama/Meta-Llama-3.1-8B,cnn_dailymail,DiffTask-long,pubmed_qa:360+med_quad:360+expertqa:360+asqa:360+factscore:360,wmsp_seg_flat,this project,0.3362,0.0255,3,,corrected-span master,40,yes
meta-llama/Meta-Llama-3.1-8B,cnn_dailymail,DiffTask-long,pubmed_qa:360+med_quad:360+expertqa:360+asqa:360+factscore:360,wmsp_seg_softmax,this project,0.2506,0.04,3,,corrected-span master,40,yes
meta-llama/Meta-Llama-3.1-8B,cnn_dailymail,DiffTask-long,pubmed_qa:360+med_quad:360+expertqa:360+asqa:360+factscore:360,wmsp_shrink1_5,this project,0.2637,0.0215,3,,corrected-span master,40,yes
meta-llama/Meta-Llama-3.1-8B,cnn_dailymail,DiffTask-long,pubmed_qa:360+med_quad:360+expertqa:360+asqa:360+factscore:360,wmsp_shrink2,this project,0.3066,0.0264,3,,corrected-span master,40,yes
meta-llama/Meta-Llama-3.1-8B,cnn_dailymail,DiffTask-long,pubmed_qa:360+med_quad:360+expertqa:360+asqa:360+factscore:360,wmsp_shrink10,this project,0.3889,0.0306,3,,corrected-span master,40,yes
meta-llama/Meta-Llama-3.1-8B,cnn_dailymail,DiffTask-long,pubmed_qa:360+med_quad:360+expertqa:360+asqa:360+factscore:360,wmsp_blondel,this project,0.1255,0.0264,3,,corrected-span master,40,yes
meta-llama/Meta-Llama-3.1-8B,cnn_dailymail,DiffTask-long,pubmed_qa:360+med_quad:360+expertqa:360+asqa:360+factscore:360,wmsp_shrink2_blondel,this project,0.4075,0.0064,3,,corrected-span master,40,yes
meta-llama/Meta-Llama-3.1-8B,cnn_dailymail,DiffTask-long,pubmed_qa:360+med_quad:360+expertqa:360+asqa:360+factscore:360,wmsp_shrink10_blondel,this project,0.4029,0.0024,3,,corrected-span master,40,yes
meta-llama/Meta-Llama-3.1-8B,cnn_dailymail,DiffTask-long,pubmed_qa:360+med_quad:360+expertqa:360+asqa:360+factscore:360,ptrue,reference baseline,-0.1367,0.0805,3,,corrected-span master,40,yes
meta-llama/Meta-Llama-3.1-8B,cnn_dailymail,DiffTask-long,pubmed_qa:360+med_quad:360+expertqa:360+asqa:360+factscore:360,lookback,reference baseline,0.3154,0.0707,3,,corrected-span master,40,yes
meta-llama/Meta-Llama-3.1-8B,cnn_dailymail,DiffTask-long,pubmed_qa:360+med_quad:360+expertqa:360+asqa:360+factscore:360,VERDICT:bestw_vs_fairfloor,verdict,0.2879,,3,,corrected-span master,40,yes
meta-llama/Meta-Llama-3.1-8B,cnn_dailymail,DiffTask-long,pubmed_qa:360+med_quad:360+expertqa:360+asqa:360+factscore:360,VERDICT:bestw_vs_bestpooler,verdict,0.4424,,3,,corrected-span master,40,yes
meta-llama/Meta-Llama-3.1-8B,cnn_dailymail,DiffTask-long,pubmed_qa:360+med_quad:360+expertqa:360+asqa:360+factscore:360,VERDICT:attention_vs_fairfloor,verdict,-0.1666,,3,,corrected-span master,40,yes
meta-llama/Meta-Llama-3.1-8B,cnn_dailymail,LOO-long,pubmed_qa:257+xsum:257+med_quad:257+samsum:257+expertqa:257+asqa:257+factscore:257,floor_sum,reference baseline,-0.0848,0.0,3,,corrected-span master,40,yes
meta-llama/Meta-Llama-3.1-8B,cnn_dailymail,LOO-long,pubmed_qa:257+xsum:257+med_quad:257+samsum:257+expertqa:257+asqa:257+factscore:257,floor_ppl,reference baseline,0.4096,0.0,3,,corrected-span master,40,yes
meta-llama/Meta-Llama-3.1-8B,cnn_dailymail,LOO-long,pubmed_qa:257+xsum:257+med_quad:257+samsum:257+expertqa:257+asqa:257+factscore:257,floor_min,reference baseline,0.1198,0.0,3,,corrected-span master,40,yes
meta-llama/Meta-Llama-3.1-8B,cnn_dailymail,LOO-long,pubmed_qa:257+xsum:257+med_quad:257+samsum:257+expertqa:257+asqa:257+factscore:257,fair_floor,reference baseline,0.1198,0.0,0,,corrected-span master,40,yes
meta-llama/Meta-Llama-3.1-8B,cnn_dailymail,LOO-long,pubmed_qa:257+xsum:257+med_quad:257+samsum:257+expertqa:257+asqa:257+factscore:257,saplma,reference baseline,0.107,0.0531,3,,corrected-span master,40,yes
meta-llama/Meta-Llama-3.1-8B,cnn_dailymail,LOO-long,pubmed_qa:257+xsum:257+med_quad:257+samsum:257+expertqa:257+asqa:257+factscore:257,uniform,this project,0.1043,0.0332,3,,corrected-span master,40,yes
meta-llama/Meta-Llama-3.1-8B,cnn_dailymail,LOO-long,pubmed_qa:257+xsum:257+med_quad:257+samsum:257+expertqa:257+asqa:257+factscore:257,attention,this project,0.198,0.0572,3,,corrected-span master,40,yes
meta-llama/Meta-Llama-3.1-8B,cnn_dailymail,LOO-long,pubmed_qa:257+xsum:257+med_quad:257+samsum:257+expertqa:257+asqa:257+factscore:257,wmsp_norm,this project,0.1296,0.0203,3,,corrected-span master,40,yes
meta-llama/Meta-Llama-3.1-8B,cnn_dailymail,LOO-long,pubmed_qa:257+xsum:257+med_quad:257+samsum:257+expertqa:257+asqa:257+factscore:257,wmsp_seg_flat,this project,0.2143,0.0367,3,,corrected-span master,40,yes
meta-llama/Meta-Llama-3.1-8B,cnn_dailymail,LOO-long,pubmed_qa:257+xsum:257+med_quad:257+samsum:257+expertqa:257+asqa:257+factscore:257,wmsp_seg_softmax,this project,0.1903,0.0431,3,,corrected-span master,40,yes
meta-llama/Meta-Llama-3.1-8B,cnn_dailymail,LOO-long,pubmed_qa:257+xsum:257+med_quad:257+samsum:257+expertqa:257+asqa:257+factscore:257,wmsp_shrink1_5,this project,0.3197,0.0134,3,,corrected-span master,40,yes
meta-llama/Meta-Llama-3.1-8B,cnn_dailymail,LOO-long,pubmed_qa:257+xsum:257+med_quad:257+samsum:257+expertqa:257+asqa:257+factscore:257,wmsp_shrink2,this project,0.3538,0.0108,3,,corrected-span master,40,yes
meta-llama/Meta-Llama-3.1-8B,cnn_dailymail,LOO-long,pubmed_qa:257+xsum:257+med_quad:257+samsum:257+expertqa:257+asqa:257+factscore:257,wmsp_shrink10,this project,0.4657,0.0063,3,,corrected-span master,40,yes
meta-llama/Meta-Llama-3.1-8B,cnn_dailymail,LOO-long,pubmed_qa:257+xsum:257+med_quad:257+samsum:257+expertqa:257+asqa:257+factscore:257,wmsp_blondel,this project,0.1723,0.0087,3,,corrected-span master,40,yes
meta-llama/Meta-Llama-3.1-8B,cnn_dailymail,LOO-long,pubmed_qa:257+xsum:257+med_quad:257+samsum:257+expertqa:257+asqa:257+factscore:257,wmsp_shrink2_blondel,this project,0.4441,0.0004,3,,corrected-span master,40,yes
meta-llama/Meta-Llama-3.1-8B,cnn_dailymail,LOO-long,pubmed_qa:257+xsum:257+med_quad:257+samsum:257+expertqa:257+asqa:257+factscore:257,wmsp_shrink10_blondel,this project,0.4127,0.0005,3,,corrected-span master,40,yes
meta-llama/Meta-Llama-3.1-8B,cnn_dailymail,LOO-long,pubmed_qa:257+xsum:257+med_quad:257+samsum:257+expertqa:257+asqa:257+factscore:257,ptrue,reference baseline,0.0915,0.0074,3,,corrected-span master,40,yes
meta-llama/Meta-Llama-3.1-8B,cnn_dailymail,LOO-long,pubmed_qa:257+xsum:257+med_quad:257+samsum:257+expertqa:257+asqa:257+factscore:257,lookback,reference baseline,0.4435,0.0151,3,,corrected-span master,40,yes
meta-llama/Meta-Llama-3.1-8B,cnn_dailymail,LOO-long,pubmed_qa:257+xsum:257+med_quad:257+samsum:257+expertqa:257+asqa:257+factscore:257,VERDICT:bestw_vs_fairfloor,verdict,0.3576,,3,,corrected-span master,40,yes
meta-llama/Meta-Llama-3.1-8B,cnn_dailymail,LOO-long,pubmed_qa:257+xsum:257+med_quad:257+samsum:257+expertqa:257+asqa:257+factscore:257,VERDICT:bestw_vs_bestpooler,verdict,0.2664,,3,,corrected-span master,40,yes
meta-llama/Meta-Llama-3.1-8B,cnn_dailymail,LOO-long,pubmed_qa:257+xsum:257+med_quad:257+samsum:257+expertqa:257+asqa:257+factscore:257,VERDICT:attention_vs_fairfloor,verdict,0.0911,,3,,corrected-span master,40,yes
meta-llama/Meta-Llama-3.1-8B,med_quad,ID,med_quad:1260,floor_sum,reference baseline,-0.1377,0.0,3,,corrected-span master,40,yes
meta-llama/Meta-Llama-3.1-8B,med_quad,ID,med_quad:1260,floor_ppl,reference baseline,0.1118,0.0,3,,corrected-span master,40,yes
meta-llama/Meta-Llama-3.1-8B,med_quad,ID,med_quad:1260,floor_min,reference baseline,-0.0246,0.0,3,,corrected-span master,40,yes
meta-llama/Meta-Llama-3.1-8B,med_quad,ID,med_quad:1260,fair_floor,reference baseline,-0.0246,0.0,0,,corrected-span master,40,yes
meta-llama/Meta-Llama-3.1-8B,med_quad,ID,med_quad:1260,saplma,reference baseline,0.4989,0.0123,3,,corrected-span master,40,yes
meta-llama/Meta-Llama-3.1-8B,med_quad,ID,med_quad:1260,uniform,this project,0.474,0.0015,3,,corrected-span master,40,yes
meta-llama/Meta-Llama-3.1-8B,med_quad,ID,med_quad:1260,attention,this project,0.5872,0.0024,3,,corrected-span master,40,yes
meta-llama/Meta-Llama-3.1-8B,med_quad,ID,med_quad:1260,wmsp_norm,this project,0.4367,0.0179,3,,corrected-span master,40,yes
meta-llama/Meta-Llama-3.1-8B,med_quad,ID,med_quad:1260,wmsp_seg_flat,this project,0.2389,0.0346,3,,corrected-span master,40,yes
meta-llama/Meta-Llama-3.1-8B,med_quad,ID,med_quad:1260,wmsp_seg_softmax,this project,0.2605,0.0179,3,,corrected-span master,40,yes
meta-llama/Meta-Llama-3.1-8B,med_quad,ID,med_quad:1260,wmsp_shrink1_5,this project,0.4972,0.0015,3,,corrected-span master,40,yes
meta-llama/Meta-Llama-3.1-8B,med_quad,ID,med_quad:1260,wmsp_shrink2,this project,0.4879,0.0115,3,,corrected-span master,40,yes
meta-llama/Meta-Llama-3.1-8B,med_quad,ID,med_quad:1260,wmsp_shrink10,this project,0.4287,0.0209,3,,corrected-span master,40,yes
meta-llama/Meta-Llama-3.1-8B,med_quad,ID,med_quad:1260,wmsp_blondel,this project,0.4672,0.0346,3,,corrected-span master,40,yes
meta-llama/Meta-Llama-3.1-8B,med_quad,ID,med_quad:1260,wmsp_shrink2_blondel,this project,0.2804,0.0083,3,,corrected-span master,40,yes
meta-llama/Meta-Llama-3.1-8B,med_quad,ID,med_quad:1260,wmsp_shrink10_blondel,this project,0.1672,0.0046,3,,corrected-span master,40,yes
meta-llama/Meta-Llama-3.1-8B,med_quad,ID,med_quad:1260,ptrue,reference baseline,0.3771,0.0273,3,,corrected-span master,40,yes
meta-llama/Meta-Llama-3.1-8B,med_quad,ID,med_quad:1260,lookback,reference baseline,0.4205,0.0009,3,,corrected-span master,40,yes
meta-llama/Meta-Llama-3.1-8B,med_quad,ID,med_quad:1260,VERDICT:bestw_vs_fairfloor,verdict,0.536,,3,,corrected-span master,40,yes
meta-llama/Meta-Llama-3.1-8B,med_quad,ID,med_quad:1260,VERDICT:bestw_vs_bestpooler,verdict,-0.0768,,3,,corrected-span master,40,yes
meta-llama/Meta-Llama-3.1-8B,med_quad,ID,med_quad:1260,VERDICT:attention_vs_fairfloor,verdict,0.6128,,3,,corrected-span master,40,yes
meta-llama/Meta-Llama-3.1-8B,med_quad,SameTask-long,pubmed_qa:900+asqa:900,floor_sum,reference baseline,-0.1377,0.0,3,,corrected-span master,40,yes
meta-llama/Meta-Llama-3.1-8B,med_quad,SameTask-long,pubmed_qa:900+asqa:900,floor_ppl,reference baseline,0.1118,0.0,3,,corrected-span master,40,yes
meta-llama/Meta-Llama-3.1-8B,med_quad,SameTask-long,pubmed_qa:900+asqa:900,floor_min,reference baseline,-0.0246,0.0,3,,corrected-span master,40,yes
meta-llama/Meta-Llama-3.1-8B,med_quad,SameTask-long,pubmed_qa:900+asqa:900,fair_floor,reference baseline,-0.0246,0.0,0,,corrected-span master,40,yes
meta-llama/Meta-Llama-3.1-8B,med_quad,SameTask-long,pubmed_qa:900+asqa:900,saplma,reference baseline,0.2188,0.0112,3,,corrected-span master,40,yes
meta-llama/Meta-Llama-3.1-8B,med_quad,SameTask-long,pubmed_qa:900+asqa:900,uniform,this project,0.1935,0.0016,3,,corrected-span master,40,yes
meta-llama/Meta-Llama-3.1-8B,med_quad,SameTask-long,pubmed_qa:900+asqa:900,attention,this project,0.2261,0.0096,3,,corrected-span master,40,yes
meta-llama/Meta-Llama-3.1-8B,med_quad,SameTask-long,pubmed_qa:900+asqa:900,wmsp_norm,this project,0.068,0.055,3,,corrected-span master,40,yes
meta-llama/Meta-Llama-3.1-8B,med_quad,SameTask-long,pubmed_qa:900+asqa:900,wmsp_seg_flat,this project,0.1265,0.0169,3,,corrected-span master,40,yes
meta-llama/Meta-Llama-3.1-8B,med_quad,SameTask-long,pubmed_qa:900+asqa:900,wmsp_seg_softmax,this project,0.1137,0.0201,3,,corrected-span master,40,yes
meta-llama/Meta-Llama-3.1-8B,med_quad,SameTask-long,pubmed_qa:900+asqa:900,wmsp_shrink1_5,this project,0.1546,0.0307,3,,corrected-span master,40,yes
meta-llama/Meta-Llama-3.1-8B,med_quad,SameTask-long,pubmed_qa:900+asqa:900,wmsp_shrink2,this project,0.1627,0.0184,3,,corrected-span master,40,yes
meta-llama/Meta-Llama-3.1-8B,med_quad,SameTask-long,pubmed_qa:900+asqa:900,wmsp_shrink10,this project,0.1738,0.0057,3,,corrected-span master,40,yes
meta-llama/Meta-Llama-3.1-8B,med_quad,SameTask-long,pubmed_qa:900+asqa:900,wmsp_blondel,this project,0.1217,0.0295,3,,corrected-span master,40,yes
meta-llama/Meta-Llama-3.1-8B,med_quad,SameTask-long,pubmed_qa:900+asqa:900,wmsp_shrink2_blondel,this project,0.1363,0.0068,3,,corrected-span master,40,yes
meta-llama/Meta-Llama-3.1-8B,med_quad,SameTask-long,pubmed_qa:900+asqa:900,wmsp_shrink10_blondel,this project,0.119,0.0014,3,,corrected-span master,40,yes
meta-llama/Meta-Llama-3.1-8B,med_quad,SameTask-long,pubmed_qa:900+asqa:900,ptrue,reference baseline,0.2184,0.039,3,,corrected-span master,40,yes
meta-llama/Meta-Llama-3.1-8B,med_quad,SameTask-long,pubmed_qa:900+asqa:900,lookback,reference baseline,0.1587,0.0176,3,,corrected-span master,40,yes
meta-llama/Meta-Llama-3.1-8B,med_quad,SameTask-long,pubmed_qa:900+asqa:900,VERDICT:bestw_vs_fairfloor,verdict,0.2033,,3,,corrected-span master,40,yes
meta-llama/Meta-Llama-3.1-8B,med_quad,SameTask-long,pubmed_qa:900+asqa:900,VERDICT:bestw_vs_bestpooler,verdict,-0.0489,,3,,corrected-span master,40,yes
meta-llama/Meta-Llama-3.1-8B,med_quad,SameTask-long,pubmed_qa:900+asqa:900,VERDICT:attention_vs_fairfloor,verdict,0.2523,,3,,corrected-span master,40,yes
meta-llama/Meta-Llama-3.1-8B,med_quad,DiffTask-long,xsum:360+cnn_dailymail:360+samsum:360+expertqa:360+factscore:360,floor_sum,reference baseline,-0.1377,0.0,3,,corrected-span master,40,yes
meta-llama/Meta-Llama-3.1-8B,med_quad,DiffTask-long,xsum:360+cnn_dailymail:360+samsum:360+expertqa:360+factscore:360,floor_ppl,reference baseline,0.1118,0.0,3,,corrected-span master,40,yes
meta-llama/Meta-Llama-3.1-8B,med_quad,DiffTask-long,xsum:360+cnn_dailymail:360+samsum:360+expertqa:360+factscore:360,floor_min,reference baseline,-0.0246,0.0,3,,corrected-span master,40,yes
meta-llama/Meta-Llama-3.1-8B,med_quad,DiffTask-long,xsum:360+cnn_dailymail:360+samsum:360+expertqa:360+factscore:360,fair_floor,reference baseline,-0.0246,0.0,0,,corrected-span master,40,yes
meta-llama/Meta-Llama-3.1-8B,med_quad,DiffTask-long,xsum:360+cnn_dailymail:360+samsum:360+expertqa:360+factscore:360,saplma,reference baseline,0.2933,0.054,3,,corrected-span master,40,yes
meta-llama/Meta-Llama-3.1-8B,med_quad,DiffTask-long,xsum:360+cnn_dailymail:360+samsum:360+expertqa:360+factscore:360,uniform,this project,0.307,0.0159,3,,corrected-span master,40,yes
meta-llama/Meta-Llama-3.1-8B,med_quad,DiffTask-long,xsum:360+cnn_dailymail:360+samsum:360+expertqa:360+factscore:360,attention,this project,0.2833,0.0118,3,,corrected-span master,40,yes
meta-llama/Meta-Llama-3.1-8B,med_quad,DiffTask-long,xsum:360+cnn_dailymail:360+samsum:360+expertqa:360+factscore:360,wmsp_norm,this project,0.1933,0.031,3,,corrected-span master,40,yes
meta-llama/Meta-Llama-3.1-8B,med_quad,DiffTask-long,xsum:360+cnn_dailymail:360+samsum:360+expertqa:360+factscore:360,wmsp_seg_flat,this project,0.0659,0.025,3,,corrected-span master,40,yes
meta-llama/Meta-Llama-3.1-8B,med_quad,DiffTask-long,xsum:360+cnn_dailymail:360+samsum:360+expertqa:360+factscore:360,wmsp_seg_softmax,this project,0.1221,0.0226,3,,corrected-span master,40,yes
meta-llama/Meta-Llama-3.1-8B,med_quad,DiffTask-long,xsum:360+cnn_dailymail:360+samsum:360+expertqa:360+factscore:360,wmsp_shrink1_5,this project,0.2201,0.0284,3,,corrected-span master,40,yes
meta-llama/Meta-Llama-3.1-8B,med_quad,DiffTask-long,xsum:360+cnn_dailymail:360+samsum:360+expertqa:360+factscore:360,wmsp_shrink2,this project,0.2381,0.0162,3,,corrected-span master,40,yes
meta-llama/Meta-Llama-3.1-8B,med_quad,DiffTask-long,xsum:360+cnn_dailymail:360+samsum:360+expertqa:360+factscore:360,wmsp_shrink10,this project,0.255,0.0163,3,,corrected-span master,40,yes
meta-llama/Meta-Llama-3.1-8B,med_quad,DiffTask-long,xsum:360+cnn_dailymail:360+samsum:360+expertqa:360+factscore:360,wmsp_blondel,this project,0.1688,0.0129,3,,corrected-span master,40,yes
meta-llama/Meta-Llama-3.1-8B,med_quad,DiffTask-long,xsum:360+cnn_dailymail:360+samsum:360+expertqa:360+factscore:360,wmsp_shrink2_blondel,this project,0.1822,0.0154,3,,corrected-span master,40,yes
meta-llama/Meta-Llama-3.1-8B,med_quad,DiffTask-long,xsum:360+cnn_dailymail:360+samsum:360+expertqa:360+factscore:360,wmsp_shrink10_blondel,this project,0.1295,0.005,3,,corrected-span master,40,yes
meta-llama/Meta-Llama-3.1-8B,med_quad,DiffTask-long,xsum:360+cnn_dailymail:360+samsum:360+expertqa:360+factscore:360,ptrue,reference baseline,0.0377,0.0487,3,,corrected-span master,40,yes
meta-llama/Meta-Llama-3.1-8B,med_quad,DiffTask-long,xsum:360+cnn_dailymail:360+samsum:360+expertqa:360+factscore:360,lookback,reference baseline,0.2113,0.0037,3,,corrected-span master,40,yes
meta-llama/Meta-Llama-3.1-8B,med_quad,DiffTask-long,xsum:360+cnn_dailymail:360+samsum:360+expertqa:360+factscore:360,VERDICT:bestw_vs_fairfloor,verdict,0.3044,,3,,corrected-span master,40,yes
meta-llama/Meta-Llama-3.1-8B,med_quad,DiffTask-long,xsum:360+cnn_dailymail:360+samsum:360+expertqa:360+factscore:360,VERDICT:bestw_vs_bestpooler,verdict,-0.0331,,3,,corrected-span master,40,yes
meta-llama/Meta-Llama-3.1-8B,med_quad,DiffTask-long,xsum:360+cnn_dailymail:360+samsum:360+expertqa:360+factscore:360,VERDICT:attention_vs_fairfloor,verdict,0.3122,,3,,corrected-span master,40,yes
meta-llama/Meta-Llama-3.1-8B,med_quad,LOO-long,pubmed_qa:257+xsum:257+cnn_dailymail:257+samsum:257+expertqa:257+asqa:257+factscore:257,floor_sum,reference baseline,-0.1377,0.0,3,,corrected-span master,40,yes
meta-llama/Meta-Llama-3.1-8B,med_quad,LOO-long,pubmed_qa:257+xsum:257+cnn_dailymail:257+samsum:257+expertqa:257+asqa:257+factscore:257,floor_ppl,reference baseline,0.1118,0.0,3,,corrected-span master,40,yes
meta-llama/Meta-Llama-3.1-8B,med_quad,LOO-long,pubmed_qa:257+xsum:257+cnn_dailymail:257+samsum:257+expertqa:257+asqa:257+factscore:257,floor_min,reference baseline,-0.0246,0.0,3,,corrected-span master,40,yes
meta-llama/Meta-Llama-3.1-8B,med_quad,LOO-long,pubmed_qa:257+xsum:257+cnn_dailymail:257+samsum:257+expertqa:257+asqa:257+factscore:257,fair_floor,reference baseline,-0.0246,0.0,0,,corrected-span master,40,yes
meta-llama/Meta-Llama-3.1-8B,med_quad,LOO-long,pubmed_qa:257+xsum:257+cnn_dailymail:257+samsum:257+expertqa:257+asqa:257+factscore:257,saplma,reference baseline,0.2268,0.0259,3,,corrected-span master,40,yes
meta-llama/Meta-Llama-3.1-8B,med_quad,LOO-long,pubmed_qa:257+xsum:257+cnn_dailymail:257+samsum:257+expertqa:257+asqa:257+factscore:257,uniform,this project,0.2974,0.0219,3,,corrected-span master,40,yes
meta-llama/Meta-Llama-3.1-8B,med_quad,LOO-long,pubmed_qa:257+xsum:257+cnn_dailymail:257+samsum:257+expertqa:257+asqa:257+factscore:257,attention,this project,0.3057,0.0167,3,,corrected-span master,40,yes
meta-llama/Meta-Llama-3.1-8B,med_quad,LOO-long,pubmed_qa:257+xsum:257+cnn_dailymail:257+samsum:257+expertqa:257+asqa:257+factscore:257,wmsp_norm,this project,0.158,0.0189,3,,corrected-span master,40,yes
meta-llama/Meta-Llama-3.1-8B,med_quad,LOO-long,pubmed_qa:257+xsum:257+cnn_dailymail:257+samsum:257+expertqa:257+asqa:257+factscore:257,wmsp_seg_flat,this project,0.1222,0.0644,3,,corrected-span master,40,yes
meta-llama/Meta-Llama-3.1-8B,med_quad,LOO-long,pubmed_qa:257+xsum:257+cnn_dailymail:257+samsum:257+expertqa:257+asqa:257+factscore:257,wmsp_seg_softmax,this project,0.0811,0.0311,3,,corrected-span master,40,yes
meta-llama/Meta-Llama-3.1-8B,med_quad,LOO-long,pubmed_qa:257+xsum:257+cnn_dailymail:257+samsum:257+expertqa:257+asqa:257+factscore:257,wmsp_shrink1_5,this project,0.1944,0.0318,3,,corrected-span master,40,yes
meta-llama/Meta-Llama-3.1-8B,med_quad,LOO-long,pubmed_qa:257+xsum:257+cnn_dailymail:257+samsum:257+expertqa:257+asqa:257+factscore:257,wmsp_shrink2,this project,0.18,0.0407,3,,corrected-span master,40,yes
meta-llama/Meta-Llama-3.1-8B,med_quad,LOO-long,pubmed_qa:257+xsum:257+cnn_dailymail:257+samsum:257+expertqa:257+asqa:257+factscore:257,wmsp_shrink10,this project,0.2096,0.0211,3,,corrected-span master,40,yes
meta-llama/Meta-Llama-3.1-8B,med_quad,LOO-long,pubmed_qa:257+xsum:257+cnn_dailymail:257+samsum:257+expertqa:257+asqa:257+factscore:257,wmsp_blondel,this project,0.0994,0.0381,3,,corrected-span master,40,yes
meta-llama/Meta-Llama-3.1-8B,med_quad,LOO-long,pubmed_qa:257+xsum:257+cnn_dailymail:257+samsum:257+expertqa:257+asqa:257+factscore:257,wmsp_shrink2_blondel,this project,0.1741,0.0115,3,,corrected-span master,40,yes
meta-llama/Meta-Llama-3.1-8B,med_quad,LOO-long,pubmed_qa:257+xsum:257+cnn_dailymail:257+samsum:257+expertqa:257+asqa:257+factscore:257,wmsp_shrink10_blondel,this project,0.1294,0.0043,3,,corrected-span master,40,yes
meta-llama/Meta-Llama-3.1-8B,med_quad,LOO-long,pubmed_qa:257+xsum:257+cnn_dailymail:257+samsum:257+expertqa:257+asqa:257+factscore:257,ptrue,reference baseline,0.0417,0.0815,3,,corrected-span master,40,yes
meta-llama/Meta-Llama-3.1-8B,med_quad,LOO-long,pubmed_qa:257+xsum:257+cnn_dailymail:257+samsum:257+expertqa:257+asqa:257+factscore:257,lookback,reference baseline,0.1849,0.0139,3,,corrected-span master,40,yes
meta-llama/Meta-Llama-3.1-8B,med_quad,LOO-long,pubmed_qa:257+xsum:257+cnn_dailymail:257+samsum:257+expertqa:257+asqa:257+factscore:257,VERDICT:bestw_vs_fairfloor,verdict,0.2469,,3,,corrected-span master,40,yes
meta-llama/Meta-Llama-3.1-8B,med_quad,LOO-long,pubmed_qa:257+xsum:257+cnn_dailymail:257+samsum:257+expertqa:257+asqa:257+factscore:257,VERDICT:bestw_vs_bestpooler,verdict,-0.1039,,3,,corrected-span master,40,yes
meta-llama/Meta-Llama-3.1-8B,med_quad,LOO-long,pubmed_qa:257+xsum:257+cnn_dailymail:257+samsum:257+expertqa:257+asqa:257+factscore:257,VERDICT:attention_vs_fairfloor,verdict,0.3509,,3,,corrected-span master,40,yes
meta-llama/Meta-Llama-3.1-8B,med_quad,1ds-Diff-long,xsum:1800,floor_sum,reference baseline,-0.1377,0.0,3,,corrected-span master,40,yes
meta-llama/Meta-Llama-3.1-8B,med_quad,1ds-Diff-long,xsum:1800,floor_ppl,reference baseline,0.1118,0.0,3,,corrected-span master,40,yes
meta-llama/Meta-Llama-3.1-8B,med_quad,1ds-Diff-long,xsum:1800,floor_min,reference baseline,-0.0246,0.0,3,,corrected-span master,40,yes
meta-llama/Meta-Llama-3.1-8B,med_quad,1ds-Diff-long,xsum:1800,fair_floor,reference baseline,-0.0246,0.0,0,,corrected-span master,40,yes
meta-llama/Meta-Llama-3.1-8B,med_quad,1ds-Diff-long,xsum:1800,saplma,reference baseline,0.1749,0.0022,3,,corrected-span master,40,yes
meta-llama/Meta-Llama-3.1-8B,med_quad,1ds-Diff-long,xsum:1800,uniform,this project,0.1505,0.0019,3,,corrected-span master,40,yes
meta-llama/Meta-Llama-3.1-8B,med_quad,1ds-Diff-long,xsum:1800,attention,this project,0.174,0.0069,3,,corrected-span master,40,yes
meta-llama/Meta-Llama-3.1-8B,med_quad,1ds-Diff-long,xsum:1800,wmsp_norm,this project,0.0864,0.0267,3,,corrected-span master,40,yes
meta-llama/Meta-Llama-3.1-8B,med_quad,1ds-Diff-long,xsum:1800,wmsp_seg_flat,this project,0.1122,0.0227,3,,corrected-span master,40,yes
meta-llama/Meta-Llama-3.1-8B,med_quad,1ds-Diff-long,xsum:1800,wmsp_seg_softmax,this project,0.1372,0.0225,3,,corrected-span master,40,yes
meta-llama/Meta-Llama-3.1-8B,med_quad,1ds-Diff-long,xsum:1800,wmsp_shrink1_5,this project,0.1389,0.0127,3,,corrected-span master,40,yes
meta-llama/Meta-Llama-3.1-8B,med_quad,1ds-Diff-long,xsum:1800,wmsp_shrink2,this project,0.1419,0.0054,3,,corrected-span master,40,yes
meta-llama/Meta-Llama-3.1-8B,med_quad,1ds-Diff-long,xsum:1800,wmsp_shrink10,this project,0.141,0.005,3,,corrected-span master,40,yes
meta-llama/Meta-Llama-3.1-8B,med_quad,1ds-Diff-long,xsum:1800,wmsp_blondel,this project,0.1288,0.0197,3,,corrected-span master,40,yes
meta-llama/Meta-Llama-3.1-8B,med_quad,1ds-Diff-long,xsum:1800,wmsp_shrink2_blondel,this project,0.1212,0.0033,3,,corrected-span master,40,yes
meta-llama/Meta-Llama-3.1-8B,med_quad,1ds-Diff-long,xsum:1800,wmsp_shrink10_blondel,this project,0.1152,0.0003,3,,corrected-span master,40,yes
meta-llama/Meta-Llama-3.1-8B,med_quad,1ds-Diff-long,xsum:1800,ptrue,reference baseline,-0.184,0.0137,3,,corrected-span master,40,yes
meta-llama/Meta-Llama-3.1-8B,med_quad,1ds-Diff-long,xsum:1800,lookback,reference baseline,0.1524,0.0123,3,,corrected-span master,40,yes
meta-llama/Meta-Llama-3.1-8B,med_quad,1ds-Diff-long,xsum:1800,VERDICT:bestw_vs_fairfloor,verdict,0.1695,,3,,corrected-span master,40,yes
meta-llama/Meta-Llama-3.1-8B,med_quad,1ds-Diff-long,xsum:1800,VERDICT:bestw_vs_bestpooler,verdict,-0.0311,,3,,corrected-span master,40,yes
meta-llama/Meta-Llama-3.1-8B,med_quad,1ds-Diff-long,xsum:1800,VERDICT:attention_vs_fairfloor,verdict,0.2006,,3,,corrected-span master,40,yes
meta-llama/Meta-Llama-3.1-8B,samsum,DiffTask-long,pubmed_qa:360+med_quad:360+expertqa:360+asqa:360+factscore:360,floor_sum,reference baseline,-0.1334,0.0,3,,corrected-span master,40,yes
meta-llama/Meta-Llama-3.1-8B,samsum,DiffTask-long,pubmed_qa:360+med_quad:360+expertqa:360+asqa:360+factscore:360,floor_ppl,reference baseline,0.1128,0.0,3,,corrected-span master,40,yes
meta-llama/Meta-Llama-3.1-8B,samsum,DiffTask-long,pubmed_qa:360+med_quad:360+expertqa:360+asqa:360+factscore:360,floor_min,reference baseline,-0.0243,0.0,3,,corrected-span master,40,yes
meta-llama/Meta-Llama-3.1-8B,samsum,DiffTask-long,pubmed_qa:360+med_quad:360+expertqa:360+asqa:360+factscore:360,fair_floor,reference baseline,-0.0243,0.0,0,,corrected-span master,40,yes
meta-llama/Meta-Llama-3.1-8B,samsum,DiffTask-long,pubmed_qa:360+med_quad:360+expertqa:360+asqa:360+factscore:360,saplma,reference baseline,0.1205,0.0099,3,,corrected-span master,40,yes
meta-llama/Meta-Llama-3.1-8B,samsum,DiffTask-long,pubmed_qa:360+med_quad:360+expertqa:360+asqa:360+factscore:360,uniform,this project,0.0068,0.0289,3,,corrected-span master,40,yes
meta-llama/Meta-Llama-3.1-8B,samsum,DiffTask-long,pubmed_qa:360+med_quad:360+expertqa:360+asqa:360+factscore:360,attention,this project,0.0464,0.0114,3,,corrected-span master,40,yes
meta-llama/Meta-Llama-3.1-8B,samsum,DiffTask-long,pubmed_qa:360+med_quad:360+expertqa:360+asqa:360+factscore:360,wmsp_norm,this project,0.0468,0.0335,3,,corrected-span master,40,yes
meta-llama/Meta-Llama-3.1-8B,samsum,DiffTask-long,pubmed_qa:360+med_quad:360+expertqa:360+asqa:360+factscore:360,wmsp_seg_flat,this project,0.1058,0.0152,3,,corrected-span master,40,yes
meta-llama/Meta-Llama-3.1-8B,samsum,DiffTask-long,pubmed_qa:360+med_quad:360+expertqa:360+asqa:360+factscore:360,wmsp_seg_softmax,this project,0.0706,0.0403,3,,corrected-span master,40,yes
meta-llama/Meta-Llama-3.1-8B,samsum,DiffTask-long,pubmed_qa:360+med_quad:360+expertqa:360+asqa:360+factscore:360,wmsp_shrink1_5,this project,-0.0134,0.0396,3,,corrected-span master,40,yes
meta-llama/Meta-Llama-3.1-8B,samsum,DiffTask-long,pubmed_qa:360+med_quad:360+expertqa:360+asqa:360+factscore:360,wmsp_shrink2,this project,-0.0174,0.0582,3,,corrected-span master,40,yes
meta-llama/Meta-Llama-3.1-8B,samsum,DiffTask-long,pubmed_qa:360+med_quad:360+expertqa:360+asqa:360+factscore:360,wmsp_shrink10,this project,0.0447,0.0279,3,,corrected-span master,40,yes
meta-llama/Meta-Llama-3.1-8B,samsum,DiffTask-long,pubmed_qa:360+med_quad:360+expertqa:360+asqa:360+factscore:360,wmsp_blondel,this project,0.1015,0.0128,3,,corrected-span master,40,yes
meta-llama/Meta-Llama-3.1-8B,samsum,DiffTask-long,pubmed_qa:360+med_quad:360+expertqa:360+asqa:360+factscore:360,wmsp_shrink2_blondel,this project,0.1031,0.0194,3,,corrected-span master,40,yes
meta-llama/Meta-Llama-3.1-8B,samsum,DiffTask-long,pubmed_qa:360+med_quad:360+expertqa:360+asqa:360+factscore:360,wmsp_shrink10_blondel,this project,0.1068,0.0022,3,,corrected-span master,40,yes
meta-llama/Meta-Llama-3.1-8B,samsum,DiffTask-long,pubmed_qa:360+med_quad:360+expertqa:360+asqa:360+factscore:360,ptrue,reference baseline,-0.0948,0.0697,3,,corrected-span master,40,yes
meta-llama/Meta-Llama-3.1-8B,samsum,DiffTask-long,pubmed_qa:360+med_quad:360+expertqa:360+asqa:360+factscore:360,lookback,reference baseline,0.0435,0.1465,3,,corrected-span master,40,yes
meta-llama/Meta-Llama-3.1-8B,samsum,DiffTask-long,pubmed_qa:360+med_quad:360+expertqa:360+asqa:360+factscore:360,VERDICT:bestw_vs_fairfloor,verdict,0.1307,,3,,corrected-span master,40,yes
meta-llama/Meta-Llama-3.1-8B,samsum,DiffTask-long,pubmed_qa:360+med_quad:360+expertqa:360+asqa:360+factscore:360,VERDICT:bestw_vs_bestpooler,verdict,0.0557,,3,,corrected-span master,40,yes
meta-llama/Meta-Llama-3.1-8B,samsum,DiffTask-long,pubmed_qa:360+med_quad:360+expertqa:360+asqa:360+factscore:360,VERDICT:attention_vs_fairfloor,verdict,0.075,,3,,corrected-span master,40,yes
meta-llama/Meta-Llama-3.1-8B,samsum,LOO-long,pubmed_qa:257+xsum:257+cnn_dailymail:257+med_quad:257+expertqa:257+asqa:257+factscore:257,floor_sum,reference baseline,-0.1334,0.0,3,,corrected-span master,40,yes
meta-llama/Meta-Llama-3.1-8B,samsum,LOO-long,pubmed_qa:257+xsum:257+cnn_dailymail:257+med_quad:257+expertqa:257+asqa:257+factscore:257,floor_ppl,reference baseline,0.1128,0.0,3,,corrected-span master,40,yes
meta-llama/Meta-Llama-3.1-8B,samsum,LOO-long,pubmed_qa:257+xsum:257+cnn_dailymail:257+med_quad:257+expertqa:257+asqa:257+factscore:257,floor_min,reference baseline,-0.0243,0.0,3,,corrected-span master,40,yes
meta-llama/Meta-Llama-3.1-8B,samsum,LOO-long,pubmed_qa:257+xsum:257+cnn_dailymail:257+med_quad:257+expertqa:257+asqa:257+factscore:257,fair_floor,reference baseline,-0.0243,0.0,0,,corrected-span master,40,yes
meta-llama/Meta-Llama-3.1-8B,samsum,LOO-long,pubmed_qa:257+xsum:257+cnn_dailymail:257+med_quad:257+expertqa:257+asqa:257+factscore:257,saplma,reference baseline,0.2892,0.0735,3,,corrected-span master,40,yes
meta-llama/Meta-Llama-3.1-8B,samsum,LOO-long,pubmed_qa:257+xsum:257+cnn_dailymail:257+med_quad:257+expertqa:257+asqa:257+factscore:257,uniform,this project,0.2324,0.045,3,,corrected-span master,40,yes
meta-llama/Meta-Llama-3.1-8B,samsum,LOO-long,pubmed_qa:257+xsum:257+cnn_dailymail:257+med_quad:257+expertqa:257+asqa:257+factscore:257,attention,this project,0.2913,0.0146,3,,corrected-span master,40,yes
meta-llama/Meta-Llama-3.1-8B,samsum,LOO-long,pubmed_qa:257+xsum:257+cnn_dailymail:257+med_quad:257+expertqa:257+asqa:257+factscore:257,wmsp_norm,this project,0.2051,0.0108,3,,corrected-span master,40,yes
meta-llama/Meta-Llama-3.1-8B,samsum,LOO-long,pubmed_qa:257+xsum:257+cnn_dailymail:257+med_quad:257+expertqa:257+asqa:257+factscore:257,wmsp_seg_flat,this project,0.1804,0.0932,3,,corrected-span master,40,yes
meta-llama/Meta-Llama-3.1-8B,samsum,LOO-long,pubmed_qa:257+xsum:257+cnn_dailymail:257+med_quad:257+expertqa:257+asqa:257+factscore:257,wmsp_seg_softmax,this project,0.2576,0.0256,3,,corrected-span master,40,yes
meta-llama/Meta-Llama-3.1-8B,samsum,LOO-long,pubmed_qa:257+xsum:257+cnn_dailymail:257+med_quad:257+expertqa:257+asqa:257+factscore:257,wmsp_shrink1_5,this project,0.2295,0.0579,3,,corrected-span master,40,yes
meta-llama/Meta-Llama-3.1-8B,samsum,LOO-long,pubmed_qa:257+xsum:257+cnn_dailymail:257+med_quad:257+expertqa:257+asqa:257+factscore:257,wmsp_shrink2,this project,0.2109,0.0651,3,,corrected-span master,40,yes
meta-llama/Meta-Llama-3.1-8B,samsum,LOO-long,pubmed_qa:257+xsum:257+cnn_dailymail:257+med_quad:257+expertqa:257+asqa:257+factscore:257,wmsp_shrink10,this project,0.1831,0.0373,3,,corrected-span master,40,yes
meta-llama/Meta-Llama-3.1-8B,samsum,LOO-long,pubmed_qa:257+xsum:257+cnn_dailymail:257+med_quad:257+expertqa:257+asqa:257+factscore:257,wmsp_blondel,this project,0.2456,0.0162,3,,corrected-span master,40,yes
meta-llama/Meta-Llama-3.1-8B,samsum,LOO-long,pubmed_qa:257+xsum:257+cnn_dailymail:257+med_quad:257+expertqa:257+asqa:257+factscore:257,wmsp_shrink2_blondel,this project,0.1365,0.0181,3,,corrected-span master,40,yes
meta-llama/Meta-Llama-3.1-8B,samsum,LOO-long,pubmed_qa:257+xsum:257+cnn_dailymail:257+med_quad:257+expertqa:257+asqa:257+factscore:257,wmsp_shrink10_blondel,this project,0.1135,0.0015,3,,corrected-span master,40,yes
meta-llama/Meta-Llama-3.1-8B,samsum,LOO-long,pubmed_qa:257+xsum:257+cnn_dailymail:257+med_quad:257+expertqa:257+asqa:257+factscore:257,ptrue,reference baseline,0.0472,0.0491,3,,corrected-span master,40,yes
meta-llama/Meta-Llama-3.1-8B,samsum,LOO-long,pubmed_qa:257+xsum:257+cnn_dailymail:257+med_quad:257+expertqa:257+asqa:257+factscore:257,lookback,reference baseline,0.2266,0.0697,3,,corrected-span master,40,yes
meta-llama/Meta-Llama-3.1-8B,samsum,LOO-long,pubmed_qa:257+xsum:257+cnn_dailymail:257+med_quad:257+expertqa:257+asqa:257+factscore:257,VERDICT:bestw_vs_fairfloor,verdict,0.308,,3,,corrected-span master,40,yes
meta-llama/Meta-Llama-3.1-8B,samsum,LOO-long,pubmed_qa:257+xsum:257+cnn_dailymail:257+med_quad:257+expertqa:257+asqa:257+factscore:257,VERDICT:bestw_vs_bestpooler,verdict,-0.0121,,3,,corrected-span master,40,yes
meta-llama/Meta-Llama-3.1-8B,samsum,LOO-long,pubmed_qa:257+xsum:257+cnn_dailymail:257+med_quad:257+expertqa:257+asqa:257+factscore:257,VERDICT:attention_vs_fairfloor,verdict,0.32,,3,,corrected-span master,40,yes
meta-llama/Meta-Llama-3.1-8B,expertqa,DiffTask-long,pubmed_qa:300+xsum:300+cnn_dailymail:300+med_quad:300+samsum:300+asqa:300,floor_sum,reference baseline,0.1438,0.0,3,,corrected-span master,40,yes
meta-llama/Meta-Llama-3.1-8B,expertqa,DiffTask-long,pubmed_qa:300+xsum:300+cnn_dailymail:300+med_quad:300+samsum:300+asqa:300,floor_ppl,reference baseline,0.0393,0.0,3,,corrected-span master,40,yes
meta-llama/Meta-Llama-3.1-8B,expertqa,DiffTask-long,pubmed_qa:300+xsum:300+cnn_dailymail:300+med_quad:300+samsum:300+asqa:300,floor_min,reference baseline,0.2054,0.0,3,,corrected-span master,40,yes
meta-llama/Meta-Llama-3.1-8B,expertqa,DiffTask-long,pubmed_qa:300+xsum:300+cnn_dailymail:300+med_quad:300+samsum:300+asqa:300,fair_floor,reference baseline,0.2054,0.0,0,,corrected-span master,40,yes
meta-llama/Meta-Llama-3.1-8B,expertqa,DiffTask-long,pubmed_qa:300+xsum:300+cnn_dailymail:300+med_quad:300+samsum:300+asqa:300,saplma,reference baseline,0.1969,0.0875,3,,corrected-span master,40,yes
meta-llama/Meta-Llama-3.1-8B,expertqa,DiffTask-long,pubmed_qa:300+xsum:300+cnn_dailymail:300+med_quad:300+samsum:300+asqa:300,uniform,this project,0.1551,0.0268,3,,corrected-span master,40,yes
meta-llama/Meta-Llama-3.1-8B,expertqa,DiffTask-long,pubmed_qa:300+xsum:300+cnn_dailymail:300+med_quad:300+samsum:300+asqa:300,attention,this project,0.2215,0.013,3,,corrected-span master,40,yes
meta-llama/Meta-Llama-3.1-8B,expertqa,DiffTask-long,pubmed_qa:300+xsum:300+cnn_dailymail:300+med_quad:300+samsum:300+asqa:300,wmsp_norm,this project,0.0708,0.0506,3,,corrected-span master,40,yes
meta-llama/Meta-Llama-3.1-8B,expertqa,DiffTask-long,pubmed_qa:300+xsum:300+cnn_dailymail:300+med_quad:300+samsum:300+asqa:300,wmsp_seg_flat,this project,-0.0447,0.0541,3,,corrected-span master,40,yes
meta-llama/Meta-Llama-3.1-8B,expertqa,DiffTask-long,pubmed_qa:300+xsum:300+cnn_dailymail:300+med_quad:300+samsum:300+asqa:300,wmsp_seg_softmax,this project,-0.0195,0.0072,3,,corrected-span master,40,yes
meta-llama/Meta-Llama-3.1-8B,expertqa,DiffTask-long,pubmed_qa:300+xsum:300+cnn_dailymail:300+med_quad:300+samsum:300+asqa:300,wmsp_shrink1_5,this project,0.1947,0.0572,3,,corrected-span master,40,yes
meta-llama/Meta-Llama-3.1-8B,expertqa,DiffTask-long,pubmed_qa:300+xsum:300+cnn_dailymail:300+med_quad:300+samsum:300+asqa:300,wmsp_shrink2,this project,0.1753,0.054,3,,corrected-span master,40,yes
meta-llama/Meta-Llama-3.1-8B,expertqa,DiffTask-long,pubmed_qa:300+xsum:300+cnn_dailymail:300+med_quad:300+samsum:300+asqa:300,wmsp_shrink10,this project,0.1278,0.0347,3,,corrected-span master,40,yes
meta-llama/Meta-Llama-3.1-8B,expertqa,DiffTask-long,pubmed_qa:300+xsum:300+cnn_dailymail:300+med_quad:300+samsum:300+asqa:300,wmsp_blondel,this project,0.1085,0.0548,3,,corrected-span master,40,yes
meta-llama/Meta-Llama-3.1-8B,expertqa,DiffTask-long,pubmed_qa:300+xsum:300+cnn_dailymail:300+med_quad:300+samsum:300+asqa:300,wmsp_shrink2_blondel,this project,0.0626,0.0109,3,,corrected-span master,40,yes
meta-llama/Meta-Llama-3.1-8B,expertqa,DiffTask-long,pubmed_qa:300+xsum:300+cnn_dailymail:300+med_quad:300+samsum:300+asqa:300,wmsp_shrink10_blondel,this project,0.0467,0.004,3,,corrected-span master,40,yes
meta-llama/Meta-Llama-3.1-8B,expertqa,DiffTask-long,pubmed_qa:300+xsum:300+cnn_dailymail:300+med_quad:300+samsum:300+asqa:300,ptrue,reference baseline,0.1091,0.1298,3,,corrected-span master,40,yes
meta-llama/Meta-Llama-3.1-8B,expertqa,DiffTask-long,pubmed_qa:300+xsum:300+cnn_dailymail:300+med_quad:300+samsum:300+asqa:300,lookback,reference baseline,-0.0743,0.028,3,,corrected-span master,40,yes
meta-llama/Meta-Llama-3.1-8B,expertqa,DiffTask-long,pubmed_qa:300+xsum:300+cnn_dailymail:300+med_quad:300+samsum:300+asqa:300,VERDICT:bestw_vs_fairfloor,verdict,-0.0071,,3,,corrected-span master,40,yes
meta-llama/Meta-Llama-3.1-8B,expertqa,DiffTask-long,pubmed_qa:300+xsum:300+cnn_dailymail:300+med_quad:300+samsum:300+asqa:300,VERDICT:bestw_vs_bestpooler,verdict,-0.0403,,3,,corrected-span master,40,yes
meta-llama/Meta-Llama-3.1-8B,expertqa,DiffTask-long,pubmed_qa:300+xsum:300+cnn_dailymail:300+med_quad:300+samsum:300+asqa:300,VERDICT:attention_vs_fairfloor,verdict,0.0332,,3,,corrected-span master,40,yes
meta-llama/Meta-Llama-3.1-8B,expertqa,LOO-long,pubmed_qa:257+xsum:257+cnn_dailymail:257+med_quad:257+samsum:257+asqa:257+factscore:257,floor_sum,reference baseline,0.1438,0.0,3,,corrected-span master,40,yes
meta-llama/Meta-Llama-3.1-8B,expertqa,LOO-long,pubmed_qa:257+xsum:257+cnn_dailymail:257+med_quad:257+samsum:257+asqa:257+factscore:257,floor_ppl,reference baseline,0.0393,0.0,3,,corrected-span master,40,yes
meta-llama/Meta-Llama-3.1-8B,expertqa,LOO-long,pubmed_qa:257+xsum:257+cnn_dailymail:257+med_quad:257+samsum:257+asqa:257+factscore:257,floor_min,reference baseline,0.2054,0.0,3,,corrected-span master,40,yes
meta-llama/Meta-Llama-3.1-8B,expertqa,LOO-long,pubmed_qa:257+xsum:257+cnn_dailymail:257+med_quad:257+samsum:257+asqa:257+factscore:257,fair_floor,reference baseline,0.2054,0.0,0,,corrected-span master,40,yes
meta-llama/Meta-Llama-3.1-8B,expertqa,LOO-long,pubmed_qa:257+xsum:257+cnn_dailymail:257+med_quad:257+samsum:257+asqa:257+factscore:257,saplma,reference baseline,0.2013,0.0376,3,,corrected-span master,40,yes
meta-llama/Meta-Llama-3.1-8B,expertqa,LOO-long,pubmed_qa:257+xsum:257+cnn_dailymail:257+med_quad:257+samsum:257+asqa:257+factscore:257,uniform,this project,0.1977,0.0184,3,,corrected-span master,40,yes
meta-llama/Meta-Llama-3.1-8B,expertqa,LOO-long,pubmed_qa:257+xsum:257+cnn_dailymail:257+med_quad:257+samsum:257+asqa:257+factscore:257,attention,this project,0.2605,0.0121,3,,corrected-span master,40,yes
meta-llama/Meta-Llama-3.1-8B,expertqa,LOO-long,pubmed_qa:257+xsum:257+cnn_dailymail:257+med_quad:257+samsum:257+asqa:257+factscore:257,wmsp_norm,this project,0.0919,0.0689,3,,corrected-span master,40,yes
meta-llama/Meta-Llama-3.1-8B,expertqa,LOO-long,pubmed_qa:257+xsum:257+cnn_dailymail:257+med_quad:257+samsum:257+asqa:257+factscore:257,wmsp_seg_flat,this project,-0.0199,0.0117,3,,corrected-span master,40,yes
meta-llama/Meta-Llama-3.1-8B,expertqa,LOO-long,pubmed_qa:257+xsum:257+cnn_dailymail:257+med_quad:257+samsum:257+asqa:257+factscore:257,wmsp_seg_softmax,this project,-0.0437,0.047,3,,corrected-span master,40,yes
meta-llama/Meta-Llama-3.1-8B,expertqa,LOO-long,pubmed_qa:257+xsum:257+cnn_dailymail:257+med_quad:257+samsum:257+asqa:257+factscore:257,wmsp_shrink1_5,this project,0.1609,0.0453,3,,corrected-span master,40,yes
meta-llama/Meta-Llama-3.1-8B,expertqa,LOO-long,pubmed_qa:257+xsum:257+cnn_dailymail:257+med_quad:257+samsum:257+asqa:257+factscore:257,wmsp_shrink2,this project,0.1395,0.0447,3,,corrected-span master,40,yes
meta-llama/Meta-Llama-3.1-8B,expertqa,LOO-long,pubmed_qa:257+xsum:257+cnn_dailymail:257+med_quad:257+samsum:257+asqa:257+factscore:257,wmsp_shrink10,this project,0.1566,0.0517,3,,corrected-span master,40,yes
meta-llama/Meta-Llama-3.1-8B,expertqa,LOO-long,pubmed_qa:257+xsum:257+cnn_dailymail:257+med_quad:257+samsum:257+asqa:257+factscore:257,wmsp_blondel,this project,0.1125,0.0567,3,,corrected-span master,40,yes
meta-llama/Meta-Llama-3.1-8B,expertqa,LOO-long,pubmed_qa:257+xsum:257+cnn_dailymail:257+med_quad:257+samsum:257+asqa:257+factscore:257,wmsp_shrink2_blondel,this project,0.0807,0.0176,3,,corrected-span master,40,yes
meta-llama/Meta-Llama-3.1-8B,expertqa,LOO-long,pubmed_qa:257+xsum:257+cnn_dailymail:257+med_quad:257+samsum:257+asqa:257+factscore:257,wmsp_shrink10_blondel,this project,0.051,0.004,3,,corrected-span master,40,yes
meta-llama/Meta-Llama-3.1-8B,expertqa,LOO-long,pubmed_qa:257+xsum:257+cnn_dailymail:257+med_quad:257+samsum:257+asqa:257+factscore:257,ptrue,reference baseline,0.1724,0.124,3,,corrected-span master,40,yes
meta-llama/Meta-Llama-3.1-8B,expertqa,LOO-long,pubmed_qa:257+xsum:257+cnn_dailymail:257+med_quad:257+samsum:257+asqa:257+factscore:257,lookback,reference baseline,-0.0011,0.1022,3,,corrected-span master,40,yes
meta-llama/Meta-Llama-3.1-8B,expertqa,LOO-long,pubmed_qa:257+xsum:257+cnn_dailymail:257+med_quad:257+samsum:257+asqa:257+factscore:257,VERDICT:bestw_vs_fairfloor,verdict,-0.0331,,3,,corrected-span master,40,yes
meta-llama/Meta-Llama-3.1-8B,expertqa,LOO-long,pubmed_qa:257+xsum:257+cnn_dailymail:257+med_quad:257+samsum:257+asqa:257+factscore:257,VERDICT:bestw_vs_bestpooler,verdict,-0.1085,,3,,corrected-span master,40,yes
meta-llama/Meta-Llama-3.1-8B,expertqa,LOO-long,pubmed_qa:257+xsum:257+cnn_dailymail:257+med_quad:257+samsum:257+asqa:257+factscore:257,VERDICT:attention_vs_fairfloor,verdict,0.0754,,3,,corrected-span master,40,yes
meta-llama/Meta-Llama-3.1-8B,asqa,SameTask-long,pubmed_qa:900+med_quad:900,floor_sum,reference baseline,0.1483,0.0,3,,corrected-span master,40,yes
meta-llama/Meta-Llama-3.1-8B,asqa,SameTask-long,pubmed_qa:900+med_quad:900,floor_ppl,reference baseline,0.3161,0.0,3,,corrected-span master,40,yes
meta-llama/Meta-Llama-3.1-8B,asqa,SameTask-long,pubmed_qa:900+med_quad:900,floor_min,reference baseline,0.2498,0.0,3,,corrected-span master,40,yes
meta-llama/Meta-Llama-3.1-8B,asqa,SameTask-long,pubmed_qa:900+med_quad:900,fair_floor,reference baseline,0.2498,0.0,0,,corrected-span master,40,yes
meta-llama/Meta-Llama-3.1-8B,asqa,SameTask-long,pubmed_qa:900+med_quad:900,saplma,reference baseline,0.3936,0.0045,3,,corrected-span master,40,yes
meta-llama/Meta-Llama-3.1-8B,asqa,SameTask-long,pubmed_qa:900+med_quad:900,uniform,this project,0.3668,0.0193,3,,corrected-span master,40,yes
meta-llama/Meta-Llama-3.1-8B,asqa,SameTask-long,pubmed_qa:900+med_quad:900,attention,this project,0.3937,0.0093,3,,corrected-span master,40,yes
meta-llama/Meta-Llama-3.1-8B,asqa,SameTask-long,pubmed_qa:900+med_quad:900,wmsp_norm,this project,0.2064,0.0444,3,,corrected-span master,40,yes
meta-llama/Meta-Llama-3.1-8B,asqa,SameTask-long,pubmed_qa:900+med_quad:900,wmsp_seg_flat,this project,0.3049,0.0051,3,,corrected-span master,40,yes
meta-llama/Meta-Llama-3.1-8B,asqa,SameTask-long,pubmed_qa:900+med_quad:900,wmsp_seg_softmax,this project,0.2673,0.0338,3,,corrected-span master,40,yes
meta-llama/Meta-Llama-3.1-8B,asqa,SameTask-long,pubmed_qa:900+med_quad:900,wmsp_shrink1_5,this project,0.2982,0.0079,3,,corrected-span master,40,yes
meta-llama/Meta-Llama-3.1-8B,asqa,SameTask-long,pubmed_qa:900+med_quad:900,wmsp_shrink2,this project,0.3131,0.0239,3,,corrected-span master,40,yes
meta-llama/Meta-Llama-3.1-8B,asqa,SameTask-long,pubmed_qa:900+med_quad:900,wmsp_shrink10,this project,0.3507,0.0084,3,,corrected-span master,40,yes
meta-llama/Meta-Llama-3.1-8B,asqa,SameTask-long,pubmed_qa:900+med_quad:900,wmsp_blondel,this project,0.3028,0.0431,3,,corrected-span master,40,yes
meta-llama/Meta-Llama-3.1-8B,asqa,SameTask-long,pubmed_qa:900+med_quad:900,wmsp_shrink2_blondel,this project,0.333,0.0059,3,,corrected-span master,40,yes
meta-llama/Meta-Llama-3.1-8B,asqa,SameTask-long,pubmed_qa:900+med_quad:900,wmsp_shrink10_blondel,this project,0.3183,0.0016,3,,corrected-span master,40,yes
meta-llama/Meta-Llama-3.1-8B,asqa,SameTask-long,pubmed_qa:900+med_quad:900,ptrue,reference baseline,0.1685,0.0134,3,,corrected-span master,40,yes
meta-llama/Meta-Llama-3.1-8B,asqa,SameTask-long,pubmed_qa:900+med_quad:900,lookback,reference baseline,0.1719,0.0284,3,,corrected-span master,40,yes
meta-llama/Meta-Llama-3.1-8B,asqa,SameTask-long,pubmed_qa:900+med_quad:900,VERDICT:bestw_vs_fairfloor,verdict,0.1107,,3,,corrected-span master,40,yes
meta-llama/Meta-Llama-3.1-8B,asqa,SameTask-long,pubmed_qa:900+med_quad:900,VERDICT:bestw_vs_bestpooler,verdict,-0.0413,,3,,corrected-span master,40,yes
meta-llama/Meta-Llama-3.1-8B,asqa,SameTask-long,pubmed_qa:900+med_quad:900,VERDICT:attention_vs_fairfloor,verdict,0.1521,,3,,corrected-span master,40,yes
meta-llama/Meta-Llama-3.1-8B,asqa,LOO-long,pubmed_qa:257+xsum:257+cnn_dailymail:257+med_quad:257+samsum:257+expertqa:257+factscore:257,floor_sum,reference baseline,0.1483,0.0,3,,corrected-span master,40,yes
meta-llama/Meta-Llama-3.1-8B,asqa,LOO-long,pubmed_qa:257+xsum:257+cnn_dailymail:257+med_quad:257+samsum:257+expertqa:257+factscore:257,floor_ppl,reference baseline,0.3161,0.0,3,,corrected-span master,40,yes
meta-llama/Meta-Llama-3.1-8B,asqa,LOO-long,pubmed_qa:257+xsum:257+cnn_dailymail:257+med_quad:257+samsum:257+expertqa:257+factscore:257,floor_min,reference baseline,0.2498,0.0,3,,corrected-span master,40,yes
meta-llama/Meta-Llama-3.1-8B,asqa,LOO-long,pubmed_qa:257+xsum:257+cnn_dailymail:257+med_quad:257+samsum:257+expertqa:257+factscore:257,fair_floor,reference baseline,0.2498,0.0,0,,corrected-span master,40,yes
meta-llama/Meta-Llama-3.1-8B,asqa,LOO-long,pubmed_qa:257+xsum:257+cnn_dailymail:257+med_quad:257+samsum:257+expertqa:257+factscore:257,saplma,reference baseline,0.3472,0.0139,3,,corrected-span master,40,yes
meta-llama/Meta-Llama-3.1-8B,asqa,LOO-long,pubmed_qa:257+xsum:257+cnn_dailymail:257+med_quad:257+samsum:257+expertqa:257+factscore:257,uniform,this project,0.3054,0.0293,3,,corrected-span master,40,yes
meta-llama/Meta-Llama-3.1-8B,asqa,LOO-long,pubmed_qa:257+xsum:257+cnn_dailymail:257+med_quad:257+samsum:257+expertqa:257+factscore:257,attention,this project,0.2736,0.0113,3,,corrected-span master,40,yes
meta-llama/Meta-Llama-3.1-8B,asqa,LOO-long,pubmed_qa:257+xsum:257+cnn_dailymail:257+med_quad:257+samsum:257+expertqa:257+factscore:257,wmsp_norm,this project,0.2824,0.0325,3,,corrected-span master,40,yes
meta-llama/Meta-Llama-3.1-8B,asqa,LOO-long,pubmed_qa:257+xsum:257+cnn_dailymail:257+med_quad:257+samsum:257+expertqa:257+factscore:257,wmsp_seg_flat,this project,0.2807,0.0219,3,,corrected-span master,40,yes
meta-llama/Meta-Llama-3.1-8B,asqa,LOO-long,pubmed_qa:257+xsum:257+cnn_dailymail:257+med_quad:257+samsum:257+expertqa:257+factscore:257,wmsp_seg_softmax,this project,0.2734,0.0235,3,,corrected-span master,40,yes
meta-llama/Meta-Llama-3.1-8B,asqa,LOO-long,pubmed_qa:257+xsum:257+cnn_dailymail:257+med_quad:257+samsum:257+expertqa:257+factscore:257,wmsp_shrink1_5,this project,0.4256,0.0473,3,,corrected-span master,40,yes
meta-llama/Meta-Llama-3.1-8B,asqa,LOO-long,pubmed_qa:257+xsum:257+cnn_dailymail:257+med_quad:257+samsum:257+expertqa:257+factscore:257,wmsp_shrink2,this project,0.441,0.0399,3,,corrected-span master,40,yes
meta-llama/Meta-Llama-3.1-8B,asqa,LOO-long,pubmed_qa:257+xsum:257+cnn_dailymail:257+med_quad:257+samsum:257+expertqa:257+factscore:257,wmsp_shrink10,this project,0.4305,0.0104,3,,corrected-span master,40,yes
meta-llama/Meta-Llama-3.1-8B,asqa,LOO-long,pubmed_qa:257+xsum:257+cnn_dailymail:257+med_quad:257+samsum:257+expertqa:257+factscore:257,wmsp_blondel,this project,0.3235,0.0618,3,,corrected-span master,40,yes
meta-llama/Meta-Llama-3.1-8B,asqa,LOO-long,pubmed_qa:257+xsum:257+cnn_dailymail:257+med_quad:257+samsum:257+expertqa:257+factscore:257,wmsp_shrink2_blondel,this project,0.3694,0.0079,3,,corrected-span master,40,yes
meta-llama/Meta-Llama-3.1-8B,asqa,LOO-long,pubmed_qa:257+xsum:257+cnn_dailymail:257+med_quad:257+samsum:257+expertqa:257+factscore:257,wmsp_shrink10_blondel,this project,0.3252,0.0013,3,,corrected-span master,40,yes
meta-llama/Meta-Llama-3.1-8B,asqa,LOO-long,pubmed_qa:257+xsum:257+cnn_dailymail:257+med_quad:257+samsum:257+expertqa:257+factscore:257,ptrue,reference baseline,0.1995,0.1796,3,,corrected-span master,40,yes
meta-llama/Meta-Llama-3.1-8B,asqa,LOO-long,pubmed_qa:257+xsum:257+cnn_dailymail:257+med_quad:257+samsum:257+expertqa:257+factscore:257,lookback,reference baseline,0.0023,0.031,3,,corrected-span master,40,yes
meta-llama/Meta-Llama-3.1-8B,asqa,LOO-long,pubmed_qa:257+xsum:257+cnn_dailymail:257+med_quad:257+samsum:257+expertqa:257+factscore:257,VERDICT:bestw_vs_fairfloor,verdict,0.2547,,3,,corrected-span master,40,yes
meta-llama/Meta-Llama-3.1-8B,asqa,LOO-long,pubmed_qa:257+xsum:257+cnn_dailymail:257+med_quad:257+samsum:257+expertqa:257+factscore:257,VERDICT:bestw_vs_bestpooler,verdict,0.1786,,3,,corrected-span master,40,yes
meta-llama/Meta-Llama-3.1-8B,asqa,LOO-long,pubmed_qa:257+xsum:257+cnn_dailymail:257+med_quad:257+samsum:257+expertqa:257+factscore:257,VERDICT:attention_vs_fairfloor,verdict,0.0483,,3,,corrected-span master,40,yes
meta-llama/Meta-Llama-3.1-8B,factscore,DiffTask-long,pubmed_qa:300+xsum:300+cnn_dailymail:300+med_quad:300+samsum:300+asqa:300,floor_sum,reference baseline,0.2821,0.0,3,,corrected-span master,40,yes
meta-llama/Meta-Llama-3.1-8B,factscore,DiffTask-long,pubmed_qa:300+xsum:300+cnn_dailymail:300+med_quad:300+samsum:300+asqa:300,floor_ppl,reference baseline,0.326,0.0,3,,corrected-span master,40,yes
meta-llama/Meta-Llama-3.1-8B,factscore,DiffTask-long,pubmed_qa:300+xsum:300+cnn_dailymail:300+med_quad:300+samsum:300+asqa:300,floor_min,reference baseline,0.4283,0.0,3,,corrected-span master,40,yes
meta-llama/Meta-Llama-3.1-8B,factscore,DiffTask-long,pubmed_qa:300+xsum:300+cnn_dailymail:300+med_quad:300+samsum:300+asqa:300,fair_floor,reference baseline,0.4283,0.0,0,,corrected-span master,40,yes
meta-llama/Meta-Llama-3.1-8B,factscore,DiffTask-long,pubmed_qa:300+xsum:300+cnn_dailymail:300+med_quad:300+samsum:300+asqa:300,saplma,reference baseline,0.4264,0.0752,3,,corrected-span master,40,yes
meta-llama/Meta-Llama-3.1-8B,factscore,DiffTask-long,pubmed_qa:300+xsum:300+cnn_dailymail:300+med_quad:300+samsum:300+asqa:300,uniform,this project,0.4203,0.0692,3,,corrected-span master,40,yes
meta-llama/Meta-Llama-3.1-8B,factscore,DiffTask-long,pubmed_qa:300+xsum:300+cnn_dailymail:300+med_quad:300+samsum:300+asqa:300,attention,this project,0.3864,0.0807,3,,corrected-span master,40,yes
meta-llama/Meta-Llama-3.1-8B,factscore,DiffTask-long,pubmed_qa:300+xsum:300+cnn_dailymail:300+med_quad:300+samsum:300+asqa:300,wmsp_norm,this project,0.2094,0.0926,3,,corrected-span master,40,yes
meta-llama/Meta-Llama-3.1-8B,factscore,DiffTask-long,pubmed_qa:300+xsum:300+cnn_dailymail:300+med_quad:300+samsum:300+asqa:300,wmsp_seg_flat,this project,0.3163,0.0249,3,,corrected-span master,40,yes
meta-llama/Meta-Llama-3.1-8B,factscore,DiffTask-long,pubmed_qa:300+xsum:300+cnn_dailymail:300+med_quad:300+samsum:300+asqa:300,wmsp_seg_softmax,this project,0.2308,0.033,3,,corrected-span master,40,yes
meta-llama/Meta-Llama-3.1-8B,factscore,DiffTask-long,pubmed_qa:300+xsum:300+cnn_dailymail:300+med_quad:300+samsum:300+asqa:300,wmsp_shrink1_5,this project,0.2727,0.0465,3,,corrected-span master,40,yes
meta-llama/Meta-Llama-3.1-8B,factscore,DiffTask-long,pubmed_qa:300+xsum:300+cnn_dailymail:300+med_quad:300+samsum:300+asqa:300,wmsp_shrink2,this project,0.2698,0.025,3,,corrected-span master,40,yes
meta-llama/Meta-Llama-3.1-8B,factscore,DiffTask-long,pubmed_qa:300+xsum:300+cnn_dailymail:300+med_quad:300+samsum:300+asqa:300,wmsp_shrink10,this project,0.3435,0.0142,3,,corrected-span master,40,yes
meta-llama/Meta-Llama-3.1-8B,factscore,DiffTask-long,pubmed_qa:300+xsum:300+cnn_dailymail:300+med_quad:300+samsum:300+asqa:300,wmsp_blondel,this project,0.2306,0.0848,3,,corrected-span master,40,yes
meta-llama/Meta-Llama-3.1-8B,factscore,DiffTask-long,pubmed_qa:300+xsum:300+cnn_dailymail:300+med_quad:300+samsum:300+asqa:300,wmsp_shrink2_blondel,this project,0.3416,0.0056,3,,corrected-span master,40,yes
meta-llama/Meta-Llama-3.1-8B,factscore,DiffTask-long,pubmed_qa:300+xsum:300+cnn_dailymail:300+med_quad:300+samsum:300+asqa:300,wmsp_shrink10_blondel,this project,0.3345,0.0006,3,,corrected-span master,40,yes
meta-llama/Meta-Llama-3.1-8B,factscore,DiffTask-long,pubmed_qa:300+xsum:300+cnn_dailymail:300+med_quad:300+samsum:300+asqa:300,ptrue,reference baseline,0.0365,0.1329,3,,corrected-span master,40,yes
meta-llama/Meta-Llama-3.1-8B,factscore,DiffTask-long,pubmed_qa:300+xsum:300+cnn_dailymail:300+med_quad:300+samsum:300+asqa:300,lookback,reference baseline,0.201,0.0321,3,,corrected-span master,40,yes
meta-llama/Meta-Llama-3.1-8B,factscore,DiffTask-long,pubmed_qa:300+xsum:300+cnn_dailymail:300+med_quad:300+samsum:300+asqa:300,VERDICT:bestw_vs_fairfloor,verdict,-0.069,,3,,corrected-span master,40,yes
meta-llama/Meta-Llama-3.1-8B,factscore,DiffTask-long,pubmed_qa:300+xsum:300+cnn_dailymail:300+med_quad:300+samsum:300+asqa:300,VERDICT:bestw_vs_bestpooler,verdict,-0.0872,,3,,corrected-span master,40,yes
meta-llama/Meta-Llama-3.1-8B,factscore,DiffTask-long,pubmed_qa:300+xsum:300+cnn_dailymail:300+med_quad:300+samsum:300+asqa:300,VERDICT:attention_vs_fairfloor,verdict,-0.0189,,3,,corrected-span master,40,yes
meta-llama/Meta-Llama-3.1-8B,factscore,LOO-long,pubmed_qa:257+xsum:257+cnn_dailymail:257+med_quad:257+samsum:257+expertqa:257+asqa:257,floor_sum,reference baseline,0.2821,0.0,3,,corrected-span master,40,yes
meta-llama/Meta-Llama-3.1-8B,factscore,LOO-long,pubmed_qa:257+xsum:257+cnn_dailymail:257+med_quad:257+samsum:257+expertqa:257+asqa:257,floor_ppl,reference baseline,0.326,0.0,3,,corrected-span master,40,yes
meta-llama/Meta-Llama-3.1-8B,factscore,LOO-long,pubmed_qa:257+xsum:257+cnn_dailymail:257+med_quad:257+samsum:257+expertqa:257+asqa:257,floor_min,reference baseline,0.4283,0.0,3,,corrected-span master,40,yes
meta-llama/Meta-Llama-3.1-8B,factscore,LOO-long,pubmed_qa:257+xsum:257+cnn_dailymail:257+med_quad:257+samsum:257+expertqa:257+asqa:257,fair_floor,reference baseline,0.4283,0.0,0,,corrected-span master,40,yes
meta-llama/Meta-Llama-3.1-8B,factscore,LOO-long,pubmed_qa:257+xsum:257+cnn_dailymail:257+med_quad:257+samsum:257+expertqa:257+asqa:257,saplma,reference baseline,0.342,0.0499,3,,corrected-span master,40,yes
meta-llama/Meta-Llama-3.1-8B,factscore,LOO-long,pubmed_qa:257+xsum:257+cnn_dailymail:257+med_quad:257+samsum:257+expertqa:257+asqa:257,uniform,this project,0.2284,0.0658,3,,corrected-span master,40,yes
meta-llama/Meta-Llama-3.1-8B,factscore,LOO-long,pubmed_qa:257+xsum:257+cnn_dailymail:257+med_quad:257+samsum:257+expertqa:257+asqa:257,attention,this project,0.2301,0.0106,3,,corrected-span master,40,yes
meta-llama/Meta-Llama-3.1-8B,factscore,LOO-long,pubmed_qa:257+xsum:257+cnn_dailymail:257+med_quad:257+samsum:257+expertqa:257+asqa:257,wmsp_norm,this project,0.1938,0.0659,3,,corrected-span master,40,yes
meta-llama/Meta-Llama-3.1-8B,factscore,LOO-long,pubmed_qa:257+xsum:257+cnn_dailymail:257+med_quad:257+samsum:257+expertqa:257+asqa:257,wmsp_seg_flat,this project,0.273,0.0746,3,,corrected-span master,40,yes
meta-llama/Meta-Llama-3.1-8B,factscore,LOO-long,pubmed_qa:257+xsum:257+cnn_dailymail:257+med_quad:257+samsum:257+expertqa:257+asqa:257,wmsp_seg_softmax,this project,0.2793,0.062,3,,corrected-span master,40,yes
meta-llama/Meta-Llama-3.1-8B,factscore,LOO-long,pubmed_qa:257+xsum:257+cnn_dailymail:257+med_quad:257+samsum:257+expertqa:257+asqa:257,wmsp_shrink1_5,this project,0.2643,0.0875,3,,corrected-span master,40,yes
meta-llama/Meta-Llama-3.1-8B,factscore,LOO-long,pubmed_qa:257+xsum:257+cnn_dailymail:257+med_quad:257+samsum:257+expertqa:257+asqa:257,wmsp_shrink2,this project,0.2762,0.0551,3,,corrected-span master,40,yes
meta-llama/Meta-Llama-3.1-8B,factscore,LOO-long,pubmed_qa:257+xsum:257+cnn_dailymail:257+med_quad:257+samsum:257+expertqa:257+asqa:257,wmsp_shrink10,this project,0.3182,0.0444,3,,corrected-span master,40,yes
meta-llama/Meta-Llama-3.1-8B,factscore,LOO-long,pubmed_qa:257+xsum:257+cnn_dailymail:257+med_quad:257+samsum:257+expertqa:257+asqa:257,wmsp_blondel,this project,0.2937,0.1107,3,,corrected-span master,40,yes
meta-llama/Meta-Llama-3.1-8B,factscore,LOO-long,pubmed_qa:257+xsum:257+cnn_dailymail:257+med_quad:257+samsum:257+expertqa:257+asqa:257,wmsp_shrink2_blondel,this project,0.3526,0.0214,3,,corrected-span master,40,yes
meta-llama/Meta-Llama-3.1-8B,factscore,LOO-long,pubmed_qa:257+xsum:257+cnn_dailymail:257+med_quad:257+samsum:257+expertqa:257+asqa:257,wmsp_shrink10_blondel,this project,0.3395,0.0088,3,,corrected-span master,40,yes
meta-llama/Meta-Llama-3.1-8B,factscore,LOO-long,pubmed_qa:257+xsum:257+cnn_dailymail:257+med_quad:257+samsum:257+expertqa:257+asqa:257,ptrue,reference baseline,0.1725,0.1355,3,,corrected-span master,40,yes
meta-llama/Meta-Llama-3.1-8B,factscore,LOO-long,pubmed_qa:257+xsum:257+cnn_dailymail:257+med_quad:257+samsum:257+expertqa:257+asqa:257,lookback,reference baseline,0.0791,0.1253,3,,corrected-span master,40,yes
meta-llama/Meta-Llama-3.1-8B,factscore,LOO-long,pubmed_qa:257+xsum:257+cnn_dailymail:257+med_quad:257+samsum:257+expertqa:257+asqa:257,VERDICT:bestw_vs_fairfloor,verdict,-0.0764,,3,,corrected-span master,40,yes
meta-llama/Meta-Llama-3.1-8B,factscore,LOO-long,pubmed_qa:257+xsum:257+cnn_dailymail:257+med_quad:257+samsum:257+expertqa:257+asqa:257,VERDICT:bestw_vs_bestpooler,verdict,0.0462,,3,,corrected-span master,40,yes
meta-llama/Meta-Llama-3.1-8B,factscore,LOO-long,pubmed_qa:257+xsum:257+cnn_dailymail:257+med_quad:257+samsum:257+expertqa:257+asqa:257,VERDICT:attention_vs_fairfloor,verdict,-0.1226,,3,,corrected-span master,40,yes
meta-llama/Meta-Llama-3.1-8B,pubmed_qa,ID,pubmed_qa:1800,floor_sum,reference baseline,0.2018,0.0,3,,corrected-span master,40,yes
meta-llama/Meta-Llama-3.1-8B,pubmed_qa,ID,pubmed_qa:1800,floor_ppl,reference baseline,-0.1736,0.0,3,,corrected-span master,40,yes
meta-llama/Meta-Llama-3.1-8B,pubmed_qa,ID,pubmed_qa:1800,floor_min,reference baseline,0.371,0.0,3,,corrected-span master,40,yes
meta-llama/Meta-Llama-3.1-8B,pubmed_qa,ID,pubmed_qa:1800,fair_floor,reference baseline,0.371,0.0,0,,corrected-span master,40,yes
meta-llama/Meta-Llama-3.1-8B,pubmed_qa,ID,pubmed_qa:1800,saplma,reference baseline,0.7127,0.0062,3,,corrected-span master,40,yes
meta-llama/Meta-Llama-3.1-8B,pubmed_qa,ID,pubmed_qa:1800,uniform,this project,0.6835,0.0006,3,,corrected-span master,40,yes
meta-llama/Meta-Llama-3.1-8B,pubmed_qa,ID,pubmed_qa:1800,attention,this project,0.7313,0.0041,3,,corrected-span master,40,yes
meta-llama/Meta-Llama-3.1-8B,pubmed_qa,ID,pubmed_qa:1800,wmsp_norm,this project,0.5366,0.0761,3,,corrected-span master,40,yes
meta-llama/Meta-Llama-3.1-8B,pubmed_qa,ID,pubmed_qa:1800,wmsp_seg_flat,this project,0.0233,0.0058,3,,corrected-span master,40,yes
meta-llama/Meta-Llama-3.1-8B,pubmed_qa,ID,pubmed_qa:1800,wmsp_seg_softmax,this project,0.0562,0.0189,3,,corrected-span master,40,yes
meta-llama/Meta-Llama-3.1-8B,pubmed_qa,ID,pubmed_qa:1800,wmsp_shrink2,this project,0.6398,0.0155,3,,corrected-span master,40,yes
meta-llama/Meta-Llama-3.1-8B,pubmed_qa,ID,pubmed_qa:1800,wmsp_shrink10,this project,0.5155,0.0311,3,,corrected-span master,40,yes
meta-llama/Meta-Llama-3.1-8B,pubmed_qa,ID,pubmed_qa:1800,wmsp_blondel,this project,0.6206,0.0454,3,,corrected-span master,40,yes
meta-llama/Meta-Llama-3.1-8B,pubmed_qa,ID,pubmed_qa:1800,wmsp_shrink2_blondel,this project,-0.0065,0.013,3,,corrected-span master,40,yes
meta-llama/Meta-Llama-3.1-8B,pubmed_qa,ID,pubmed_qa:1800,wmsp_shrink10_blondel,this project,-0.1377,0.0047,3,,corrected-span master,40,yes
meta-llama/Meta-Llama-3.1-8B,pubmed_qa,ID,pubmed_qa:1800,ptrue,reference baseline,0.514,0.031,3,,corrected-span master,40,yes
meta-llama/Meta-Llama-3.1-8B,pubmed_qa,ID,pubmed_qa:1800,lookback,reference baseline,0.5983,0.0012,3,,corrected-span master,40,yes
meta-llama/Meta-Llama-3.1-8B,pubmed_qa,ID,pubmed_qa:1800,VERDICT:bestw_vs_fairfloor,verdict,0.2818,,3,,corrected-span master,40,yes
meta-llama/Meta-Llama-3.1-8B,pubmed_qa,ID,pubmed_qa:1800,VERDICT:bestw_vs_bestpooler,verdict,-0.0803,,3,,corrected-span master,40,yes
meta-llama/Meta-Llama-3.1-8B,pubmed_qa,ID,pubmed_qa:1800,VERDICT:attention_vs_fairfloor,verdict,0.3621,,3,,corrected-span master,40,yes
meta-llama/Meta-Llama-3.1-8B,pubmed_qa,ID,pubmed_qa:1800,wmsp_shrink1_5,this project,0.6393303761483388,0.006466470763138,3,,corrected-span master,40,yes
meta-llama/Meta-Llama-3.1-8B,pubmed_qa,DiffTask-long,xsum:360+cnn_dailymail:360+samsum:360+expertqa:360+factscore:360,floor_sum,reference baseline,0.2018,0.0,3,,corrected-span master,40,yes
meta-llama/Meta-Llama-3.1-8B,pubmed_qa,DiffTask-long,xsum:360+cnn_dailymail:360+samsum:360+expertqa:360+factscore:360,floor_ppl,reference baseline,-0.1736,0.0,3,,corrected-span master,40,yes
meta-llama/Meta-Llama-3.1-8B,pubmed_qa,DiffTask-long,xsum:360+cnn_dailymail:360+samsum:360+expertqa:360+factscore:360,floor_min,reference baseline,0.371,0.0,3,,corrected-span master,40,yes
meta-llama/Meta-Llama-3.1-8B,pubmed_qa,DiffTask-long,xsum:360+cnn_dailymail:360+samsum:360+expertqa:360+factscore:360,fair_floor,reference baseline,0.371,0.0,0,,corrected-span master,40,yes
meta-llama/Meta-Llama-3.1-8B,pubmed_qa,DiffTask-long,xsum:360+cnn_dailymail:360+samsum:360+expertqa:360+factscore:360,saplma,reference baseline,0.2031,0.1093,3,,corrected-span master,40,yes
meta-llama/Meta-Llama-3.1-8B,pubmed_qa,DiffTask-long,xsum:360+cnn_dailymail:360+samsum:360+expertqa:360+factscore:360,uniform,this project,0.1702,0.0708,3,,corrected-span master,40,yes
meta-llama/Meta-Llama-3.1-8B,pubmed_qa,DiffTask-long,xsum:360+cnn_dailymail:360+samsum:360+expertqa:360+factscore:360,attention,this project,0.2254,0.0616,3,,corrected-span master,40,yes
meta-llama/Meta-Llama-3.1-8B,pubmed_qa,DiffTask-long,xsum:360+cnn_dailymail:360+samsum:360+expertqa:360+factscore:360,wmsp_norm,this project,0.1317,0.106,3,,corrected-span master,40,yes
meta-llama/Meta-Llama-3.1-8B,pubmed_qa,DiffTask-long,xsum:360+cnn_dailymail:360+samsum:360+expertqa:360+factscore:360,wmsp_seg_flat,this project,-0.0148,0.0054,3,,corrected-span master,40,yes
meta-llama/Meta-Llama-3.1-8B,pubmed_qa,DiffTask-long,xsum:360+cnn_dailymail:360+samsum:360+expertqa:360+factscore:360,wmsp_seg_softmax,this project,-0.0249,0.045,3,,corrected-span master,40,yes
meta-llama/Meta-Llama-3.1-8B,pubmed_qa,DiffTask-long,xsum:360+cnn_dailymail:360+samsum:360+expertqa:360+factscore:360,wmsp_shrink2,this project,0.2308,0.0185,3,,corrected-span master,40,yes
meta-llama/Meta-Llama-3.1-8B,pubmed_qa,DiffTask-long,xsum:360+cnn_dailymail:360+samsum:360+expertqa:360+factscore:360,wmsp_shrink10,this project,0.0859,0.0398,3,,corrected-span master,40,yes
meta-llama/Meta-Llama-3.1-8B,pubmed_qa,DiffTask-long,xsum:360+cnn_dailymail:360+samsum:360+expertqa:360+factscore:360,wmsp_blondel,this project,0.1491,0.0615,3,,corrected-span master,40,yes
meta-llama/Meta-Llama-3.1-8B,pubmed_qa,DiffTask-long,xsum:360+cnn_dailymail:360+samsum:360+expertqa:360+factscore:360,wmsp_shrink2_blondel,this project,-0.1416,0.0066,3,,corrected-span master,40,yes
meta-llama/Meta-Llama-3.1-8B,pubmed_qa,DiffTask-long,xsum:360+cnn_dailymail:360+samsum:360+expertqa:360+factscore:360,wmsp_shrink10_blondel,this project,-0.1688,0.0021,3,,corrected-span master,40,yes
meta-llama/Meta-Llama-3.1-8B,pubmed_qa,DiffTask-long,xsum:360+cnn_dailymail:360+samsum:360+expertqa:360+factscore:360,VERDICT:bestw_vs_fairfloor,verdict,-0.1075,,3,,corrected-span master,40,yes
meta-llama/Meta-Llama-3.1-8B,pubmed_qa,DiffTask-long,xsum:360+cnn_dailymail:360+samsum:360+expertqa:360+factscore:360,VERDICT:bestw_vs_bestpooler,verdict,0.026,,3,,corrected-span master,40,yes
meta-llama/Meta-Llama-3.1-8B,pubmed_qa,DiffTask-long,xsum:360+cnn_dailymail:360+samsum:360+expertqa:360+factscore:360,VERDICT:attention_vs_fairfloor,verdict,-0.1335,,3,,corrected-span master,40,yes
meta-llama/Meta-Llama-3.1-8B,pubmed_qa,DiffTask-long,xsum:360+cnn_dailymail:360+samsum:360+expertqa:360+factscore:360,ptrue,reference baseline,-0.0816,0.1422,3,,corrected-span master,40,yes
meta-llama/Meta-Llama-3.1-8B,pubmed_qa,DiffTask-long,xsum:360+cnn_dailymail:360+samsum:360+expertqa:360+factscore:360,lookback,reference baseline,-0.2508,0.077,3,,corrected-span master,40,yes
meta-llama/Meta-Llama-3.1-8B,pubmed_qa,DiffTask-long,xsum:360+cnn_dailymail:360+samsum:360+expertqa:360+factscore:360,wmsp_shrink1_5,this project,0.2492363713106196,0.0242732232582911,3,,corrected-span master,40,yes
meta-llama/Meta-Llama-3.1-8B,pubmed_qa,1ds-Diff-long,xsum:1800,floor_sum,reference baseline,0.2018,0.0,3,,corrected-span master,40,yes
meta-llama/Meta-Llama-3.1-8B,pubmed_qa,1ds-Diff-long,xsum:1800,floor_ppl,reference baseline,-0.1736,0.0,3,,corrected-span master,40,yes
meta-llama/Meta-Llama-3.1-8B,pubmed_qa,1ds-Diff-long,xsum:1800,floor_min,reference baseline,0.371,0.0,3,,corrected-span master,40,yes
meta-llama/Meta-Llama-3.1-8B,pubmed_qa,1ds-Diff-long,xsum:1800,fair_floor,reference baseline,0.371,0.0,0,,corrected-span master,40,yes
meta-llama/Meta-Llama-3.1-8B,pubmed_qa,1ds-Diff-long,xsum:1800,saplma,reference baseline,0.207,0.0106,3,,corrected-span master,40,yes
meta-llama/Meta-Llama-3.1-8B,pubmed_qa,1ds-Diff-long,xsum:1800,uniform,this project,0.2192,0.0054,3,,corrected-span master,40,yes
meta-llama/Meta-Llama-3.1-8B,pubmed_qa,1ds-Diff-long,xsum:1800,attention,this project,0.2448,0.0063,3,,corrected-span master,40,yes
meta-llama/Meta-Llama-3.1-8B,pubmed_qa,1ds-Diff-long,xsum:1800,wmsp_norm,this project,0.2117,0.0348,3,,corrected-span master,40,yes
meta-llama/Meta-Llama-3.1-8B,pubmed_qa,1ds-Diff-long,xsum:1800,wmsp_seg_flat,this project,0.0017,0.0034,3,,corrected-span master,40,yes
meta-llama/Meta-Llama-3.1-8B,pubmed_qa,1ds-Diff-long,xsum:1800,wmsp_seg_softmax,this project,0.0096,0.0078,3,,corrected-span master,40,yes
meta-llama/Meta-Llama-3.1-8B,pubmed_qa,1ds-Diff-long,xsum:1800,wmsp_shrink2,this project,0.3056,0.039,3,,corrected-span master,40,yes
meta-llama/Meta-Llama-3.1-8B,pubmed_qa,1ds-Diff-long,xsum:1800,wmsp_shrink10,this project,0.1717,0.0068,3,,corrected-span master,40,yes
meta-llama/Meta-Llama-3.1-8B,pubmed_qa,1ds-Diff-long,xsum:1800,wmsp_blondel,this project,0.2144,0.0379,3,,corrected-span master,40,yes
meta-llama/Meta-Llama-3.1-8B,pubmed_qa,1ds-Diff-long,xsum:1800,wmsp_shrink2_blondel,this project,-0.0945,0.0103,3,,corrected-span master,40,yes
meta-llama/Meta-Llama-3.1-8B,pubmed_qa,1ds-Diff-long,xsum:1800,wmsp_shrink10_blondel,this project,-0.1584,0.0011,3,,corrected-span master,40,yes
meta-llama/Meta-Llama-3.1-8B,pubmed_qa,1ds-Diff-long,xsum:1800,ptrue,reference baseline,0.186,0.0146,3,,corrected-span master,40,yes
meta-llama/Meta-Llama-3.1-8B,pubmed_qa,1ds-Diff-long,xsum:1800,lookback,reference baseline,0.1092,0.0483,3,,corrected-span master,40,yes
meta-llama/Meta-Llama-3.1-8B,pubmed_qa,1ds-Diff-long,xsum:1800,VERDICT:bestw_vs_fairfloor,verdict,-0.0587,,3,,corrected-span master,40,yes
meta-llama/Meta-Llama-3.1-8B,pubmed_qa,1ds-Diff-long,xsum:1800,VERDICT:bestw_vs_bestpooler,verdict,0.0675,,3,,corrected-span master,40,yes
meta-llama/Meta-Llama-3.1-8B,pubmed_qa,1ds-Diff-long,xsum:1800,VERDICT:attention_vs_fairfloor,verdict,-0.1262,,3,,corrected-span master,40,yes
meta-llama/Meta-Llama-3.1-8B,pubmed_qa,1ds-Diff-long,xsum:1800,wmsp_shrink1_5,this project,0.2755889113840552,0.0169837357285422,3,,corrected-span master,40,yes
meta-llama/Meta-Llama-3.1-8B,xsum,ID,xsum:1800,floor_sum,reference baseline,-0.2049,0.0,3,,corrected-span master,40,yes
meta-llama/Meta-Llama-3.1-8B,xsum,ID,xsum:1800,floor_ppl,reference baseline,-0.1719,0.0,3,,corrected-span master,40,yes
meta-llama/Meta-Llama-3.1-8B,xsum,ID,xsum:1800,floor_min,reference baseline,-0.0149,0.0,3,,corrected-span master,40,yes
meta-llama/Meta-Llama-3.1-8B,xsum,ID,xsum:1800,fair_floor,reference baseline,-0.0149,0.0,0,,corrected-span master,40,yes
meta-llama/Meta-Llama-3.1-8B,xsum,ID,xsum:1800,saplma,reference baseline,0.538,0.0096,3,,corrected-span master,40,yes
meta-llama/Meta-Llama-3.1-8B,xsum,ID,xsum:1800,uniform,this project,0.5282,0.0036,3,,corrected-span master,40,yes
meta-llama/Meta-Llama-3.1-8B,xsum,ID,xsum:1800,attention,this project,0.577,0.0016,3,,corrected-span master,40,yes
meta-llama/Meta-Llama-3.1-8B,xsum,ID,xsum:1800,wmsp_norm,this project,0.3096,0.0264,3,,corrected-span master,40,yes
meta-llama/Meta-Llama-3.1-8B,xsum,ID,xsum:1800,wmsp_seg_flat,this project,-0.1595,0.0016,3,,corrected-span master,40,yes
meta-llama/Meta-Llama-3.1-8B,xsum,ID,xsum:1800,wmsp_seg_softmax,this project,-0.1648,0.0007,3,,corrected-span master,40,yes
meta-llama/Meta-Llama-3.1-8B,xsum,ID,xsum:1800,wmsp_shrink2,this project,0.4334,0.0087,3,,corrected-span master,40,yes
meta-llama/Meta-Llama-3.1-8B,xsum,ID,xsum:1800,wmsp_shrink10,this project,0.3059,0.0215,3,,corrected-span master,40,yes
meta-llama/Meta-Llama-3.1-8B,xsum,ID,xsum:1800,wmsp_blondel,this project,0.3561,0.0113,3,,corrected-span master,40,yes
meta-llama/Meta-Llama-3.1-8B,xsum,ID,xsum:1800,wmsp_shrink2_blondel,this project,-0.0495,0.0163,3,,corrected-span master,40,yes
meta-llama/Meta-Llama-3.1-8B,xsum,ID,xsum:1800,wmsp_shrink10_blondel,this project,-0.1539,0.0005,3,,corrected-span master,40,yes
meta-llama/Meta-Llama-3.1-8B,xsum,ID,xsum:1800,ptrue,reference baseline,0.2312,0.0505,3,,corrected-span master,40,yes
meta-llama/Meta-Llama-3.1-8B,xsum,ID,xsum:1800,lookback,reference baseline,0.4357,0.0059,3,,corrected-span master,40,yes
meta-llama/Meta-Llama-3.1-8B,xsum,ID,xsum:1800,VERDICT:bestw_vs_fairfloor,verdict,0.4625,,3,,corrected-span master,40,yes
meta-llama/Meta-Llama-3.1-8B,xsum,ID,xsum:1800,VERDICT:bestw_vs_bestpooler,verdict,-0.1322,,3,,corrected-span master,40,yes
meta-llama/Meta-Llama-3.1-8B,xsum,ID,xsum:1800,VERDICT:attention_vs_fairfloor,verdict,0.5947,,3,,corrected-span master,40,yes
meta-llama/Meta-Llama-3.1-8B,xsum,ID,xsum:1800,wmsp_shrink1_5,this project,0.4184611290042904,0.0153141195036444,3,,corrected-span master,40,yes
meta-llama/Meta-Llama-3.1-8B,xsum,SameTask-long,cnn_dailymail:900+samsum:900,floor_sum,reference baseline,-0.2049,0.0,3,,corrected-span master,40,yes
meta-llama/Meta-Llama-3.1-8B,xsum,SameTask-long,cnn_dailymail:900+samsum:900,floor_ppl,reference baseline,-0.1719,0.0,3,,corrected-span master,40,yes
meta-llama/Meta-Llama-3.1-8B,xsum,SameTask-long,cnn_dailymail:900+samsum:900,floor_min,reference baseline,-0.0149,0.0,3,,corrected-span master,40,yes
meta-llama/Meta-Llama-3.1-8B,xsum,SameTask-long,cnn_dailymail:900+samsum:900,fair_floor,reference baseline,-0.0149,0.0,0,,corrected-span master,40,yes
meta-llama/Meta-Llama-3.1-8B,xsum,SameTask-long,cnn_dailymail:900+samsum:900,saplma,reference baseline,0.2987,0.0095,3,,corrected-span master,40,yes
meta-llama/Meta-Llama-3.1-8B,xsum,SameTask-long,cnn_dailymail:900+samsum:900,uniform,this project,0.2664,0.0121,3,,corrected-span master,40,yes
meta-llama/Meta-Llama-3.1-8B,xsum,SameTask-long,cnn_dailymail:900+samsum:900,attention,this project,0.2913,0.0073,3,,corrected-span master,40,yes
meta-llama/Meta-Llama-3.1-8B,xsum,SameTask-long,cnn_dailymail:900+samsum:900,wmsp_norm,this project,0.141,0.0534,3,,corrected-span master,40,yes
meta-llama/Meta-Llama-3.1-8B,xsum,SameTask-long,cnn_dailymail:900+samsum:900,wmsp_seg_flat,this project,-0.1549,0.0082,3,,corrected-span master,40,yes
meta-llama/Meta-Llama-3.1-8B,xsum,SameTask-long,cnn_dailymail:900+samsum:900,wmsp_seg_softmax,this project,-0.1615,0.0048,3,,corrected-span master,40,yes
meta-llama/Meta-Llama-3.1-8B,xsum,SameTask-long,cnn_dailymail:900+samsum:900,wmsp_shrink2,this project,0.1456,0.0635,3,,corrected-span master,40,yes
meta-llama/Meta-Llama-3.1-8B,xsum,SameTask-long,cnn_dailymail:900+samsum:900,wmsp_shrink10,this project,0.0039,0.0482,3,,corrected-span master,40,yes
meta-llama/Meta-Llama-3.1-8B,xsum,SameTask-long,cnn_dailymail:900+samsum:900,wmsp_blondel,this project,0.2116,0.0336,3,,corrected-span master,40,yes
meta-llama/Meta-Llama-3.1-8B,xsum,SameTask-long,cnn_dailymail:900+samsum:900,wmsp_shrink2_blondel,this project,-0.1431,0.0087,3,,corrected-span master,40,yes
meta-llama/Meta-Llama-3.1-8B,xsum,SameTask-long,cnn_dailymail:900+samsum:900,wmsp_shrink10_blondel,this project,-0.1675,0.002,3,,corrected-span master,40,yes
meta-llama/Meta-Llama-3.1-8B,xsum,SameTask-long,cnn_dailymail:900+samsum:900,VERDICT:bestw_vs_fairfloor,verdict,0.2709,,3,,corrected-span master,40,yes
meta-llama/Meta-Llama-3.1-8B,xsum,SameTask-long,cnn_dailymail:900+samsum:900,VERDICT:bestw_vs_bestpooler,verdict,-0.0379,,3,,corrected-span master,40,yes
meta-llama/Meta-Llama-3.1-8B,xsum,SameTask-long,cnn_dailymail:900+samsum:900,VERDICT:attention_vs_fairfloor,verdict,0.3088,,3,,corrected-span master,40,yes
meta-llama/Meta-Llama-3.1-8B,xsum,SameTask-long,cnn_dailymail:900+samsum:900,ptrue,reference baseline,0.1786,0.0223,3,,corrected-span master,40,yes
meta-llama/Meta-Llama-3.1-8B,xsum,SameTask-long,cnn_dailymail:900+samsum:900,lookback,reference baseline,0.1558,0.0075,3,,corrected-span master,40,yes
meta-llama/Meta-Llama-3.1-8B,xsum,SameTask-long,cnn_dailymail:900+samsum:900,wmsp_shrink1_5,this project,0.1501257823549734,0.0520243848531801,3,,corrected-span master,40,yes
meta-llama/Meta-Llama-3.1-8B,xsum,1ds-Diff-long,pubmed_qa:1800,floor_sum,reference baseline,-0.2049,0.0,3,,corrected-span master,40,yes
meta-llama/Meta-Llama-3.1-8B,xsum,1ds-Diff-long,pubmed_qa:1800,floor_ppl,reference baseline,-0.1719,0.0,3,,corrected-span master,40,yes
meta-llama/Meta-Llama-3.1-8B,xsum,1ds-Diff-long,pubmed_qa:1800,floor_min,reference baseline,-0.0149,0.0,3,,corrected-span master,40,yes
meta-llama/Meta-Llama-3.1-8B,xsum,1ds-Diff-long,pubmed_qa:1800,fair_floor,reference baseline,-0.0149,0.0,0,,corrected-span master,40,yes
meta-llama/Meta-Llama-3.1-8B,xsum,1ds-Diff-long,pubmed_qa:1800,saplma,reference baseline,0.2283,0.0271,3,,corrected-span master,40,yes
meta-llama/Meta-Llama-3.1-8B,xsum,1ds-Diff-long,pubmed_qa:1800,uniform,this project,0.1386,0.0071,3,,corrected-span master,40,yes
meta-llama/Meta-Llama-3.1-8B,xsum,1ds-Diff-long,pubmed_qa:1800,attention,this project,0.1906,0.0022,3,,corrected-span master,40,yes
meta-llama/Meta-Llama-3.1-8B,xsum,1ds-Diff-long,pubmed_qa:1800,wmsp_norm,this project,0.1097,0.0273,3,,corrected-span master,40,yes
meta-llama/Meta-Llama-3.1-8B,xsum,1ds-Diff-long,pubmed_qa:1800,wmsp_seg_flat,this project,-0.1754,0.0029,3,,corrected-span master,40,yes
meta-llama/Meta-Llama-3.1-8B,xsum,1ds-Diff-long,pubmed_qa:1800,wmsp_seg_softmax,this project,-0.1765,0.0017,3,,corrected-span master,40,yes
meta-llama/Meta-Llama-3.1-8B,xsum,1ds-Diff-long,pubmed_qa:1800,wmsp_shrink2,this project,0.0071,0.0286,3,,corrected-span master,40,yes
meta-llama/Meta-Llama-3.1-8B,xsum,1ds-Diff-long,pubmed_qa:1800,wmsp_shrink10,this project,-0.0821,0.004,3,,corrected-span master,40,yes
meta-llama/Meta-Llama-3.1-8B,xsum,1ds-Diff-long,pubmed_qa:1800,wmsp_blondel,this project,0.1048,0.0511,3,,corrected-span master,40,yes
meta-llama/Meta-Llama-3.1-8B,xsum,1ds-Diff-long,pubmed_qa:1800,wmsp_shrink2_blondel,this project,-0.1478,0.0019,3,,corrected-span master,40,yes
meta-llama/Meta-Llama-3.1-8B,xsum,1ds-Diff-long,pubmed_qa:1800,wmsp_shrink10_blondel,this project,-0.1705,0.001,3,,corrected-span master,40,yes
meta-llama/Meta-Llama-3.1-8B,xsum,1ds-Diff-long,pubmed_qa:1800,ptrue,reference baseline,0.062,0.0054,3,,corrected-span master,40,yes
meta-llama/Meta-Llama-3.1-8B,xsum,1ds-Diff-long,pubmed_qa:1800,lookback,reference baseline,0.1677,0.0025,3,,corrected-span master,40,yes
meta-llama/Meta-Llama-3.1-8B,xsum,1ds-Diff-long,pubmed_qa:1800,VERDICT:bestw_vs_fairfloor,verdict,0.1341,,3,,corrected-span master,40,yes
meta-llama/Meta-Llama-3.1-8B,xsum,1ds-Diff-long,pubmed_qa:1800,VERDICT:bestw_vs_bestpooler,verdict,-0.072,,3,,corrected-span master,40,yes
meta-llama/Meta-Llama-3.1-8B,xsum,1ds-Diff-long,pubmed_qa:1800,VERDICT:attention_vs_fairfloor,verdict,0.2062,,3,,corrected-span master,40,yes
meta-llama/Meta-Llama-3.1-8B,xsum,1ds-Diff-long,pubmed_qa:1800,wmsp_shrink1_5,this project,0.0344662531988217,0.0188481044467364,3,,corrected-span master,40,yes
meta-llama/Meta-Llama-3.1-8B,cnn_dailymail,ID,cnn_dailymail:1800,floor_sum,reference baseline,-0.0848,0.0,3,,corrected-span master,40,yes
meta-llama/Meta-Llama-3.1-8B,cnn_dailymail,ID,cnn_dailymail:1800,floor_ppl,reference baseline,0.4096,0.0,3,,corrected-span master,40,yes
meta-llama/Meta-Llama-3.1-8B,cnn_dailymail,ID,cnn_dailymail:1800,floor_min,reference baseline,0.1198,0.0,3,,corrected-span master,40,yes
meta-llama/Meta-Llama-3.1-8B,cnn_dailymail,ID,cnn_dailymail:1800,fair_floor,reference baseline,0.1198,0.0,0,,corrected-span master,40,yes
meta-llama/Meta-Llama-3.1-8B,cnn_dailymail,ID,cnn_dailymail:1800,saplma,reference baseline,0.5969,0.0104,3,,corrected-span master,40,yes
meta-llama/Meta-Llama-3.1-8B,cnn_dailymail,ID,cnn_dailymail:1800,uniform,this project,0.5878,0.0031,3,,corrected-span master,40,yes
meta-llama/Meta-Llama-3.1-8B,cnn_dailymail,ID,cnn_dailymail:1800,attention,this project,0.594,0.0006,3,,corrected-span master,40,yes
meta-llama/Meta-Llama-3.1-8B,cnn_dailymail,ID,cnn_dailymail:1800,wmsp_norm,this project,0.5027,0.0146,3,,corrected-span master,40,yes
meta-llama/Meta-Llama-3.1-8B,cnn_dailymail,ID,cnn_dailymail:1800,wmsp_seg_flat,this project,0.3848,0.0042,3,,corrected-span master,40,yes
meta-llama/Meta-Llama-3.1-8B,cnn_dailymail,ID,cnn_dailymail:1800,wmsp_seg_softmax,this project,0.3568,0.0132,3,,corrected-span master,40,yes
meta-llama/Meta-Llama-3.1-8B,cnn_dailymail,ID,cnn_dailymail:1800,wmsp_shrink2,this project,0.5663,0.0164,3,,corrected-span master,40,yes
meta-llama/Meta-Llama-3.1-8B,cnn_dailymail,ID,cnn_dailymail:1800,wmsp_shrink10,this project,0.5325,0.0058,3,,corrected-span master,40,yes
meta-llama/Meta-Llama-3.1-8B,cnn_dailymail,ID,cnn_dailymail:1800,wmsp_blondel,this project,0.5268,0.0213,3,,corrected-span master,40,yes
meta-llama/Meta-Llama-3.1-8B,cnn_dailymail,ID,cnn_dailymail:1800,wmsp_shrink2_blondel,this project,0.4687,0.0055,3,,corrected-span master,40,yes
meta-llama/Meta-Llama-3.1-8B,cnn_dailymail,ID,cnn_dailymail:1800,wmsp_shrink10_blondel,this project,0.4218,0.004,3,,corrected-span master,40,yes
meta-llama/Meta-Llama-3.1-8B,cnn_dailymail,ID,cnn_dailymail:1800,VERDICT:bestw_vs_fairfloor,verdict,0.4596,,3,,corrected-span master,40,yes
meta-llama/Meta-Llama-3.1-8B,cnn_dailymail,ID,cnn_dailymail:1800,VERDICT:bestw_vs_bestpooler,verdict,-0.0148,,3,,corrected-span master,40,yes
meta-llama/Meta-Llama-3.1-8B,cnn_dailymail,ID,cnn_dailymail:1800,VERDICT:attention_vs_fairfloor,verdict,0.4744,,3,,corrected-span master,40,yes
meta-llama/Meta-Llama-3.1-8B,cnn_dailymail,ID,cnn_dailymail:1800,ptrue,reference baseline,0.2668,0.0305,3,,corrected-span master,40,yes
meta-llama/Meta-Llama-3.1-8B,cnn_dailymail,ID,cnn_dailymail:1800,lookback,reference baseline,0.5619,0.001,3,,corrected-span master,40,yes
meta-llama/Meta-Llama-3.1-8B,cnn_dailymail,ID,cnn_dailymail:1800,wmsp_shrink1_5,this project,0.5524993195291988,0.0236564636480631,3,,corrected-span master,40,yes
meta-llama/Meta-Llama-3.1-8B,cnn_dailymail,SameTask-long,xsum:900+samsum:900,floor_sum,reference baseline,-0.0848,0.0,3,,corrected-span master,40,yes
meta-llama/Meta-Llama-3.1-8B,cnn_dailymail,SameTask-long,xsum:900+samsum:900,floor_ppl,reference baseline,0.4096,0.0,3,,corrected-span master,40,yes
meta-llama/Meta-Llama-3.1-8B,cnn_dailymail,SameTask-long,xsum:900+samsum:900,floor_min,reference baseline,0.1198,0.0,3,,corrected-span master,40,yes
meta-llama/Meta-Llama-3.1-8B,cnn_dailymail,SameTask-long,xsum:900+samsum:900,fair_floor,reference baseline,0.1198,0.0,0,,corrected-span master,40,yes
meta-llama/Meta-Llama-3.1-8B,cnn_dailymail,SameTask-long,xsum:900+samsum:900,saplma,reference baseline,0.2282,0.0354,3,,corrected-span master,40,yes
meta-llama/Meta-Llama-3.1-8B,cnn_dailymail,SameTask-long,xsum:900+samsum:900,uniform,this project,0.1904,0.0354,3,,corrected-span master,40,yes
meta-llama/Meta-Llama-3.1-8B,cnn_dailymail,SameTask-long,xsum:900+samsum:900,attention,this project,0.2243,0.0171,3,,corrected-span master,40,yes
meta-llama/Meta-Llama-3.1-8B,cnn_dailymail,SameTask-long,xsum:900+samsum:900,wmsp_norm,this project,0.1263,0.0286,3,,corrected-span master,40,yes
meta-llama/Meta-Llama-3.1-8B,cnn_dailymail,SameTask-long,xsum:900+samsum:900,wmsp_seg_flat,this project,0.1477,0.0079,3,,corrected-span master,40,yes
meta-llama/Meta-Llama-3.1-8B,cnn_dailymail,SameTask-long,xsum:900+samsum:900,wmsp_seg_softmax,this project,0.1537,0.0059,3,,corrected-span master,40,yes
meta-llama/Meta-Llama-3.1-8B,cnn_dailymail,SameTask-long,xsum:900+samsum:900,wmsp_shrink2,this project,0.3704,0.0161,3,,corrected-span master,40,yes
meta-llama/Meta-Llama-3.1-8B,cnn_dailymail,SameTask-long,xsum:900+samsum:900,wmsp_shrink10,this project,0.4616,0.0096,3,,corrected-span master,40,yes
meta-llama/Meta-Llama-3.1-8B,cnn_dailymail,SameTask-long,xsum:900+samsum:900,wmsp_blondel,this project,0.2179,0.0216,3,,corrected-span master,40,yes
meta-llama/Meta-Llama-3.1-8B,cnn_dailymail,SameTask-long,xsum:900+samsum:900,wmsp_shrink2_blondel,this project,0.4365,0.01,3,,corrected-span master,40,yes
meta-llama/Meta-Llama-3.1-8B,cnn_dailymail,SameTask-long,xsum:900+samsum:900,wmsp_shrink10_blondel,this project,0.4119,0.0015,3,,corrected-span master,40,yes
meta-llama/Meta-Llama-3.1-8B,cnn_dailymail,SameTask-long,xsum:900+samsum:900,VERDICT:bestw_vs_fairfloor,verdict,0.3573,,3,,corrected-span master,40,yes
meta-llama/Meta-Llama-3.1-8B,cnn_dailymail,SameTask-long,xsum:900+samsum:900,VERDICT:bestw_vs_bestpooler,verdict,0.2429,,3,,corrected-span master,40,yes
meta-llama/Meta-Llama-3.1-8B,cnn_dailymail,SameTask-long,xsum:900+samsum:900,VERDICT:attention_vs_fairfloor,verdict,0.1143,,3,,corrected-span master,40,yes
meta-llama/Meta-Llama-3.1-8B,cnn_dailymail,SameTask-long,xsum:900+samsum:900,ptrue,reference baseline,0.0142,0.0246,3,,corrected-span master,40,yes
meta-llama/Meta-Llama-3.1-8B,cnn_dailymail,SameTask-long,xsum:900+samsum:900,lookback,reference baseline,0.2309,0.0823,3,,corrected-span master,40,yes
meta-llama/Meta-Llama-3.1-8B,cnn_dailymail,SameTask-long,xsum:900+samsum:900,wmsp_shrink1_5,this project,0.3193391913506927,0.0366566721886555,3,,corrected-span master,40,yes
meta-llama/Meta-Llama-3.1-8B,cnn_dailymail,1ds-Diff-long,pubmed_qa:1800,floor_sum,reference baseline,-0.0848,0.0,3,,corrected-span master,40,yes
meta-llama/Meta-Llama-3.1-8B,cnn_dailymail,1ds-Diff-long,pubmed_qa:1800,floor_ppl,reference baseline,0.4096,0.0,3,,corrected-span master,40,yes
meta-llama/Meta-Llama-3.1-8B,cnn_dailymail,1ds-Diff-long,pubmed_qa:1800,floor_min,reference baseline,0.1198,0.0,3,,corrected-span master,40,yes
meta-llama/Meta-Llama-3.1-8B,cnn_dailymail,1ds-Diff-long,pubmed_qa:1800,fair_floor,reference baseline,0.1198,0.0,0,,corrected-span master,40,yes
meta-llama/Meta-Llama-3.1-8B,cnn_dailymail,1ds-Diff-long,pubmed_qa:1800,saplma,reference baseline,0.101,0.0162,3,,corrected-span master,40,yes
meta-llama/Meta-Llama-3.1-8B,cnn_dailymail,1ds-Diff-long,pubmed_qa:1800,uniform,this project,0.0193,0.0044,3,,corrected-span master,40,yes
meta-llama/Meta-Llama-3.1-8B,cnn_dailymail,1ds-Diff-long,pubmed_qa:1800,attention,this project,0.005,0.0124,3,,corrected-span master,40,yes
meta-llama/Meta-Llama-3.1-8B,cnn_dailymail,1ds-Diff-long,pubmed_qa:1800,wmsp_norm,this project,0.117,0.0042,3,,corrected-span master,40,yes
meta-llama/Meta-Llama-3.1-8B,cnn_dailymail,1ds-Diff-long,pubmed_qa:1800,wmsp_seg_flat,this project,0.1299,0.004,3,,corrected-span master,40,yes
meta-llama/Meta-Llama-3.1-8B,cnn_dailymail,1ds-Diff-long,pubmed_qa:1800,wmsp_seg_softmax,this project,0.1329,0.0048,3,,corrected-span master,40,yes
meta-llama/Meta-Llama-3.1-8B,cnn_dailymail,1ds-Diff-long,pubmed_qa:1800,wmsp_shrink2,this project,0.3127,0.0257,3,,corrected-span master,40,yes
meta-llama/Meta-Llama-3.1-8B,cnn_dailymail,1ds-Diff-long,pubmed_qa:1800,wmsp_shrink10,this project,0.4211,0.0076,3,,corrected-span master,40,yes
meta-llama/Meta-Llama-3.1-8B,cnn_dailymail,1ds-Diff-long,pubmed_qa:1800,wmsp_blondel,this project,0.1288,0.0196,3,,corrected-span master,40,yes
meta-llama/Meta-Llama-3.1-8B,cnn_dailymail,1ds-Diff-long,pubmed_qa:1800,wmsp_shrink2_blondel,this project,0.4247,0.0022,3,,corrected-span master,40,yes
meta-llama/Meta-Llama-3.1-8B,cnn_dailymail,1ds-Diff-long,pubmed_qa:1800,wmsp_shrink10_blondel,this project,0.4084,0.001,3,,corrected-span master,40,yes
meta-llama/Meta-Llama-3.1-8B,cnn_dailymail,1ds-Diff-long,pubmed_qa:1800,VERDICT:bestw_vs_fairfloor,verdict,0.3056,,3,,corrected-span master,40,yes
meta-llama/Meta-Llama-3.1-8B,cnn_dailymail,1ds-Diff-long,pubmed_qa:1800,VERDICT:bestw_vs_bestpooler,verdict,0.4064,,3,,corrected-span master,40,yes
meta-llama/Meta-Llama-3.1-8B,cnn_dailymail,1ds-Diff-long,pubmed_qa:1800,VERDICT:attention_vs_fairfloor,verdict,-0.1145,,3,,corrected-span master,40,yes
meta-llama/Meta-Llama-3.1-8B,cnn_dailymail,1ds-Diff-long,pubmed_qa:1800,ptrue,reference baseline,0.1783,0.1069,3,,corrected-span master,40,yes
meta-llama/Meta-Llama-3.1-8B,cnn_dailymail,1ds-Diff-long,pubmed_qa:1800,lookback,reference baseline,0.1919,0.0026,3,,corrected-span master,40,yes
meta-llama/Meta-Llama-3.1-8B,cnn_dailymail,1ds-Diff-long,pubmed_qa:1800,wmsp_shrink1_5,this project,0.2989744598398673,0.0282164916677252,3,,corrected-span master,40,yes
meta-llama/Meta-Llama-3.1-8B,samsum,ID,samsum:1260,floor_sum,reference baseline,-0.1334,0.0,3,,corrected-span master,40,yes
meta-llama/Meta-Llama-3.1-8B,samsum,ID,samsum:1260,floor_ppl,reference baseline,0.1128,0.0,3,,corrected-span master,40,yes
meta-llama/Meta-Llama-3.1-8B,samsum,ID,samsum:1260,floor_min,reference baseline,-0.0243,0.0,3,,corrected-span master,40,yes
meta-llama/Meta-Llama-3.1-8B,samsum,ID,samsum:1260,fair_floor,reference baseline,-0.0243,0.0,0,,corrected-span master,40,yes
meta-llama/Meta-Llama-3.1-8B,samsum,ID,samsum:1260,saplma,reference baseline,0.5761,0.009,3,,corrected-span master,40,yes
meta-llama/Meta-Llama-3.1-8B,samsum,ID,samsum:1260,uniform,this project,0.5626,0.0024,3,,corrected-span master,40,yes
meta-llama/Meta-Llama-3.1-8B,samsum,ID,samsum:1260,attention,this project,0.6308,0.0054,3,,corrected-span master,40,yes
meta-llama/Meta-Llama-3.1-8B,samsum,ID,samsum:1260,wmsp_norm,this project,0.4156,0.0322,3,,corrected-span master,40,yes
meta-llama/Meta-Llama-3.1-8B,samsum,ID,samsum:1260,wmsp_seg_flat,this project,0.2936,0.0072,3,,corrected-span master,40,yes
meta-llama/Meta-Llama-3.1-8B,samsum,ID,samsum:1260,wmsp_seg_softmax,this project,0.2886,0.0433,3,,corrected-span master,40,yes
meta-llama/Meta-Llama-3.1-8B,samsum,ID,samsum:1260,wmsp_shrink2,this project,0.4441,0.0195,3,,corrected-span master,40,yes
meta-llama/Meta-Llama-3.1-8B,samsum,ID,samsum:1260,wmsp_shrink10,this project,0.4214,0.0149,3,,corrected-span master,40,yes
meta-llama/Meta-Llama-3.1-8B,samsum,ID,samsum:1260,wmsp_blondel,this project,0.4825,0.0019,3,,corrected-span master,40,yes
meta-llama/Meta-Llama-3.1-8B,samsum,ID,samsum:1260,wmsp_shrink2_blondel,this project,0.2497,0.0242,3,,corrected-span master,40,yes
meta-llama/Meta-Llama-3.1-8B,samsum,ID,samsum:1260,wmsp_shrink10_blondel,this project,0.1501,0.0043,3,,corrected-span master,40,yes
meta-llama/Meta-Llama-3.1-8B,samsum,ID,samsum:1260,VERDICT:bestw_vs_fairfloor,verdict,0.5275,,3,,corrected-span master,40,yes
meta-llama/Meta-Llama-3.1-8B,samsum,ID,samsum:1260,VERDICT:bestw_vs_bestpooler,verdict,-0.1301,,3,,corrected-span master,40,yes
meta-llama/Meta-Llama-3.1-8B,samsum,ID,samsum:1260,VERDICT:attention_vs_fairfloor,verdict,0.6577,,3,,corrected-span master,40,yes
meta-llama/Meta-Llama-3.1-8B,samsum,ID,samsum:1260,ptrue,reference baseline,0.3097,0.0621,3,,corrected-span master,40,yes
meta-llama/Meta-Llama-3.1-8B,samsum,ID,samsum:1260,lookback,reference baseline,0.5586,0.0004,3,,corrected-span master,40,yes
meta-llama/Meta-Llama-3.1-8B,samsum,ID,samsum:1260,wmsp_shrink1_5,this project,0.457117732949668,0.0298305324537303,3,,corrected-span master,40,yes
meta-llama/Meta-Llama-3.1-8B,samsum,SameTask-long,xsum:900+cnn_dailymail:900,floor_sum,reference baseline,-0.1334,0.0,3,,corrected-span master,40,yes
meta-llama/Meta-Llama-3.1-8B,samsum,SameTask-long,xsum:900+cnn_dailymail:900,floor_ppl,reference baseline,0.1128,0.0,3,,corrected-span master,40,yes
meta-llama/Meta-Llama-3.1-8B,samsum,SameTask-long,xsum:900+cnn_dailymail:900,floor_min,reference baseline,-0.0243,0.0,3,,corrected-span master,40,yes
meta-llama/Meta-Llama-3.1-8B,samsum,SameTask-long,xsum:900+cnn_dailymail:900,fair_floor,reference baseline,-0.0243,0.0,0,,corrected-span master,40,yes
meta-llama/Meta-Llama-3.1-8B,samsum,SameTask-long,xsum:900+cnn_dailymail:900,saplma,reference baseline,0.2978,0.0584,3,,corrected-span master,40,yes
meta-llama/Meta-Llama-3.1-8B,samsum,SameTask-long,xsum:900+cnn_dailymail:900,uniform,this project,0.3339,0.0245,3,,corrected-span master,40,yes
meta-llama/Meta-Llama-3.1-8B,samsum,SameTask-long,xsum:900+cnn_dailymail:900,attention,this project,0.3316,0.0126,3,,corrected-span master,40,yes
meta-llama/Meta-Llama-3.1-8B,samsum,SameTask-long,xsum:900+cnn_dailymail:900,wmsp_norm,this project,0.2218,0.0518,3,,corrected-span master,40,yes
meta-llama/Meta-Llama-3.1-8B,samsum,SameTask-long,xsum:900+cnn_dailymail:900,wmsp_seg_flat,this project,0.2686,0.0661,3,,corrected-span master,40,yes
meta-llama/Meta-Llama-3.1-8B,samsum,SameTask-long,xsum:900+cnn_dailymail:900,wmsp_seg_softmax,this project,0.2673,0.0538,3,,corrected-span master,40,yes
meta-llama/Meta-Llama-3.1-8B,samsum,SameTask-long,xsum:900+cnn_dailymail:900,wmsp_shrink2,this project,0.3065,0.0089,3,,corrected-span master,40,yes
meta-llama/Meta-Llama-3.1-8B,samsum,SameTask-long,xsum:900+cnn_dailymail:900,wmsp_shrink10,this project,0.2592,0.024,3,,corrected-span master,40,yes
meta-llama/Meta-Llama-3.1-8B,samsum,SameTask-long,xsum:900+cnn_dailymail:900,wmsp_blondel,this project,0.3251,0.0512,3,,corrected-span master,40,yes
meta-llama/Meta-Llama-3.1-8B,samsum,SameTask-long,xsum:900+cnn_dailymail:900,wmsp_shrink2_blondel,this project,0.1496,0.0133,3,,corrected-span master,40,yes
meta-llama/Meta-Llama-3.1-8B,samsum,SameTask-long,xsum:900+cnn_dailymail:900,wmsp_shrink10_blondel,this project,0.1203,0.004,3,,corrected-span master,40,yes
meta-llama/Meta-Llama-3.1-8B,samsum,SameTask-long,xsum:900+cnn_dailymail:900,VERDICT:bestw_vs_fairfloor,verdict,0.41,,3,,corrected-span master,40,yes
meta-llama/Meta-Llama-3.1-8B,samsum,SameTask-long,xsum:900+cnn_dailymail:900,VERDICT:bestw_vs_bestpooler,verdict,0.0458,,3,,corrected-span master,40,yes
meta-llama/Meta-Llama-3.1-8B,samsum,SameTask-long,xsum:900+cnn_dailymail:900,VERDICT:attention_vs_fairfloor,verdict,0.367,,3,,corrected-span master,40,yes
meta-llama/Meta-Llama-3.1-8B,samsum,SameTask-long,xsum:900+cnn_dailymail:900,ptrue,reference baseline,0.0167,0.0763,3,,corrected-span master,40,yes
meta-llama/Meta-Llama-3.1-8B,samsum,SameTask-long,xsum:900+cnn_dailymail:900,lookback,reference baseline,0.2716,0.0274,3,,corrected-span master,40,yes
meta-llama/Meta-Llama-3.1-8B,samsum,SameTask-long,xsum:900+cnn_dailymail:900,wmsp_shrink1_5,this project,0.3084595884220343,0.0232467158257891,3,,corrected-span master,40,yes
meta-llama/Meta-Llama-3.1-8B,samsum,1ds-Diff-long,pubmed_qa:1800,floor_sum,reference baseline,-0.1334,0.0,3,,corrected-span master,40,yes
meta-llama/Meta-Llama-3.1-8B,samsum,1ds-Diff-long,pubmed_qa:1800,floor_ppl,reference baseline,0.1128,0.0,3,,corrected-span master,40,yes
meta-llama/Meta-Llama-3.1-8B,samsum,1ds-Diff-long,pubmed_qa:1800,floor_min,reference baseline,-0.0243,0.0,3,,corrected-span master,40,yes
meta-llama/Meta-Llama-3.1-8B,samsum,1ds-Diff-long,pubmed_qa:1800,fair_floor,reference baseline,-0.0243,0.0,0,,corrected-span master,40,yes
meta-llama/Meta-Llama-3.1-8B,samsum,1ds-Diff-long,pubmed_qa:1800,saplma,reference baseline,0.2761,0.0068,3,,corrected-span master,40,yes
meta-llama/Meta-Llama-3.1-8B,samsum,1ds-Diff-long,pubmed_qa:1800,uniform,this project,0.2113,0.0031,3,,corrected-span master,40,yes
meta-llama/Meta-Llama-3.1-8B,samsum,1ds-Diff-long,pubmed_qa:1800,attention,this project,0.3015,0.0143,3,,corrected-span master,40,yes
meta-llama/Meta-Llama-3.1-8B,samsum,1ds-Diff-long,pubmed_qa:1800,wmsp_norm,this project,0.0762,0.0472,3,,corrected-span master,40,yes
meta-llama/Meta-Llama-3.1-8B,samsum,1ds-Diff-long,pubmed_qa:1800,wmsp_seg_flat,this project,0.1877,0.0645,3,,corrected-span master,40,yes
meta-llama/Meta-Llama-3.1-8B,samsum,1ds-Diff-long,pubmed_qa:1800,wmsp_seg_softmax,this project,0.1974,0.0641,3,,corrected-span master,40,yes
meta-llama/Meta-Llama-3.1-8B,samsum,1ds-Diff-long,pubmed_qa:1800,wmsp_shrink2,this project,0.16,0.0183,3,,corrected-span master,40,yes
meta-llama/Meta-Llama-3.1-8B,samsum,1ds-Diff-long,pubmed_qa:1800,wmsp_shrink10,this project,0.1305,0.0066,3,,corrected-span master,40,yes
meta-llama/Meta-Llama-3.1-8B,samsum,1ds-Diff-long,pubmed_qa:1800,wmsp_blondel,this project,0.1806,0.0773,3,,corrected-span master,40,yes
meta-llama/Meta-Llama-3.1-8B,samsum,1ds-Diff-long,pubmed_qa:1800,wmsp_shrink2_blondel,this project,0.1141,0.0038,3,,corrected-span master,40,yes
meta-llama/Meta-Llama-3.1-8B,samsum,1ds-Diff-long,pubmed_qa:1800,wmsp_shrink10_blondel,this project,0.1106,0.0008,3,,corrected-span master,40,yes
meta-llama/Meta-Llama-3.1-8B,samsum,1ds-Diff-long,pubmed_qa:1800,VERDICT:bestw_vs_fairfloor,verdict,0.2047,,3,,corrected-span master,40,yes
meta-llama/Meta-Llama-3.1-8B,samsum,1ds-Diff-long,pubmed_qa:1800,VERDICT:bestw_vs_bestpooler,verdict,-0.1177,,3,,corrected-span master,40,yes
meta-llama/Meta-Llama-3.1-8B,samsum,1ds-Diff-long,pubmed_qa:1800,VERDICT:attention_vs_fairfloor,verdict,0.3224,,3,,corrected-span master,40,yes
meta-llama/Meta-Llama-3.1-8B,samsum,1ds-Diff-long,pubmed_qa:1800,ptrue,reference baseline,-0.0274,0.0283,3,,corrected-span master,40,yes
meta-llama/Meta-Llama-3.1-8B,samsum,1ds-Diff-long,pubmed_qa:1800,lookback,reference baseline,-0.0208,0.0037,3,,corrected-span master,40,yes
meta-llama/Meta-Llama-3.1-8B,samsum,1ds-Diff-long,pubmed_qa:1800,wmsp_shrink1_5,this project,0.1955530947463144,0.0199161829255183,3,,corrected-span master,40,yes
meta-llama/Meta-Llama-3.1-8B,expertqa,ID,expertqa:1207,floor_sum,reference baseline,0.1438,0.0,3,,corrected-span master,40,yes
meta-llama/Meta-Llama-3.1-8B,expertqa,ID,expertqa:1207,floor_ppl,reference baseline,0.0393,0.0,3,,corrected-span master,40,yes
meta-llama/Meta-Llama-3.1-8B,expertqa,ID,expertqa:1207,floor_min,reference baseline,0.2054,0.0,3,,corrected-span master,40,yes
meta-llama/Meta-Llama-3.1-8B,expertqa,ID,expertqa:1207,fair_floor,reference baseline,0.2054,0.0,0,,corrected-span master,40,yes
meta-llama/Meta-Llama-3.1-8B,expertqa,ID,expertqa:1207,saplma,reference baseline,0.6105,0.0059,3,,corrected-span master,40,yes
meta-llama/Meta-Llama-3.1-8B,expertqa,ID,expertqa:1207,uniform,this project,0.6218,0.0007,3,,corrected-span master,40,yes
meta-llama/Meta-Llama-3.1-8B,expertqa,ID,expertqa:1207,attention,this project,0.645,0.0032,3,,corrected-span master,40,yes
meta-llama/Meta-Llama-3.1-8B,expertqa,ID,expertqa:1207,wmsp_norm,this project,0.4181,0.0513,3,,corrected-span master,40,yes
meta-llama/Meta-Llama-3.1-8B,expertqa,ID,expertqa:1207,wmsp_seg_flat,this project,0.2407,0.0472,3,,corrected-span master,40,yes
meta-llama/Meta-Llama-3.1-8B,expertqa,ID,expertqa:1207,wmsp_seg_softmax,this project,0.1622,0.0103,3,,corrected-span master,40,yes
meta-llama/Meta-Llama-3.1-8B,expertqa,ID,expertqa:1207,wmsp_shrink2,this project,0.5411,0.0314,3,,corrected-span master,40,yes
meta-llama/Meta-Llama-3.1-8B,expertqa,ID,expertqa:1207,wmsp_shrink10,this project,0.512,0.0304,3,,corrected-span master,40,yes
meta-llama/Meta-Llama-3.1-8B,expertqa,ID,expertqa:1207,wmsp_blondel,this project,0.4792,0.0129,3,,corrected-span master,40,yes
meta-llama/Meta-Llama-3.1-8B,expertqa,ID,expertqa:1207,wmsp_shrink2_blondel,this project,0.3531,0.0216,3,,corrected-span master,40,yes
meta-llama/Meta-Llama-3.1-8B,expertqa,ID,expertqa:1207,wmsp_shrink10_blondel,this project,0.1631,0.0089,3,,corrected-span master,40,yes
meta-llama/Meta-Llama-3.1-8B,expertqa,ID,expertqa:1207,ptrue,reference baseline,0.5654,0.0073,3,,corrected-span master,40,yes
meta-llama/Meta-Llama-3.1-8B,expertqa,ID,expertqa:1207,lookback,reference baseline,0.5062,0.033,3,,corrected-span master,40,yes
meta-llama/Meta-Llama-3.1-8B,expertqa,ID,expertqa:1207,VERDICT:bestw_vs_fairfloor,verdict,0.3489,,3,,corrected-span master,40,yes
meta-llama/Meta-Llama-3.1-8B,expertqa,ID,expertqa:1207,VERDICT:bestw_vs_bestpooler,verdict,-0.0907,,3,,corrected-span master,40,yes
meta-llama/Meta-Llama-3.1-8B,expertqa,ID,expertqa:1207,VERDICT:attention_vs_fairfloor,verdict,0.4396,,3,,corrected-span master,40,yes
meta-llama/Meta-Llama-3.1-8B,expertqa,ID,expertqa:1207,wmsp_shrink1_5,this project,0.5516741057535591,0.0216227655624976,3,,corrected-span master,40,yes
meta-llama/Meta-Llama-3.1-8B,expertqa,SameTask-long,factscore:455,floor_sum,reference baseline,0.1438,0.0,3,,corrected-span master,40,yes
meta-llama/Meta-Llama-3.1-8B,expertqa,SameTask-long,factscore:455,floor_ppl,reference baseline,0.0393,0.0,3,,corrected-span master,40,yes
meta-llama/Meta-Llama-3.1-8B,expertqa,SameTask-long,factscore:455,floor_min,reference baseline,0.2054,0.0,3,,corrected-span master,40,yes
meta-llama/Meta-Llama-3.1-8B,expertqa,SameTask-long,factscore:455,fair_floor,reference baseline,0.2054,0.0,0,,corrected-span master,40,yes
meta-llama/Meta-Llama-3.1-8B,expertqa,SameTask-long,factscore:455,saplma,reference baseline,0.3207,0.0292,3,,corrected-span master,40,yes
meta-llama/Meta-Llama-3.1-8B,expertqa,SameTask-long,factscore:455,uniform,this project,0.2553,0.0148,3,,corrected-span master,40,yes
meta-llama/Meta-Llama-3.1-8B,expertqa,SameTask-long,factscore:455,attention,this project,0.2986,0.026,3,,corrected-span master,40,yes
meta-llama/Meta-Llama-3.1-8B,expertqa,SameTask-long,factscore:455,wmsp_norm,this project,0.1378,0.0157,3,,corrected-span master,40,yes
meta-llama/Meta-Llama-3.1-8B,expertqa,SameTask-long,factscore:455,wmsp_seg_flat,this project,0.0265,0.0248,3,,corrected-span master,40,yes
meta-llama/Meta-Llama-3.1-8B,expertqa,SameTask-long,factscore:455,wmsp_seg_softmax,this project,-0.0166,0.0233,3,,corrected-span master,40,yes
meta-llama/Meta-Llama-3.1-8B,expertqa,SameTask-long,factscore:455,wmsp_shrink2,this project,0.0652,0.0212,3,,corrected-span master,40,yes
meta-llama/Meta-Llama-3.1-8B,expertqa,SameTask-long,factscore:455,wmsp_shrink10,this project,0.098,0.0189,3,,corrected-span master,40,yes
meta-llama/Meta-Llama-3.1-8B,expertqa,SameTask-long,factscore:455,wmsp_blondel,this project,0.0456,0.0041,3,,corrected-span master,40,yes
meta-llama/Meta-Llama-3.1-8B,expertqa,SameTask-long,factscore:455,wmsp_shrink2_blondel,this project,0.0718,0.0097,3,,corrected-span master,40,yes
meta-llama/Meta-Llama-3.1-8B,expertqa,SameTask-long,factscore:455,wmsp_shrink10_blondel,this project,0.0464,0.0024,3,,corrected-span master,40,yes
meta-llama/Meta-Llama-3.1-8B,expertqa,SameTask-long,factscore:455,ptrue,reference baseline,0.1537,0.0353,3,,corrected-span master,40,yes
meta-llama/Meta-Llama-3.1-8B,expertqa,SameTask-long,factscore:455,lookback,reference baseline,-0.1705,0.0049,3,,corrected-span master,40,yes
meta-llama/Meta-Llama-3.1-8B,expertqa,SameTask-long,factscore:455,VERDICT:bestw_vs_fairfloor,verdict,-0.0573,,3,,corrected-span master,40,yes
meta-llama/Meta-Llama-3.1-8B,expertqa,SameTask-long,factscore:455,VERDICT:bestw_vs_bestpooler,verdict,-0.1477,,3,,corrected-span master,40,yes
meta-llama/Meta-Llama-3.1-8B,expertqa,SameTask-long,factscore:455,VERDICT:attention_vs_fairfloor,verdict,0.0904,,3,,corrected-span master,40,yes
meta-llama/Meta-Llama-3.1-8B,expertqa,SameTask-long,factscore:455,wmsp_shrink1_5,this project,0.0575873828241566,0.0157323655323896,3,,corrected-span master,40,yes
meta-llama/Meta-Llama-3.1-8B,expertqa,1ds-Diff-long,pubmed_qa:1800,floor_sum,reference baseline,0.1438,0.0,3,,corrected-span master,40,yes
meta-llama/Meta-Llama-3.1-8B,expertqa,1ds-Diff-long,pubmed_qa:1800,floor_ppl,reference baseline,0.0393,0.0,3,,corrected-span master,40,yes
meta-llama/Meta-Llama-3.1-8B,expertqa,1ds-Diff-long,pubmed_qa:1800,floor_min,reference baseline,0.2054,0.0,3,,corrected-span master,40,yes
meta-llama/Meta-Llama-3.1-8B,expertqa,1ds-Diff-long,pubmed_qa:1800,fair_floor,reference baseline,0.2054,0.0,0,,corrected-span master,40,yes
meta-llama/Meta-Llama-3.1-8B,expertqa,1ds-Diff-long,pubmed_qa:1800,saplma,reference baseline,0.0289,0.0121,3,,corrected-span master,40,yes
meta-llama/Meta-Llama-3.1-8B,expertqa,1ds-Diff-long,pubmed_qa:1800,uniform,this project,-0.0188,0.0038,3,,corrected-span master,40,yes
meta-llama/Meta-Llama-3.1-8B,expertqa,1ds-Diff-long,pubmed_qa:1800,attention,this project,0.0877,0.0281,3,,corrected-span master,40,yes
meta-llama/Meta-Llama-3.1-8B,expertqa,1ds-Diff-long,pubmed_qa:1800,wmsp_norm,this project,0.0036,0.0534,3,,corrected-span master,40,yes
meta-llama/Meta-Llama-3.1-8B,expertqa,1ds-Diff-long,pubmed_qa:1800,wmsp_seg_flat,this project,0.0737,0.0197,3,,corrected-span master,40,yes
meta-llama/Meta-Llama-3.1-8B,expertqa,1ds-Diff-long,pubmed_qa:1800,wmsp_seg_softmax,this project,0.0343,0.025,3,,corrected-span master,40,yes
meta-llama/Meta-Llama-3.1-8B,expertqa,1ds-Diff-long,pubmed_qa:1800,wmsp_shrink2,this project,0.1068,0.0299,3,,corrected-span master,40,yes
meta-llama/Meta-Llama-3.1-8B,expertqa,1ds-Diff-long,pubmed_qa:1800,wmsp_shrink10,this project,0.1208,0.0098,3,,corrected-span master,40,yes
meta-llama/Meta-Llama-3.1-8B,expertqa,1ds-Diff-long,pubmed_qa:1800,wmsp_blondel,this project,0.0619,0.0232,3,,corrected-span master,40,yes
meta-llama/Meta-Llama-3.1-8B,expertqa,1ds-Diff-long,pubmed_qa:1800,wmsp_shrink2_blondel,this project,0.0574,0.0007,3,,corrected-span master,40,yes
meta-llama/Meta-Llama-3.1-8B,expertqa,1ds-Diff-long,pubmed_qa:1800,wmsp_shrink10_blondel,this project,0.0377,0.0017,3,,corrected-span master,40,yes
meta-llama/Meta-Llama-3.1-8B,expertqa,1ds-Diff-long,pubmed_qa:1800,ptrue,reference baseline,0.0279,0.0231,3,,corrected-span master,40,yes
meta-llama/Meta-Llama-3.1-8B,expertqa,1ds-Diff-long,pubmed_qa:1800,lookback,reference baseline,-0.1545,0.0033,3,,corrected-span master,40,yes
meta-llama/Meta-Llama-3.1-8B,expertqa,1ds-Diff-long,pubmed_qa:1800,VERDICT:bestw_vs_fairfloor,verdict,-0.0793,,3,,corrected-span master,40,yes
meta-llama/Meta-Llama-3.1-8B,expertqa,1ds-Diff-long,pubmed_qa:1800,VERDICT:bestw_vs_bestpooler,verdict,0.0371,,3,,corrected-span master,40,yes
meta-llama/Meta-Llama-3.1-8B,expertqa,1ds-Diff-long,pubmed_qa:1800,VERDICT:attention_vs_fairfloor,verdict,-0.1164,,3,,corrected-span master,40,yes
meta-llama/Meta-Llama-3.1-8B,expertqa,1ds-Diff-long,pubmed_qa:1800,wmsp_shrink1_5,this project,0.0982243166746084,0.0241177401263391,3,,corrected-span master,40,yes
meta-llama/Meta-Llama-3.1-8B,asqa,ID,asqa:664,floor_sum,reference baseline,0.1483,0.0,3,,corrected-span master,40,yes
meta-llama/Meta-Llama-3.1-8B,asqa,ID,asqa:664,floor_ppl,reference baseline,0.3161,0.0,3,,corrected-span master,40,yes
meta-llama/Meta-Llama-3.1-8B,asqa,ID,asqa:664,floor_min,reference baseline,0.2498,0.0,3,,corrected-span master,40,yes
meta-llama/Meta-Llama-3.1-8B,asqa,ID,asqa:664,fair_floor,reference baseline,0.2498,0.0,0,,corrected-span master,40,yes
meta-llama/Meta-Llama-3.1-8B,asqa,ID,asqa:664,saplma,reference baseline,0.5377,0.0205,3,,corrected-span master,40,yes
meta-llama/Meta-Llama-3.1-8B,asqa,ID,asqa:664,uniform,this project,0.541,0.0015,3,,corrected-span master,40,yes
meta-llama/Meta-Llama-3.1-8B,asqa,ID,asqa:664,attention,this project,0.6063,0.0031,3,,corrected-span master,40,yes
meta-llama/Meta-Llama-3.1-8B,asqa,ID,asqa:664,wmsp_norm,this project,0.4767,0.0338,3,,corrected-span master,40,yes
meta-llama/Meta-Llama-3.1-8B,asqa,ID,asqa:664,wmsp_seg_flat,this project,0.3343,0.0352,3,,corrected-span master,40,yes
meta-llama/Meta-Llama-3.1-8B,asqa,ID,asqa:664,wmsp_shrink2,this project,0.494,0.013,3,,corrected-span master,40,yes
meta-llama/Meta-Llama-3.1-8B,asqa,ID,asqa:664,wmsp_shrink10,this project,0.4621,0.0055,3,,corrected-span master,40,yes
meta-llama/Meta-Llama-3.1-8B,asqa,ID,asqa:664,wmsp_blondel,this project,0.473,0.0089,3,,corrected-span master,40,yes
meta-llama/Meta-Llama-3.1-8B,asqa,ID,asqa:664,wmsp_shrink2_blondel,this project,0.3877,0.0063,3,,corrected-span master,40,yes
meta-llama/Meta-Llama-3.1-8B,asqa,ID,asqa:664,wmsp_shrink10_blondel,this project,0.3344,0.0029,3,,corrected-span master,40,yes
meta-llama/Meta-Llama-3.1-8B,asqa,ID,asqa:664,ptrue,reference baseline,0.4371,0.0101,3,,corrected-span master,40,yes
meta-llama/Meta-Llama-3.1-8B,asqa,ID,asqa:664,lookback,reference baseline,0.3814,0.0219,3,,corrected-span master,40,yes
meta-llama/Meta-Llama-3.1-8B,asqa,ID,asqa:664,VERDICT:bestw_vs_fairfloor,verdict,0.2648,,3,,corrected-span master,40,yes
meta-llama/Meta-Llama-3.1-8B,asqa,ID,asqa:664,VERDICT:bestw_vs_bestpooler,verdict,-0.092,,3,,corrected-span master,40,yes
meta-llama/Meta-Llama-3.1-8B,asqa,ID,asqa:664,VERDICT:attention_vs_fairfloor,verdict,0.3568,,3,,corrected-span master,40,yes
meta-llama/Meta-Llama-3.1-8B,asqa,ID,asqa:664,wmsp_seg_softmax,this project,0.3618,0.0294,3,,corrected-span master,40,yes
meta-llama/Meta-Llama-3.1-8B,asqa,ID,asqa:664,wmsp_shrink1_5,this project,0.4933044539288487,0.0097335420692812,3,,corrected-span master,40,yes
meta-llama/Meta-Llama-3.1-8B,asqa,DiffTask-long,xsum:360+cnn_dailymail:360+samsum:360+expertqa:360+factscore:360,floor_sum,reference baseline,0.1483,0.0,3,,corrected-span master,40,yes
meta-llama/Meta-Llama-3.1-8B,asqa,DiffTask-long,xsum:360+cnn_dailymail:360+samsum:360+expertqa:360+factscore:360,floor_ppl,reference baseline,0.3161,0.0,3,,corrected-span master,40,yes
meta-llama/Meta-Llama-3.1-8B,asqa,DiffTask-long,xsum:360+cnn_dailymail:360+samsum:360+expertqa:360+factscore:360,floor_min,reference baseline,0.2498,0.0,3,,corrected-span master,40,yes
meta-llama/Meta-Llama-3.1-8B,asqa,DiffTask-long,xsum:360+cnn_dailymail:360+samsum:360+expertqa:360+factscore:360,fair_floor,reference baseline,0.2498,0.0,0,,corrected-span master,40,yes
meta-llama/Meta-Llama-3.1-8B,asqa,DiffTask-long,xsum:360+cnn_dailymail:360+samsum:360+expertqa:360+factscore:360,saplma,reference baseline,0.3025,0.0261,3,,corrected-span master,40,yes
meta-llama/Meta-Llama-3.1-8B,asqa,DiffTask-long,xsum:360+cnn_dailymail:360+samsum:360+expertqa:360+factscore:360,uniform,this project,0.295,0.0172,3,,corrected-span master,40,yes
meta-llama/Meta-Llama-3.1-8B,asqa,DiffTask-long,xsum:360+cnn_dailymail:360+samsum:360+expertqa:360+factscore:360,attention,this project,0.2981,0.023,3,,corrected-span master,40,yes
meta-llama/Meta-Llama-3.1-8B,asqa,DiffTask-long,xsum:360+cnn_dailymail:360+samsum:360+expertqa:360+factscore:360,wmsp_norm,this project,0.2592,0.0372,3,,corrected-span master,40,yes
meta-llama/Meta-Llama-3.1-8B,asqa,DiffTask-long,xsum:360+cnn_dailymail:360+samsum:360+expertqa:360+factscore:360,wmsp_seg_flat,this project,0.279,0.0078,3,,corrected-span master,40,yes
meta-llama/Meta-Llama-3.1-8B,asqa,DiffTask-long,xsum:360+cnn_dailymail:360+samsum:360+expertqa:360+factscore:360,wmsp_seg_softmax,this project,0.2334,0.0124,3,,corrected-span master,40,yes
meta-llama/Meta-Llama-3.1-8B,asqa,DiffTask-long,xsum:360+cnn_dailymail:360+samsum:360+expertqa:360+factscore:360,wmsp_shrink2,this project,0.3927,0.0316,3,,corrected-span master,40,yes
meta-llama/Meta-Llama-3.1-8B,asqa,DiffTask-long,xsum:360+cnn_dailymail:360+samsum:360+expertqa:360+factscore:360,wmsp_shrink10,this project,0.4025,0.0268,3,,corrected-span master,40,yes
meta-llama/Meta-Llama-3.1-8B,asqa,DiffTask-long,xsum:360+cnn_dailymail:360+samsum:360+expertqa:360+factscore:360,wmsp_blondel,this project,0.3105,0.0683,3,,corrected-span master,40,yes
meta-llama/Meta-Llama-3.1-8B,asqa,DiffTask-long,xsum:360+cnn_dailymail:360+samsum:360+expertqa:360+factscore:360,wmsp_shrink2_blondel,this project,0.3663,0.0085,3,,corrected-span master,40,yes
meta-llama/Meta-Llama-3.1-8B,asqa,DiffTask-long,xsum:360+cnn_dailymail:360+samsum:360+expertqa:360+factscore:360,wmsp_shrink10_blondel,this project,0.3238,0.0022,3,,corrected-span master,40,yes
meta-llama/Meta-Llama-3.1-8B,asqa,DiffTask-long,xsum:360+cnn_dailymail:360+samsum:360+expertqa:360+factscore:360,VERDICT:bestw_vs_fairfloor,verdict,0.1857,,3,,corrected-span master,40,yes
meta-llama/Meta-Llama-3.1-8B,asqa,DiffTask-long,xsum:360+cnn_dailymail:360+samsum:360+expertqa:360+factscore:360,VERDICT:bestw_vs_bestpooler,verdict,0.1289,,3,,corrected-span master,40,yes
meta-llama/Meta-Llama-3.1-8B,asqa,DiffTask-long,xsum:360+cnn_dailymail:360+samsum:360+expertqa:360+factscore:360,VERDICT:attention_vs_fairfloor,verdict,0.0568,,3,,corrected-span master,40,yes
meta-llama/Meta-Llama-3.1-8B,asqa,DiffTask-long,xsum:360+cnn_dailymail:360+samsum:360+expertqa:360+factscore:360,ptrue,reference baseline,0.1213,0.1435,3,,corrected-span master,40,yes
meta-llama/Meta-Llama-3.1-8B,asqa,DiffTask-long,xsum:360+cnn_dailymail:360+samsum:360+expertqa:360+factscore:360,lookback,reference baseline,0.0093,0.0248,3,,corrected-span master,40,yes
meta-llama/Meta-Llama-3.1-8B,asqa,DiffTask-long,xsum:360+cnn_dailymail:360+samsum:360+expertqa:360+factscore:360,wmsp_shrink1_5,this project,0.4070012232286039,0.0358927024508383,3,,corrected-span master,40,yes
meta-llama/Meta-Llama-3.1-8B,asqa,1ds-Diff-long,xsum:1800,floor_sum,reference baseline,0.1483,0.0,3,,corrected-span master,40,yes
meta-llama/Meta-Llama-3.1-8B,asqa,1ds-Diff-long,xsum:1800,floor_ppl,reference baseline,0.3161,0.0,3,,corrected-span master,40,yes
meta-llama/Meta-Llama-3.1-8B,asqa,1ds-Diff-long,xsum:1800,floor_min,reference baseline,0.2498,0.0,3,,corrected-span master,40,yes
meta-llama/Meta-Llama-3.1-8B,asqa,1ds-Diff-long,xsum:1800,fair_floor,reference baseline,0.2498,0.0,0,,corrected-span master,40,yes
meta-llama/Meta-Llama-3.1-8B,asqa,1ds-Diff-long,xsum:1800,saplma,reference baseline,0.3667,0.0099,3,,corrected-span master,40,yes
meta-llama/Meta-Llama-3.1-8B,asqa,1ds-Diff-long,xsum:1800,uniform,this project,0.2821,0.0078,3,,corrected-span master,40,yes
meta-llama/Meta-Llama-3.1-8B,asqa,1ds-Diff-long,xsum:1800,attention,this project,0.1867,0.0098,3,,corrected-span master,40,yes
meta-llama/Meta-Llama-3.1-8B,asqa,1ds-Diff-long,xsum:1800,wmsp_norm,this project,0.2127,0.0846,3,,corrected-span master,40,yes
meta-llama/Meta-Llama-3.1-8B,asqa,1ds-Diff-long,xsum:1800,wmsp_seg_flat,this project,0.2536,0.0249,3,,corrected-span master,40,yes
meta-llama/Meta-Llama-3.1-8B,asqa,1ds-Diff-long,xsum:1800,wmsp_seg_softmax,this project,0.2324,0.0154,3,,corrected-span master,40,yes
meta-llama/Meta-Llama-3.1-8B,asqa,1ds-Diff-long,xsum:1800,wmsp_shrink2,this project,0.4497,0.0153,3,,corrected-span master,40,yes
meta-llama/Meta-Llama-3.1-8B,asqa,1ds-Diff-long,xsum:1800,wmsp_shrink10,this project,0.4145,0.007,3,,corrected-span master,40,yes
meta-llama/Meta-Llama-3.1-8B,asqa,1ds-Diff-long,xsum:1800,wmsp_blondel,this project,0.3023,0.0183,3,,corrected-span master,40,yes
meta-llama/Meta-Llama-3.1-8B,asqa,1ds-Diff-long,xsum:1800,wmsp_shrink2_blondel,this project,0.347,0.0042,3,,corrected-span master,40,yes
meta-llama/Meta-Llama-3.1-8B,asqa,1ds-Diff-long,xsum:1800,wmsp_shrink10_blondel,this project,0.3194,0.0011,3,,corrected-span master,40,yes
meta-llama/Meta-Llama-3.1-8B,asqa,1ds-Diff-long,xsum:1800,ptrue,reference baseline,0.079,0.0306,3,,corrected-span master,40,yes
meta-llama/Meta-Llama-3.1-8B,asqa,1ds-Diff-long,xsum:1800,lookback,reference baseline,0.0039,0.0133,3,,corrected-span master,40,yes
meta-llama/Meta-Llama-3.1-8B,asqa,1ds-Diff-long,xsum:1800,VERDICT:bestw_vs_fairfloor,verdict,0.2101,,3,,corrected-span master,40,yes
meta-llama/Meta-Llama-3.1-8B,asqa,1ds-Diff-long,xsum:1800,VERDICT:bestw_vs_bestpooler,verdict,0.1788,,3,,corrected-span master,40,yes
meta-llama/Meta-Llama-3.1-8B,asqa,1ds-Diff-long,xsum:1800,VERDICT:attention_vs_fairfloor,verdict,-0.0626,,3,,corrected-span master,40,yes
meta-llama/Meta-Llama-3.1-8B,asqa,1ds-Diff-long,xsum:1800,wmsp_shrink1_5,this project,0.4451460227325636,0.0280358649146394,3,,corrected-span master,40,yes
meta-llama/Meta-Llama-3.1-8B,factscore,ID,factscore:319,floor_sum,reference baseline,0.2821,0.0,3,,corrected-span master,40,yes
meta-llama/Meta-Llama-3.1-8B,factscore,ID,factscore:319,floor_ppl,reference baseline,0.326,0.0,3,,corrected-span master,40,yes
meta-llama/Meta-Llama-3.1-8B,factscore,ID,factscore:319,floor_min,reference baseline,0.4283,0.0,3,,corrected-span master,40,yes
meta-llama/Meta-Llama-3.1-8B,factscore,ID,factscore:319,fair_floor,reference baseline,0.4283,0.0,0,,corrected-span master,40,yes
meta-llama/Meta-Llama-3.1-8B,factscore,ID,factscore:319,saplma,reference baseline,0.6939,0.0078,3,,corrected-span master,40,yes
meta-llama/Meta-Llama-3.1-8B,factscore,ID,factscore:319,uniform,this project,0.6824,0.0006,3,,corrected-span master,40,yes
meta-llama/Meta-Llama-3.1-8B,factscore,ID,factscore:319,attention,this project,0.6353,0.002,3,,corrected-span master,40,yes
meta-llama/Meta-Llama-3.1-8B,factscore,ID,factscore:319,wmsp_norm,this project,0.5609,0.0775,3,,corrected-span master,40,yes
meta-llama/Meta-Llama-3.1-8B,factscore,ID,factscore:319,wmsp_seg_flat,this project,0.4543,0.0312,3,,corrected-span master,40,yes
meta-llama/Meta-Llama-3.1-8B,factscore,ID,factscore:319,wmsp_seg_softmax,this project,0.4674,0.0389,3,,corrected-span master,40,yes
meta-llama/Meta-Llama-3.1-8B,factscore,ID,factscore:319,wmsp_shrink2,this project,0.5889,0.0139,3,,corrected-span master,40,yes
meta-llama/Meta-Llama-3.1-8B,factscore,ID,factscore:319,wmsp_shrink10,this project,0.5156,0.0173,3,,corrected-span master,40,yes
meta-llama/Meta-Llama-3.1-8B,factscore,ID,factscore:319,wmsp_blondel,this project,0.6436,0.0405,3,,corrected-span master,40,yes
meta-llama/Meta-Llama-3.1-8B,factscore,ID,factscore:319,wmsp_shrink2_blondel,this project,0.4254,0.0005,3,,corrected-span master,40,yes
meta-llama/Meta-Llama-3.1-8B,factscore,ID,factscore:319,wmsp_shrink10_blondel,this project,0.3699,0.0034,3,,corrected-span master,40,yes
meta-llama/Meta-Llama-3.1-8B,factscore,ID,factscore:319,ptrue,reference baseline,0.5049,0.0437,3,,corrected-span master,40,yes
meta-llama/Meta-Llama-3.1-8B,factscore,ID,factscore:319,lookback,reference baseline,0.5944,0.0019,3,,corrected-span master,40,yes
meta-llama/Meta-Llama-3.1-8B,factscore,ID,factscore:319,VERDICT:bestw_vs_fairfloor,verdict,0.226,,3,,corrected-span master,40,yes
meta-llama/Meta-Llama-3.1-8B,factscore,ID,factscore:319,VERDICT:bestw_vs_bestpooler,verdict,-0.0288,,3,,corrected-span master,40,yes
meta-llama/Meta-Llama-3.1-8B,factscore,ID,factscore:319,VERDICT:attention_vs_fairfloor,verdict,0.2042,,3,,corrected-span master,40,yes
meta-llama/Meta-Llama-3.1-8B,factscore,ID,factscore:319,wmsp_shrink1_5,this project,0.6095215398303531,0.011340296428718,3,,corrected-span master,40,yes
meta-llama/Meta-Llama-3.1-8B,factscore,SameTask-long,expertqa:1724,floor_sum,reference baseline,0.2821,0.0,3,,corrected-span master,40,yes
meta-llama/Meta-Llama-3.1-8B,factscore,SameTask-long,expertqa:1724,floor_ppl,reference baseline,0.326,0.0,3,,corrected-span master,40,yes
meta-llama/Meta-Llama-3.1-8B,factscore,SameTask-long,expertqa:1724,floor_min,reference baseline,0.4283,0.0,3,,corrected-span master,40,yes
meta-llama/Meta-Llama-3.1-8B,factscore,SameTask-long,expertqa:1724,fair_floor,reference baseline,0.4283,0.0,0,,corrected-span master,40,yes
meta-llama/Meta-Llama-3.1-8B,factscore,SameTask-long,expertqa:1724,saplma,reference baseline,0.4709,0.0328,3,,corrected-span master,40,yes
meta-llama/Meta-Llama-3.1-8B,factscore,SameTask-long,expertqa:1724,uniform,this project,0.2892,0.0093,3,,corrected-span master,40,yes
meta-llama/Meta-Llama-3.1-8B,factscore,SameTask-long,expertqa:1724,attention,this project,0.3039,0.0306,3,,corrected-span master,40,yes
meta-llama/Meta-Llama-3.1-8B,factscore,SameTask-long,expertqa:1724,wmsp_norm,this project,0.1518,0.0832,3,,corrected-span master,40,yes
meta-llama/Meta-Llama-3.1-8B,factscore,SameTask-long,expertqa:1724,wmsp_seg_flat,this project,0.2601,0.016,3,,corrected-span master,40,yes
meta-llama/Meta-Llama-3.1-8B,factscore,SameTask-long,expertqa:1724,wmsp_seg_softmax,this project,0.2103,0.0064,3,,corrected-span master,40,yes
meta-llama/Meta-Llama-3.1-8B,factscore,SameTask-long,expertqa:1724,wmsp_shrink2,this project,0.3998,0.0621,3,,corrected-span master,40,yes
meta-llama/Meta-Llama-3.1-8B,factscore,SameTask-long,expertqa:1724,wmsp_shrink10,this project,0.3941,0.0095,3,,corrected-span master,40,yes
meta-llama/Meta-Llama-3.1-8B,factscore,SameTask-long,expertqa:1724,wmsp_blondel,this project,0.2658,0.0247,3,,corrected-span master,40,yes
meta-llama/Meta-Llama-3.1-8B,factscore,SameTask-long,expertqa:1724,wmsp_shrink2_blondel,this project,0.3767,0.0129,3,,corrected-span master,40,yes
meta-llama/Meta-Llama-3.1-8B,factscore,SameTask-long,expertqa:1724,wmsp_shrink10_blondel,this project,0.348,0.0013,3,,corrected-span master,40,yes
meta-llama/Meta-Llama-3.1-8B,factscore,SameTask-long,expertqa:1724,ptrue,reference baseline,0.2758,0.0047,3,,corrected-span master,40,yes
meta-llama/Meta-Llama-3.1-8B,factscore,SameTask-long,expertqa:1724,lookback,reference baseline,0.131,0.0168,3,,corrected-span master,40,yes
meta-llama/Meta-Llama-3.1-8B,factscore,SameTask-long,expertqa:1724,VERDICT:bestw_vs_fairfloor,verdict,-0.0094,,3,,corrected-span master,40,yes
meta-llama/Meta-Llama-3.1-8B,factscore,SameTask-long,expertqa:1724,VERDICT:bestw_vs_bestpooler,verdict,0.1109,,3,,corrected-span master,40,yes
meta-llama/Meta-Llama-3.1-8B,factscore,SameTask-long,expertqa:1724,VERDICT:attention_vs_fairfloor,verdict,-0.1203,,3,,corrected-span master,40,yes
meta-llama/Meta-Llama-3.1-8B,factscore,SameTask-long,expertqa:1724,wmsp_shrink1_5,this project,0.3811301800763578,0.0559012686392588,3,,corrected-span master,40,yes
meta-llama/Meta-Llama-3.1-8B,factscore,1ds-Diff-long,pubmed_qa:1800,floor_sum,reference baseline,0.2821,0.0,3,,corrected-span master,40,yes
meta-llama/Meta-Llama-3.1-8B,factscore,1ds-Diff-long,pubmed_qa:1800,floor_ppl,reference baseline,0.326,0.0,3,,corrected-span master,40,yes
meta-llama/Meta-Llama-3.1-8B,factscore,1ds-Diff-long,pubmed_qa:1800,floor_min,reference baseline,0.4283,0.0,3,,corrected-span master,40,yes
meta-llama/Meta-Llama-3.1-8B,factscore,1ds-Diff-long,pubmed_qa:1800,fair_floor,reference baseline,0.4283,0.0,0,,corrected-span master,40,yes
meta-llama/Meta-Llama-3.1-8B,factscore,1ds-Diff-long,pubmed_qa:1800,saplma,reference baseline,0.3048,0.0143,3,,corrected-span master,40,yes
meta-llama/Meta-Llama-3.1-8B,factscore,1ds-Diff-long,pubmed_qa:1800,uniform,this project,0.2643,0.0052,3,,corrected-span master,40,yes
meta-llama/Meta-Llama-3.1-8B,factscore,1ds-Diff-long,pubmed_qa:1800,attention,this project,0.2557,0.0156,3,,corrected-span master,40,yes
meta-llama/Meta-Llama-3.1-8B,factscore,1ds-Diff-long,pubmed_qa:1800,wmsp_norm,this project,0.1815,0.0265,3,,corrected-span master,40,yes
meta-llama/Meta-Llama-3.1-8B,factscore,1ds-Diff-long,pubmed_qa:1800,wmsp_seg_flat,this project,0.3234,0.0235,3,,corrected-span master,40,yes
meta-llama/Meta-Llama-3.1-8B,factscore,1ds-Diff-long,pubmed_qa:1800,wmsp_seg_softmax,this project,0.4272,0.0125,3,,corrected-span master,40,yes
meta-llama/Meta-Llama-3.1-8B,factscore,1ds-Diff-long,pubmed_qa:1800,wmsp_shrink2,this project,0.3515,0.0105,3,,corrected-span master,40,yes
meta-llama/Meta-Llama-3.1-8B,factscore,1ds-Diff-long,pubmed_qa:1800,wmsp_shrink10,this project,0.3197,0.0112,3,,corrected-span master,40,yes
meta-llama/Meta-Llama-3.1-8B,factscore,1ds-Diff-long,pubmed_qa:1800,wmsp_blondel,this project,0.2036,0.0667,3,,corrected-span master,40,yes
meta-llama/Meta-Llama-3.1-8B,factscore,1ds-Diff-long,pubmed_qa:1800,wmsp_shrink2_blondel,this project,0.3352,0.0077,3,,corrected-span master,40,yes
meta-llama/Meta-Llama-3.1-8B,factscore,1ds-Diff-long,pubmed_qa:1800,wmsp_shrink10_blondel,this project,0.3375,0.0017,3,,corrected-span master,40,yes
meta-llama/Meta-Llama-3.1-8B,factscore,1ds-Diff-long,pubmed_qa:1800,ptrue,reference baseline,0.1881,0.0938,3,,corrected-span master,40,yes
meta-llama/Meta-Llama-3.1-8B,factscore,1ds-Diff-long,pubmed_qa:1800,lookback,reference baseline,0.0027,0.0048,3,,corrected-span master,40,yes
meta-llama/Meta-Llama-3.1-8B,factscore,1ds-Diff-long,pubmed_qa:1800,VERDICT:bestw_vs_fairfloor,verdict,0.0145,,3,,corrected-span master,40,yes
meta-llama/Meta-Llama-3.1-8B,factscore,1ds-Diff-long,pubmed_qa:1800,VERDICT:bestw_vs_bestpooler,verdict,0.1859,,3,,corrected-span master,40,yes
meta-llama/Meta-Llama-3.1-8B,factscore,1ds-Diff-long,pubmed_qa:1800,VERDICT:attention_vs_fairfloor,verdict,-0.1709,,3,,corrected-span master,40,yes
meta-llama/Meta-Llama-3.1-8B,factscore,1ds-Diff-long,pubmed_qa:1800,wmsp_shrink1_5,this project,0.354350881000364,0.0053004861372272,3,,corrected-span master,40,yes
meta-llama/Meta-Llama-3.1-8B,cnn_dailymail,1ds-Diff-long,pubmed_qa,hbo,published baseline,-0.084844,0.0,3,0,published baselines,40,yes
meta-llama/Meta-Llama-3.1-8B,cnn_dailymail,1ds-Diff-long,pubmed_qa,huq_satmd_mid,published baseline,-0.006087,0.0,3,0,published baselines,40,yes
meta-llama/Meta-Llama-3.1-8B,cnn_dailymail,1ds-Diff-long,pubmed_qa,md_mean_mid,published baseline,0.185614,0.0,3,0,published baselines,40,yes
meta-llama/Meta-Llama-3.1-8B,cnn_dailymail,1ds-Diff-long,pubmed_qa,satmd_mid,published baseline,0.185614,0.0,3,0,published baselines,40,yes
meta-llama/Meta-Llama-3.1-8B,expertqa,1ds-Diff-long,pubmed_qa,hbo,published baseline,0.143797,0.0,3,0,published baselines,40,yes
meta-llama/Meta-Llama-3.1-8B,expertqa,1ds-Diff-long,pubmed_qa,huq_satmd_mid,published baseline,0.089217,0.0,3,0,published baselines,40,yes
meta-llama/Meta-Llama-3.1-8B,expertqa,1ds-Diff-long,pubmed_qa,md_mean_mid,published baseline,-0.055985,0.0,3,0,published baselines,40,yes
meta-llama/Meta-Llama-3.1-8B,expertqa,1ds-Diff-long,pubmed_qa,satmd_mid,published baseline,-0.055985,0.0,3,0,published baselines,40,yes
meta-llama/Meta-Llama-3.1-8B,factscore,1ds-Diff-long,pubmed_qa,hbo,published baseline,0.282102,0.0,3,0,published baselines,40,yes
meta-llama/Meta-Llama-3.1-8B,factscore,1ds-Diff-long,pubmed_qa,huq_satmd_mid,published baseline,0.294215,0.0,3,0,published baselines,40,yes
meta-llama/Meta-Llama-3.1-8B,factscore,1ds-Diff-long,pubmed_qa,md_mean_mid,published baseline,0.063873,0.0,3,0,published baselines,40,yes
meta-llama/Meta-Llama-3.1-8B,factscore,1ds-Diff-long,pubmed_qa,satmd_mid,published baseline,0.063873,0.0,3,0,published baselines,40,yes
meta-llama/Meta-Llama-3.1-8B,samsum,1ds-Diff-long,pubmed_qa,hbo,published baseline,-0.133384,0.0,3,0,published baselines,40,yes
meta-llama/Meta-Llama-3.1-8B,samsum,1ds-Diff-long,pubmed_qa,huq_satmd_mid,published baseline,-0.185866,0.0,3,0,published baselines,40,yes
meta-llama/Meta-Llama-3.1-8B,samsum,1ds-Diff-long,pubmed_qa,md_mean_mid,published baseline,-0.246519,0.0,3,0,published baselines,40,yes
meta-llama/Meta-Llama-3.1-8B,samsum,1ds-Diff-long,pubmed_qa,satmd_mid,published baseline,-0.246519,0.0,3,0,published baselines,40,yes
meta-llama/Meta-Llama-3.1-8B,xsum,1ds-Diff-long,pubmed_qa,hbo,published baseline,-0.204913,0.0,3,0,published baselines,40,yes
meta-llama/Meta-Llama-3.1-8B,xsum,1ds-Diff-long,pubmed_qa,huq_satmd_mid,published baseline,-0.18709,0.0,3,0,published baselines,40,yes
meta-llama/Meta-Llama-3.1-8B,xsum,1ds-Diff-long,pubmed_qa,md_mean_mid,published baseline,-0.146972,0.0,3,0,published baselines,40,yes
meta-llama/Meta-Llama-3.1-8B,xsum,1ds-Diff-long,pubmed_qa,satmd_mid,published baseline,-0.146972,0.0,3,0,published baselines,40,yes
meta-llama/Meta-Llama-3.1-8B,asqa,1ds-Diff-long,xsum,hbo,published baseline,0.148285,0.0,3,0,published baselines,40,yes
meta-llama/Meta-Llama-3.1-8B,asqa,1ds-Diff-long,xsum,huq_satmd_mid,published baseline,0.037969,0.0,3,0,published baselines,40,yes
meta-llama/Meta-Llama-3.1-8B,asqa,1ds-Diff-long,xsum,md_mean_mid,published baseline,0.139168,0.0,3,0,published baselines,40,yes
meta-llama/Meta-Llama-3.1-8B,asqa,1ds-Diff-long,xsum,satmd_mid,published baseline,0.007564,0.0,3,0,published baselines,40,yes
meta-llama/Meta-Llama-3.1-8B,med_quad,1ds-Diff-long,xsum,hbo,published baseline,-0.137667,0.0,3,0,published baselines,40,yes
meta-llama/Meta-Llama-3.1-8B,med_quad,1ds-Diff-long,xsum,huq_satmd_mid,published baseline,0.013886,0.0,3,0,published baselines,40,yes
meta-llama/Meta-Llama-3.1-8B,med_quad,1ds-Diff-long,xsum,md_mean_mid,published baseline,-0.163419,0.0,3,0,published baselines,40,yes
meta-llama/Meta-Llama-3.1-8B,med_quad,1ds-Diff-long,xsum,satmd_mid,published baseline,0.045547,0.0,3,0,published baselines,40,yes
meta-llama/Meta-Llama-3.1-8B,pubmed_qa,1ds-Diff-long,xsum,hbo,published baseline,0.201819,0.0,3,0,published baselines,40,yes
meta-llama/Meta-Llama-3.1-8B,pubmed_qa,1ds-Diff-long,xsum,huq_satmd_mid,published baseline,0.275809,0.0,3,0,published baselines,40,yes
meta-llama/Meta-Llama-3.1-8B,pubmed_qa,1ds-Diff-long,xsum,md_mean_mid,published baseline,-0.191357,0.0,3,0,published baselines,40,yes
meta-llama/Meta-Llama-3.1-8B,pubmed_qa,1ds-Diff-long,xsum,satmd_mid,published baseline,0.059206,0.0,3,0,published baselines,40,yes
meta-llama/Meta-Llama-3.1-8B,expertqa,DiffTask-long,pubmed_qa+xsum+cnn_dailymail+med_quad+samsum+asqa,hbo,published baseline,0.161812,0.002348,3,0,published baselines,40,yes
meta-llama/Meta-Llama-3.1-8B,expertqa,DiffTask-long,pubmed_qa+xsum+cnn_dailymail+med_quad+samsum+asqa,huq_satmd_mid,published baseline,0.097916,0.065879,3,0,published baselines,40,yes
meta-llama/Meta-Llama-3.1-8B,expertqa,DiffTask-long,pubmed_qa+xsum+cnn_dailymail+med_quad+samsum+asqa,md_mean_mid,published baseline,-0.11936,0.006466,3,0,published baselines,40,yes
meta-llama/Meta-Llama-3.1-8B,expertqa,DiffTask-long,pubmed_qa+xsum+cnn_dailymail+med_quad+samsum+asqa,satmd_mid,published baseline,-0.11936,0.006466,3,0,published baselines,40,yes
meta-llama/Meta-Llama-3.1-8B,factscore,DiffTask-long,pubmed_qa+xsum+cnn_dailymail+med_quad+samsum+asqa,hbo,published baseline,0.266882,0.004554,3,0,published baselines,40,yes
meta-llama/Meta-Llama-3.1-8B,factscore,DiffTask-long,pubmed_qa+xsum+cnn_dailymail+med_quad+samsum+asqa,huq_satmd_mid,published baseline,0.304252,0.024787,3,0,published baselines,40,yes
meta-llama/Meta-Llama-3.1-8B,factscore,DiffTask-long,pubmed_qa+xsum+cnn_dailymail+med_quad+samsum+asqa,md_mean_mid,published baseline,0.365663,0.023476,3,0,published baselines,40,yes
meta-llama/Meta-Llama-3.1-8B,factscore,DiffTask-long,pubmed_qa+xsum+cnn_dailymail+med_quad+samsum+asqa,satmd_mid,published baseline,0.365663,0.023476,3,0,published baselines,40,yes
meta-llama/Meta-Llama-3.1-8B,cnn_dailymail,DiffTask-long,pubmed_qa+med_quad+expertqa+asqa+factscore,hbo,published baseline,-0.084844,0.0,3,0,published baselines,40,yes
meta-llama/Meta-Llama-3.1-8B,cnn_dailymail,DiffTask-long,pubmed_qa+med_quad+expertqa+asqa+factscore,huq_satmd_mid,published baseline,-0.080164,0.006618,3,0,published baselines,40,yes
meta-llama/Meta-Llama-3.1-8B,cnn_dailymail,DiffTask-long,pubmed_qa+med_quad+expertqa+asqa+factscore,md_mean_mid,published baseline,-0.027081,0.020177,3,0,published baselines,40,yes
meta-llama/Meta-Llama-3.1-8B,cnn_dailymail,DiffTask-long,pubmed_qa+med_quad+expertqa+asqa+factscore,satmd_mid,published baseline,-0.027081,0.020177,3,0,published baselines,40,yes
meta-llama/Meta-Llama-3.1-8B,samsum,DiffTask-long,pubmed_qa+med_quad+expertqa+asqa+factscore,hbo,published baseline,-0.133384,0.0,3,0,published baselines,40,yes
meta-llama/Meta-Llama-3.1-8B,samsum,DiffTask-long,pubmed_qa+med_quad+expertqa+asqa+factscore,huq_satmd_mid,published baseline,-0.137587,0.005944,3,0,published baselines,40,yes
meta-llama/Meta-Llama-3.1-8B,samsum,DiffTask-long,pubmed_qa+med_quad+expertqa+asqa+factscore,md_mean_mid,published baseline,-0.146763,0.006285,3,0,published baselines,40,yes
meta-llama/Meta-Llama-3.1-8B,samsum,DiffTask-long,pubmed_qa+med_quad+expertqa+asqa+factscore,satmd_mid,published baseline,-0.146763,0.006285,3,0,published baselines,40,yes
meta-llama/Meta-Llama-3.1-8B,xsum,DiffTask-long,pubmed_qa+med_quad+expertqa+asqa+factscore,hbo,published baseline,-0.204903,1.9e-05,3,0,published baselines,40,yes
meta-llama/Meta-Llama-3.1-8B,xsum,DiffTask-long,pubmed_qa+med_quad+expertqa+asqa+factscore,huq_satmd_mid,published baseline,-0.212554,0.010807,3,0,published baselines,40,yes
meta-llama/Meta-Llama-3.1-8B,xsum,DiffTask-long,pubmed_qa+med_quad+expertqa+asqa+factscore,md_mean_mid,published baseline,-0.177764,0.002072,3,0,published baselines,40,yes
meta-llama/Meta-Llama-3.1-8B,xsum,DiffTask-long,pubmed_qa+med_quad+expertqa+asqa+factscore,satmd_mid,published baseline,-0.177764,0.002072,3,0,published baselines,40,yes
meta-llama/Meta-Llama-3.1-8B,asqa,DiffTask-long,xsum+cnn_dailymail+samsum+expertqa+factscore,hbo,published baseline,0.149068,0.00396,3,0,published baselines,40,yes
meta-llama/Meta-Llama-3.1-8B,asqa,DiffTask-long,xsum+cnn_dailymail+samsum+expertqa+factscore,huq_satmd_mid,published baseline,-0.073489,0.014185,3,0,published baselines,40,yes
meta-llama/Meta-Llama-3.1-8B,asqa,DiffTask-long,xsum+cnn_dailymail+samsum+expertqa+factscore,md_mean_mid,published baseline,0.049614,0.008963,3,0,published baselines,40,yes
meta-llama/Meta-Llama-3.1-8B,asqa,DiffTask-long,xsum+cnn_dailymail+samsum+expertqa+factscore,satmd_mid,published baseline,-0.078757,0.01069,3,0,published baselines,40,yes
meta-llama/Meta-Llama-3.1-8B,med_quad,DiffTask-long,xsum+cnn_dailymail+samsum+expertqa+factscore,hbo,published baseline,-0.137655,1.7e-05,3,0,published baselines,40,yes
meta-llama/Meta-Llama-3.1-8B,med_quad,DiffTask-long,xsum+cnn_dailymail+samsum+expertqa+factscore,huq_satmd_mid,published baseline,-0.219932,0.006539,3,0,published baselines,40,yes
meta-llama/Meta-Llama-3.1-8B,med_quad,DiffTask-long,xsum+cnn_dailymail+samsum+expertqa+factscore,md_mean_mid,published baseline,0.171374,0.019931,3,0,published baselines,40,yes
meta-llama/Meta-Llama-3.1-8B,med_quad,DiffTask-long,xsum+cnn_dailymail+samsum+expertqa+factscore,satmd_mid,published baseline,-0.166397,0.014215,3,0,published baselines,40,yes
meta-llama/Meta-Llama-3.1-8B,pubmed_qa,DiffTask-long,xsum+cnn_dailymail+samsum+expertqa+factscore,hbo,published baseline,0.215687,0.001499,3,0,published baselines,40,yes
meta-llama/Meta-Llama-3.1-8B,pubmed_qa,DiffTask-long,xsum+cnn_dailymail+samsum+expertqa+factscore,huq_satmd_mid,published baseline,-0.151471,0.090015,3,0,published baselines,40,yes
meta-llama/Meta-Llama-3.1-8B,pubmed_qa,DiffTask-long,xsum+cnn_dailymail+samsum+expertqa+factscore,md_mean_mid,published baseline,0.024198,0.014893,3,0,published baselines,40,yes
meta-llama/Meta-Llama-3.1-8B,pubmed_qa,DiffTask-long,xsum+cnn_dailymail+samsum+expertqa+factscore,satmd_mid,published baseline,-0.259164,0.017841,3,0,published baselines,40,yes
meta-llama/Meta-Llama-3.1-8B,asqa,ID,asqa,hbo,published baseline,0.401969,0.011463,3,0,published baselines,40,yes
meta-llama/Meta-Llama-3.1-8B,asqa,ID,asqa,huq_satmd_mid,published baseline,0.17734,0.0,3,0,published baselines,40,yes
meta-llama/Meta-Llama-3.1-8B,asqa,ID,asqa,md_mean_mid,published baseline,0.216356,0.0,3,0,published baselines,40,yes
meta-llama/Meta-Llama-3.1-8B,asqa,ID,asqa,satmd_mid,published baseline,0.216356,0.0,3,0,published baselines,40,yes
meta-llama/Meta-Llama-3.1-8B,cnn_dailymail,ID,cnn_dailymail,hbo,published baseline,-0.019303,0.001061,3,0,published baselines,40,yes
meta-llama/Meta-Llama-3.1-8B,cnn_dailymail,ID,cnn_dailymail,huq_satmd_mid,published baseline,-0.025194,0.0,3,0,published baselines,40,yes
meta-llama/Meta-Llama-3.1-8B,cnn_dailymail,ID,cnn_dailymail,md_mean_mid,published baseline,-0.102147,0.0,3,0,published baselines,40,yes
meta-llama/Meta-Llama-3.1-8B,cnn_dailymail,ID,cnn_dailymail,satmd_mid,published baseline,0.010093,0.0,3,0,published baselines,40,yes
meta-llama/Meta-Llama-3.1-8B,expertqa,ID,expertqa,hbo,published baseline,0.192575,0.005355,3,0,published baselines,40,yes
meta-llama/Meta-Llama-3.1-8B,expertqa,ID,expertqa,huq_satmd_mid,published baseline,0.33406,0.0,3,0,published baselines,40,yes
meta-llama/Meta-Llama-3.1-8B,expertqa,ID,expertqa,md_mean_mid,published baseline,0.060413,0.0,3,0,published baselines,40,yes
meta-llama/Meta-Llama-3.1-8B,expertqa,ID,expertqa,satmd_mid,published baseline,0.060413,0.0,3,0,published baselines,40,yes
meta-llama/Meta-Llama-3.1-8B,factscore,ID,factscore,hbo,published baseline,0.558942,0.004193,3,0,published baselines,40,yes
meta-llama/Meta-Llama-3.1-8B,factscore,ID,factscore,huq_satmd_mid,published baseline,0.325919,0.0,3,0,published baselines,40,yes
meta-llama/Meta-Llama-3.1-8B,factscore,ID,factscore,md_mean_mid,published baseline,0.309949,0.0,3,0,published baselines,40,yes
meta-llama/Meta-Llama-3.1-8B,factscore,ID,factscore,satmd_mid,published baseline,0.309949,0.0,3,0,published baselines,40,yes
meta-llama/Meta-Llama-3.1-8B,med_quad,ID,med_quad,hbo,published baseline,0.083655,0.009509,3,0,published baselines,40,yes
meta-llama/Meta-Llama-3.1-8B,med_quad,ID,med_quad,huq_satmd_mid,published baseline,-0.083618,0.0,3,0,published baselines,40,yes
meta-llama/Meta-Llama-3.1-8B,med_quad,ID,med_quad,md_mean_mid,published baseline,-0.104589,0.0,3,0,published baselines,40,yes
meta-llama/Meta-Llama-3.1-8B,med_quad,ID,med_quad,satmd_mid,published baseline,-0.104589,0.0,3,0,published baselines,40,yes
meta-llama/Meta-Llama-3.1-8B,pubmed_qa,ID,pubmed_qa,hbo,published baseline,0.229569,0.007665,3,0,published baselines,40,yes
meta-llama/Meta-Llama-3.1-8B,pubmed_qa,ID,pubmed_qa,huq_satmd_mid,published baseline,0.425765,0.0,3,0,published baselines,40,yes
meta-llama/Meta-Llama-3.1-8B,pubmed_qa,ID,pubmed_qa,md_mean_mid,published baseline,0.331093,0.0,3,0,published baselines,40,yes
meta-llama/Meta-Llama-3.1-8B,pubmed_qa,ID,pubmed_qa,satmd_mid,published baseline,0.331093,0.0,3,0,published baselines,40,yes
meta-llama/Meta-Llama-3.1-8B,samsum,ID,samsum,hbo,published baseline,0.006505,0.002568,3,0,published baselines,40,yes
meta-llama/Meta-Llama-3.1-8B,samsum,ID,samsum,huq_satmd_mid,published baseline,-0.076859,0.0,3,0,published baselines,40,yes
meta-llama/Meta-Llama-3.1-8B,samsum,ID,samsum,md_mean_mid,published baseline,0.075075,0.0,3,0,published baselines,40,yes
meta-llama/Meta-Llama-3.1-8B,samsum,ID,samsum,satmd_mid,published baseline,-0.058581,0.0,3,0,published baselines,40,yes
meta-llama/Meta-Llama-3.1-8B,xsum,ID,xsum,hbo,published baseline,-0.022077,0.001592,3,0,published baselines,40,yes
meta-llama/Meta-Llama-3.1-8B,xsum,ID,xsum,huq_satmd_mid,published baseline,0.039553,0.0,3,0,published baselines,40,yes
meta-llama/Meta-Llama-3.1-8B,xsum,ID,xsum,md_mean_mid,published baseline,-0.080118,0.0,3,0,published baselines,40,yes
meta-llama/Meta-Llama-3.1-8B,xsum,ID,xsum,satmd_mid,published baseline,0.054762,0.0,3,0,published baselines,40,yes
meta-llama/Meta-Llama-3.1-8B,xsum,LOO-long,pubmed_qa+cnn_dailymail+med_quad+samsum+expertqa+asqa+factscore,hbo,published baseline,-0.159299,0.001467,3,0,published baselines,40,yes
meta-llama/Meta-Llama-3.1-8B,xsum,LOO-long,pubmed_qa+cnn_dailymail+med_quad+samsum+expertqa+asqa+factscore,huq_satmd_mid,published baseline,-0.229351,0.002598,3,0,published baselines,40,yes
meta-llama/Meta-Llama-3.1-8B,xsum,LOO-long,pubmed_qa+cnn_dailymail+med_quad+samsum+expertqa+asqa+factscore,md_mean_mid,published baseline,-0.215111,0.005839,3,0,published baselines,40,yes
meta-llama/Meta-Llama-3.1-8B,xsum,LOO-long,pubmed_qa+cnn_dailymail+med_quad+samsum+expertqa+asqa+factscore,satmd_mid,published baseline,-0.215111,0.005839,3,0,published baselines,40,yes
meta-llama/Meta-Llama-3.1-8B,samsum,LOO-long,pubmed_qa+xsum+cnn_dailymail+med_quad+expertqa+asqa+factscore,hbo,published baseline,-0.118939,0.001785,3,0,published baselines,40,yes
meta-llama/Meta-Llama-3.1-8B,samsum,LOO-long,pubmed_qa+xsum+cnn_dailymail+med_quad+expertqa+asqa+factscore,huq_satmd_mid,published baseline,-0.160398,0.019171,3,0,published baselines,40,yes
meta-llama/Meta-Llama-3.1-8B,samsum,LOO-long,pubmed_qa+xsum+cnn_dailymail+med_quad+expertqa+asqa+factscore,md_mean_mid,published baseline,-0.114329,0.013771,3,0,published baselines,40,yes
meta-llama/Meta-Llama-3.1-8B,samsum,LOO-long,pubmed_qa+xsum+cnn_dailymail+med_quad+expertqa+asqa+factscore,satmd_mid,published baseline,-0.114329,0.013771,3,0,published baselines,40,yes
meta-llama/Meta-Llama-3.1-8B,pubmed_qa,LOO-long,xsum+cnn_dailymail+med_quad+samsum+expertqa+asqa+factscore,hbo,published baseline,0.215111,0.00337,3,0,published baselines,40,yes
meta-llama/Meta-Llama-3.1-8B,pubmed_qa,LOO-long,xsum+cnn_dailymail+med_quad+samsum+expertqa+asqa+factscore,huq_satmd_mid,published baseline,0.039696,0.006348,3,0,published baselines,40,yes
meta-llama/Meta-Llama-3.1-8B,pubmed_qa,LOO-long,xsum+cnn_dailymail+med_quad+samsum+expertqa+asqa+factscore,md_mean_mid,published baseline,0.039696,0.006348,3,0,published baselines,40,yes
meta-llama/Meta-Llama-3.1-8B,pubmed_qa,LOO-long,xsum+cnn_dailymail+med_quad+samsum+expertqa+asqa+factscore,satmd_mid,published baseline,0.039696,0.006348,3,0,published baselines,40,yes
meta-llama/Meta-Llama-3.1-8B,med_quad,LOO-long,pubmed_qa+xsum+cnn_dailymail+samsum+expertqa+asqa+factscore,hbo,published baseline,-0.137658,1.2e-05,3,0,published baselines,40,yes
meta-llama/Meta-Llama-3.1-8B,med_quad,LOO-long,pubmed_qa+xsum+cnn_dailymail+samsum+expertqa+asqa+factscore,huq_satmd_mid,published baseline,-0.045954,0.123049,3,0,published baselines,40,yes
meta-llama/Meta-Llama-3.1-8B,med_quad,LOO-long,pubmed_qa+xsum+cnn_dailymail+samsum+expertqa+asqa+factscore,md_mean_mid,published baseline,0.117509,0.027153,3,0,published baselines,40,yes
meta-llama/Meta-Llama-3.1-8B,med_quad,LOO-long,pubmed_qa+xsum+cnn_dailymail+samsum+expertqa+asqa+factscore,satmd_mid,published baseline,0.117509,0.027153,3,0,published baselines,40,yes
meta-llama/Meta-Llama-3.1-8B,factscore,LOO-long,pubmed_qa+xsum+cnn_dailymail+med_quad+samsum+expertqa+asqa,hbo,published baseline,0.275739,0.008237,3,0,published baselines,40,yes
meta-llama/Meta-Llama-3.1-8B,factscore,LOO-long,pubmed_qa+xsum+cnn_dailymail+med_quad+samsum+expertqa+asqa,huq_satmd_mid,published baseline,0.305002,0.023781,3,0,published baselines,40,yes
meta-llama/Meta-Llama-3.1-8B,factscore,LOO-long,pubmed_qa+xsum+cnn_dailymail+med_quad+samsum+expertqa+asqa,md_mean_mid,published baseline,0.297378,0.026977,3,0,published baselines,40,yes
meta-llama/Meta-Llama-3.1-8B,factscore,LOO-long,pubmed_qa+xsum+cnn_dailymail+med_quad+samsum+expertqa+asqa,satmd_mid,published baseline,0.297378,0.026977,3,0,published baselines,40,yes
meta-llama/Meta-Llama-3.1-8B,expertqa,LOO-long,pubmed_qa+xsum+cnn_dailymail+med_quad+samsum+asqa+factscore,hbo,published baseline,0.156284,0.006514,3,0,published baselines,40,yes
meta-llama/Meta-Llama-3.1-8B,expertqa,LOO-long,pubmed_qa+xsum+cnn_dailymail+med_quad+samsum+asqa+factscore,huq_satmd_mid,published baseline,0.103863,0.05885,3,0,published baselines,40,yes
meta-llama/Meta-Llama-3.1-8B,expertqa,LOO-long,pubmed_qa+xsum+cnn_dailymail+med_quad+samsum+asqa+factscore,md_mean_mid,published baseline,-0.137241,0.019234,3,0,published baselines,40,yes
meta-llama/Meta-Llama-3.1-8B,expertqa,LOO-long,pubmed_qa+xsum+cnn_dailymail+med_quad+samsum+asqa+factscore,satmd_mid,published baseline,-0.137241,0.019234,3,0,published baselines,40,yes
meta-llama/Meta-Llama-3.1-8B,cnn_dailymail,LOO-long,pubmed_qa+xsum+med_quad+samsum+expertqa+asqa+factscore,hbo,published baseline,-0.011805,0.020526,3,0,published baselines,40,yes
meta-llama/Meta-Llama-3.1-8B,cnn_dailymail,LOO-long,pubmed_qa+xsum+med_quad+samsum+expertqa+asqa+factscore,huq_satmd_mid,published baseline,-0.159854,0.018815,3,0,published baselines,40,yes
meta-llama/Meta-Llama-3.1-8B,cnn_dailymail,LOO-long,pubmed_qa+xsum+med_quad+samsum+expertqa+asqa+factscore,md_mean_mid,published baseline,-0.222599,0.002419,3,0,published baselines,40,yes
meta-llama/Meta-Llama-3.1-8B,cnn_dailymail,LOO-long,pubmed_qa+xsum+med_quad+samsum+expertqa+asqa+factscore,satmd_mid,published baseline,-0.222599,0.002419,3,0,published baselines,40,yes
meta-llama/Meta-Llama-3.1-8B,asqa,LOO-long,pubmed_qa+xsum+cnn_dailymail+med_quad+samsum+expertqa+factscore,hbo,published baseline,0.160059,0.009711,3,0,published baselines,40,yes
meta-llama/Meta-Llama-3.1-8B,asqa,LOO-long,pubmed_qa+xsum+cnn_dailymail+med_quad+samsum+expertqa+factscore,huq_satmd_mid,published baseline,0.165192,0.003693,3,0,published baselines,40,yes
meta-llama/Meta-Llama-3.1-8B,asqa,LOO-long,pubmed_qa+xsum+cnn_dailymail+med_quad+samsum+expertqa+factscore,md_mean_mid,published baseline,0.103664,0.008656,3,0,published baselines,40,yes
meta-llama/Meta-Llama-3.1-8B,asqa,LOO-long,pubmed_qa+xsum+cnn_dailymail+med_quad+samsum+expertqa+factscore,satmd_mid,published baseline,0.103664,0.008656,3,0,published baselines,40,yes
meta-llama/Meta-Llama-3.1-8B,pubmed_qa,SameTask-long,med_quad+asqa,hbo,published baseline,0.201819,0.0,3,0,published baselines,40,yes
meta-llama/Meta-Llama-3.1-8B,pubmed_qa,SameTask-long,med_quad+asqa,huq_satmd_mid,published baseline,0.127566,0.051639,3,0,published baselines,40,yes
meta-llama/Meta-Llama-3.1-8B,pubmed_qa,SameTask-long,med_quad+asqa,md_mean_mid,published baseline,0.084071,0.002408,3,0,published baselines,40,yes
meta-llama/Meta-Llama-3.1-8B,pubmed_qa,SameTask-long,med_quad+asqa,satmd_mid,published baseline,0.084071,0.002408,3,0,published baselines,40,yes
meta-llama/Meta-Llama-3.1-8B,med_quad,SameTask-long,pubmed_qa+asqa,hbo,published baseline,-0.137667,0.0,3,0,published baselines,40,yes
meta-llama/Meta-Llama-3.1-8B,med_quad,SameTask-long,pubmed_qa+asqa,huq_satmd_mid,published baseline,-0.143213,0.001511,3,0,published baselines,40,yes
meta-llama/Meta-Llama-3.1-8B,med_quad,SameTask-long,pubmed_qa+asqa,md_mean_mid,published baseline,-0.05442,0.000687,3,0,published baselines,40,yes
meta-llama/Meta-Llama-3.1-8B,med_quad,SameTask-long,pubmed_qa+asqa,satmd_mid,published baseline,-0.05442,0.000687,3,0,published baselines,40,yes
meta-llama/Meta-Llama-3.1-8B,xsum,SameTask-long,cnn_dailymail+samsum,hbo,published baseline,-0.197168,0.00041,3,0,published baselines,40,yes
meta-llama/Meta-Llama-3.1-8B,xsum,SameTask-long,cnn_dailymail+samsum,huq_satmd_mid,published baseline,-0.078225,0.144801,3,0,published baselines,40,yes
meta-llama/Meta-Llama-3.1-8B,xsum,SameTask-long,cnn_dailymail+samsum,md_mean_mid,published baseline,-0.177933,0.003322,3,0,published baselines,40,yes
meta-llama/Meta-Llama-3.1-8B,xsum,SameTask-long,cnn_dailymail+samsum,satmd_mid,published baseline,-0.071857,0.153128,3,0,published baselines,40,yes
meta-llama/Meta-Llama-3.1-8B,samsum,SameTask-long,xsum+cnn_dailymail,hbo,published baseline,-0.133109,8.1e-05,3,0,published baselines,40,yes
meta-llama/Meta-Llama-3.1-8B,samsum,SameTask-long,xsum+cnn_dailymail,huq_satmd_mid,published baseline,0.032857,0.073511,3,0,published baselines,40,yes
meta-llama/Meta-Llama-3.1-8B,samsum,SameTask-long,xsum+cnn_dailymail,md_mean_mid,published baseline,-0.04792,0.007925,3,0,published baselines,40,yes
meta-llama/Meta-Llama-3.1-8B,samsum,SameTask-long,xsum+cnn_dailymail,satmd_mid,published baseline,0.154589,0.006789,3,0,published baselines,40,yes
meta-llama/Meta-Llama-3.1-8B,factscore,SameTask-long,expertqa,hbo,published baseline,0.28209,8e-06,3,0,published baselines,40,yes
meta-llama/Meta-Llama-3.1-8B,factscore,SameTask-long,expertqa,huq_satmd_mid,published baseline,0.24772,0.0,3,0,published baselines,40,yes
meta-llama/Meta-Llama-3.1-8B,factscore,SameTask-long,expertqa,md_mean_mid,published baseline,-0.063397,0.0,3,0,published baselines,40,yes
meta-llama/Meta-Llama-3.1-8B,factscore,SameTask-long,expertqa,satmd_mid,published baseline,-0.063397,0.0,3,0,published baselines,40,yes
meta-llama/Meta-Llama-3.1-8B,expertqa,SameTask-long,factscore,hbo,published baseline,0.144119,3.9e-05,3,0,published baselines,40,yes
meta-llama/Meta-Llama-3.1-8B,expertqa,SameTask-long,factscore,huq_satmd_mid,published baseline,0.15235,0.0,3,0,published baselines,40,yes
meta-llama/Meta-Llama-3.1-8B,expertqa,SameTask-long,factscore,md_mean_mid,published baseline,-0.213965,0.0,3,0,published baselines,40,yes
meta-llama/Meta-Llama-3.1-8B,expertqa,SameTask-long,factscore,satmd_mid,published baseline,-0.213965,0.0,3,0,published baselines,40,yes
meta-llama/Meta-Llama-3.1-8B,asqa,SameTask-long,pubmed_qa+med_quad,hbo,published baseline,0.148285,0.0,3,0,published baselines,40,yes
meta-llama/Meta-Llama-3.1-8B,asqa,SameTask-long,pubmed_qa+med_quad,huq_satmd_mid,published baseline,0.157254,0.009911,3,0,published baselines,40,yes
meta-llama/Meta-Llama-3.1-8B,asqa,SameTask-long,pubmed_qa+med_quad,md_mean_mid,published baseline,0.227362,0.001711,3,0,published baselines,40,yes
meta-llama/Meta-Llama-3.1-8B,asqa,SameTask-long,pubmed_qa+med_quad,satmd_mid,published baseline,0.227362,0.001711,3,0,published baselines,40,yes
meta-llama/Meta-Llama-3.1-8B,cnn_dailymail,SameTask-long,xsum+samsum,hbo,published baseline,-0.049435,0.004927,3,0,published baselines,40,yes
meta-llama/Meta-Llama-3.1-8B,cnn_dailymail,SameTask-long,xsum+samsum,huq_satmd_mid,published baseline,-0.198407,0.001901,3,0,published baselines,40,yes
meta-llama/Meta-Llama-3.1-8B,cnn_dailymail,SameTask-long,xsum+samsum,md_mean_mid,published baseline,-0.201194,0.002084,3,0,published baselines,40,yes
meta-llama/Meta-Llama-3.1-8B,cnn_dailymail,SameTask-long,xsum+samsum,satmd_mid,published baseline,-0.201194,0.002084,3,0,published baselines,40,yes
meta-llama/Meta-Llama-3.1-8B,asqa,1ds-Diff-long,xsum,huq_satrmd_mid,published baseline,0.077175,0.0,3,0,published baselines,40,yes
meta-llama/Meta-Llama-3.1-8B,asqa,DiffTask-long,xsum+cnn_dailymail+samsum+expertqa+factscore,huq_satrmd_mid,published baseline,-0.06875,0.003544,3,0,published baselines,40,yes
meta-llama/Meta-Llama-3.1-8B,asqa,ID,asqa,huq_satrmd_mid,published baseline,0.172846,0.0,3,0,published baselines,40,yes
meta-llama/Meta-Llama-3.1-8B,asqa,LOO-long,pubmed_qa+xsum+cnn_dailymail+med_quad+samsum+expertqa+factscore,huq_satrmd_mid,published baseline,0.096384,0.095459,3,0,published baselines,40,yes
meta-llama/Meta-Llama-3.1-8B,asqa,SameTask-long,pubmed_qa+med_quad,huq_satrmd_mid,published baseline,0.145776,0.003438,3,0,published baselines,40,yes
meta-llama/Meta-Llama-3.1-8B,cnn_dailymail,1ds-Diff-long,pubmed_qa,huq_satrmd_mid,published baseline,-0.027034,0.0,3,0,published baselines,40,yes
meta-llama/Meta-Llama-3.1-8B,cnn_dailymail,DiffTask-long,pubmed_qa+med_quad+expertqa+asqa+factscore,huq_satrmd_mid,published baseline,-0.089744,0.0065,3,0,published baselines,40,yes
meta-llama/Meta-Llama-3.1-8B,cnn_dailymail,ID,cnn_dailymail,huq_satrmd_mid,published baseline,0.069146,0.0,3,0,published baselines,40,yes
meta-llama/Meta-Llama-3.1-8B,cnn_dailymail,LOO-long,pubmed_qa+xsum+med_quad+samsum+expertqa+asqa+factscore,huq_satrmd_mid,published baseline,-0.190703,0.031316,3,0,published baselines,40,yes
meta-llama/Meta-Llama-3.1-8B,cnn_dailymail,SameTask-long,xsum+samsum,huq_satrmd_mid,published baseline,-0.219896,0.000401,3,0,published baselines,40,yes
meta-llama/Meta-Llama-3.1-8B,expertqa,1ds-Diff-long,pubmed_qa,huq_satrmd_mid,published baseline,0.080408,0.0,3,0,published baselines,40,yes
meta-llama/Meta-Llama-3.1-8B,expertqa,DiffTask-long,pubmed_qa+xsum+cnn_dailymail+med_quad+samsum+asqa,huq_satrmd_mid,published baseline,0.12307,0.02347,3,0,published baselines,40,yes
meta-llama/Meta-Llama-3.1-8B,expertqa,ID,expertqa,huq_satrmd_mid,published baseline,0.402578,0.0,3,0,published baselines,40,yes
meta-llama/Meta-Llama-3.1-8B,expertqa,LOO-long,pubmed_qa+xsum+cnn_dailymail+med_quad+samsum+asqa+factscore,huq_satrmd_mid,published baseline,0.116526,0.021468,3,0,published baselines,40,yes
meta-llama/Meta-Llama-3.1-8B,expertqa,SameTask-long,factscore,huq_satrmd_mid,published baseline,0.149848,0.0,3,0,published baselines,40,yes
meta-llama/Meta-Llama-3.1-8B,factscore,1ds-Diff-long,pubmed_qa,huq_satrmd_mid,published baseline,0.28946,0.0,3,0,published baselines,40,yes
meta-llama/Meta-Llama-3.1-8B,factscore,DiffTask-long,pubmed_qa+xsum+cnn_dailymail+med_quad+samsum+asqa,huq_satrmd_mid,published baseline,0.338793,0.030404,3,0,published baselines,40,yes
meta-llama/Meta-Llama-3.1-8B,factscore,ID,factscore,huq_satrmd_mid,published baseline,0.293102,0.0,3,0,published baselines,40,yes
meta-llama/Meta-Llama-3.1-8B,factscore,LOO-long,pubmed_qa+xsum+cnn_dailymail+med_quad+samsum+expertqa+asqa,huq_satrmd_mid,published baseline,0.329853,0.023394,3,0,published baselines,40,yes
meta-llama/Meta-Llama-3.1-8B,factscore,SameTask-long,expertqa,huq_satrmd_mid,published baseline,0.276877,0.0,3,0,published baselines,40,yes
meta-llama/Meta-Llama-3.1-8B,med_quad,1ds-Diff-long,xsum,huq_satrmd_mid,published baseline,-0.161595,0.0,3,0,published baselines,40,yes
meta-llama/Meta-Llama-3.1-8B,med_quad,DiffTask-long,xsum+cnn_dailymail+samsum+expertqa+factscore,huq_satrmd_mid,published baseline,0.16604,0.048674,3,0,published baselines,40,yes
meta-llama/Meta-Llama-3.1-8B,med_quad,ID,med_quad,huq_satrmd_mid,published baseline,-0.059885,0.0,3,0,published baselines,40,yes
meta-llama/Meta-Llama-3.1-8B,med_quad,LOO-long,pubmed_qa+xsum+cnn_dailymail+samsum+expertqa+asqa+factscore,huq_satrmd_mid,published baseline,-0.086742,0.031652,3,0,published baselines,40,yes
meta-llama/Meta-Llama-3.1-8B,med_quad,SameTask-long,pubmed_qa+asqa,huq_satrmd_mid,published baseline,-0.144916,0.000244,3,0,published baselines,40,yes
meta-llama/Meta-Llama-3.1-8B,pubmed_qa,1ds-Diff-long,xsum,huq_satrmd_mid,published baseline,-0.170711,0.0,3,0,published baselines,40,yes
meta-llama/Meta-Llama-3.1-8B,pubmed_qa,DiffTask-long,xsum+cnn_dailymail+samsum+expertqa+factscore,huq_satrmd_mid,published baseline,0.153561,0.017916,3,0,published baselines,40,yes
meta-llama/Meta-Llama-3.1-8B,pubmed_qa,ID,pubmed_qa,huq_satrmd_mid,published baseline,0.44267,0.0,3,0,published baselines,40,yes
meta-llama/Meta-Llama-3.1-8B,pubmed_qa,LOO-long,xsum+cnn_dailymail+med_quad+samsum+expertqa+asqa+factscore,huq_satrmd_mid,published baseline,0.170921,0.01086,3,0,published baselines,40,yes
meta-llama/Meta-Llama-3.1-8B,pubmed_qa,SameTask-long,med_quad+asqa,huq_satrmd_mid,published baseline,0.277806,0.064136,3,0,published baselines,40,yes
meta-llama/Meta-Llama-3.1-8B,samsum,1ds-Diff-long,pubmed_qa,huq_satrmd_mid,published baseline,-0.183607,0.0,3,0,published baselines,40,yes
meta-llama/Meta-Llama-3.1-8B,samsum,DiffTask-long,pubmed_qa+med_quad+expertqa+asqa+factscore,huq_satrmd_mid,published baseline,-0.122961,0.002304,3,0,published baselines,40,yes
meta-llama/Meta-Llama-3.1-8B,samsum,ID,samsum,huq_satrmd_mid,published baseline,0.161848,0.0,3,0,published baselines,40,yes
meta-llama/Meta-Llama-3.1-8B,samsum,LOO-long,pubmed_qa+xsum+cnn_dailymail+med_quad+expertqa+asqa+factscore,huq_satrmd_mid,published baseline,-0.019863,0.050119,3,0,published baselines,40,yes
meta-llama/Meta-Llama-3.1-8B,samsum,SameTask-long,xsum+cnn_dailymail,huq_satrmd_mid,published baseline,0.002492,0.057316,3,0,published baselines,40,yes
meta-llama/Meta-Llama-3.1-8B,xsum,1ds-Diff-long,pubmed_qa,huq_satrmd_mid,published baseline,-0.171176,0.0,3,0,published baselines,40,yes
meta-llama/Meta-Llama-3.1-8B,xsum,DiffTask-long,pubmed_qa+med_quad+expertqa+asqa+factscore,huq_satrmd_mid,published baseline,-0.207528,0.003003,3,0,published baselines,40,yes
meta-llama/Meta-Llama-3.1-8B,xsum,ID,xsum,huq_satrmd_mid,published baseline,0.020257,0.0,3,0,published baselines,40,yes
meta-llama/Meta-Llama-3.1-8B,xsum,LOO-long,pubmed_qa+cnn_dailymail+med_quad+samsum+expertqa+asqa+factscore,huq_satrmd_mid,published baseline,-0.202362,0.01106,3,0,published baselines,40,yes
meta-llama/Meta-Llama-3.1-8B,xsum,SameTask-long,cnn_dailymail+samsum,huq_satrmd_mid,published baseline,-0.092685,0.000885,3,0,published baselines,40,yes
meta-llama/Meta-Llama-3.1-8B,cnn_dailymail,1ds-Diff-long,pubmed_qa,msp_satmd_mid,published baseline,0.341567,0.0,3,0,published baselines,6,NO
meta-llama/Meta-Llama-3.1-8B,cnn_dailymail,ID,cnn_dailymail,msp_satmd_mid,published baseline,0.307396,0.0,3,0,published baselines,6,NO
meta-llama/Meta-Llama-3.1-8B,pubmed_qa,1ds-Diff-long,xsum,msp_satmd_mid,published baseline,-0.223377,0.0,3,0,published baselines,6,NO
meta-llama/Meta-Llama-3.1-8B,pubmed_qa,ID,pubmed_qa,msp_satmd_mid,published baseline,0.543566,0.0,3,0,published baselines,6,NO
meta-llama/Meta-Llama-3.1-8B,xsum,1ds-Diff-long,pubmed_qa,msp_satmd_mid,published baseline,-0.157748,0.0,3,0,published baselines,6,NO
meta-llama/Meta-Llama-3.1-8B,xsum,ID,xsum,msp_satmd_mid,published baseline,0.138946,0.0,3,0,published baselines,6,NO
meta-llama/Meta-Llama-3.1-8B,cnn_dailymail,1ds-Diff-long,pubmed_qa,msp_satrmd_mid,published baseline,0.312162,0.0,3,0,published baselines,6,NO
meta-llama/Meta-Llama-3.1-8B,cnn_dailymail,ID,cnn_dailymail,msp_satrmd_mid,published baseline,0.309959,0.0,3,0,published baselines,6,NO
meta-llama/Meta-Llama-3.1-8B,pubmed_qa,1ds-Diff-long,xsum,msp_satrmd_mid,published baseline,-0.221214,0.0,3,0,published baselines,6,NO
meta-llama/Meta-Llama-3.1-8B,pubmed_qa,ID,pubmed_qa,msp_satrmd_mid,published baseline,0.578221,0.0,3,0,published baselines,6,NO
meta-llama/Meta-Llama-3.1-8B,xsum,1ds-Diff-long,pubmed_qa,msp_satrmd_mid,published baseline,-0.124517,0.0,3,0,published baselines,6,NO
meta-llama/Meta-Llama-3.1-8B,xsum,ID,xsum,msp_satrmd_mid,published baseline,0.159255,0.0,3,0,published baselines,6,NO
meta-llama/Meta-Llama-3.1-8B,asqa,1ds-Diff-long,xsum,rmd_mean_mid,published baseline,0.077175,0.0,3,0,published baselines,40,yes
meta-llama/Meta-Llama-3.1-8B,asqa,DiffTask-long,xsum+cnn_dailymail+samsum+expertqa+factscore,rmd_mean_mid,published baseline,-0.06875,0.003544,3,0,published baselines,40,yes
meta-llama/Meta-Llama-3.1-8B,asqa,ID,asqa,rmd_mean_mid,published baseline,0.187838,0.0,3,0,published baselines,40,yes
meta-llama/Meta-Llama-3.1-8B,asqa,LOO-long,pubmed_qa+xsum+cnn_dailymail+med_quad+samsum+expertqa+factscore,rmd_mean_mid,published baseline,-9.6e-05,0.008186,3,0,published baselines,40,yes
meta-llama/Meta-Llama-3.1-8B,asqa,SameTask-long,pubmed_qa+med_quad,rmd_mean_mid,published baseline,0.187861,0.002313,3,0,published baselines,40,yes
meta-llama/Meta-Llama-3.1-8B,cnn_dailymail,1ds-Diff-long,pubmed_qa,rmd_mean_mid,published baseline,0.110044,0.0,3,0,published baselines,40,yes
meta-llama/Meta-Llama-3.1-8B,cnn_dailymail,DiffTask-long,pubmed_qa+med_quad+expertqa+asqa+factscore,rmd_mean_mid,published baseline,-0.166786,0.006502,3,0,published baselines,40,yes
meta-llama/Meta-Llama-3.1-8B,cnn_dailymail,ID,cnn_dailymail,rmd_mean_mid,published baseline,-0.167635,0.0,3,0,published baselines,40,yes
meta-llama/Meta-Llama-3.1-8B,cnn_dailymail,LOO-long,pubmed_qa+xsum+med_quad+samsum+expertqa+asqa+factscore,rmd_mean_mid,published baseline,-0.249087,0.004543,3,0,published baselines,40,yes
meta-llama/Meta-Llama-3.1-8B,cnn_dailymail,SameTask-long,xsum+samsum,rmd_mean_mid,published baseline,-0.219896,0.000401,3,0,published baselines,40,yes
meta-llama/Meta-Llama-3.1-8B,expertqa,1ds-Diff-long,pubmed_qa,rmd_mean_mid,published baseline,-0.020967,0.0,3,0,published baselines,40,yes
meta-llama/Meta-Llama-3.1-8B,expertqa,DiffTask-long,pubmed_qa+xsum+cnn_dailymail+med_quad+samsum+asqa,rmd_mean_mid,published baseline,0.022739,0.004702,3,0,published baselines,40,yes
meta-llama/Meta-Llama-3.1-8B,expertqa,ID,expertqa,rmd_mean_mid,published baseline,0.239133,0.0,3,0,published baselines,40,yes
meta-llama/Meta-Llama-3.1-8B,expertqa,LOO-long,pubmed_qa+xsum+cnn_dailymail+med_quad+samsum+asqa+factscore,rmd_mean_mid,published baseline,0.008074,0.014445,3,0,published baselines,40,yes
meta-llama/Meta-Llama-3.1-8B,expertqa,SameTask-long,factscore,rmd_mean_mid,published baseline,-0.156741,0.0,3,0,published baselines,40,yes
meta-llama/Meta-Llama-3.1-8B,factscore,1ds-Diff-long,pubmed_qa,rmd_mean_mid,published baseline,0.035968,0.0,3,0,published baselines,40,yes
meta-llama/Meta-Llama-3.1-8B,factscore,DiffTask-long,pubmed_qa+xsum+cnn_dailymail+med_quad+samsum+asqa,rmd_mean_mid,published baseline,0.446582,0.038467,3,0,published baselines,40,yes
meta-llama/Meta-Llama-3.1-8B,factscore,ID,factscore,rmd_mean_mid,published baseline,0.29159,0.0,3,0,published baselines,40,yes
meta-llama/Meta-Llama-3.1-8B,factscore,LOO-long,pubmed_qa+xsum+cnn_dailymail+med_quad+samsum+expertqa+asqa,rmd_mean_mid,published baseline,0.367901,0.035968,3,0,published baselines,40,yes
meta-llama/Meta-Llama-3.1-8B,factscore,SameTask-long,expertqa,rmd_mean_mid,published baseline,-0.052766,0.0,3,0,published baselines,40,yes
meta-llama/Meta-Llama-3.1-8B,med_quad,1ds-Diff-long,xsum,rmd_mean_mid,published baseline,-0.161595,0.0,3,0,published baselines,40,yes
meta-llama/Meta-Llama-3.1-8B,med_quad,DiffTask-long,xsum+cnn_dailymail+samsum+expertqa+factscore,rmd_mean_mid,published baseline,0.16604,0.048674,3,0,published baselines,40,yes
meta-llama/Meta-Llama-3.1-8B,med_quad,ID,med_quad,rmd_mean_mid,published baseline,-0.08949,0.0,3,0,published baselines,40,yes
meta-llama/Meta-Llama-3.1-8B,med_quad,LOO-long,pubmed_qa+xsum+cnn_dailymail+samsum+expertqa+asqa+factscore,rmd_mean_mid,published baseline,0.101009,0.053104,3,0,published baselines,40,yes
meta-llama/Meta-Llama-3.1-8B,med_quad,SameTask-long,pubmed_qa+asqa,rmd_mean_mid,published baseline,-0.081902,0.001879,3,0,published baselines,40,yes
meta-llama/Meta-Llama-3.1-8B,pubmed_qa,1ds-Diff-long,xsum,rmd_mean_mid,published baseline,-0.170711,0.0,3,0,published baselines,40,yes
meta-llama/Meta-Llama-3.1-8B,pubmed_qa,DiffTask-long,xsum+cnn_dailymail+samsum+expertqa+factscore,rmd_mean_mid,published baseline,0.153561,0.017916,3,0,published baselines,40,yes
meta-llama/Meta-Llama-3.1-8B,pubmed_qa,ID,pubmed_qa,rmd_mean_mid,published baseline,0.384756,0.0,3,0,published baselines,40,yes
meta-llama/Meta-Llama-3.1-8B,pubmed_qa,LOO-long,xsum+cnn_dailymail+med_quad+samsum+expertqa+asqa+factscore,rmd_mean_mid,published baseline,0.170921,0.01086,3,0,published baselines,40,yes
meta-llama/Meta-Llama-3.1-8B,pubmed_qa,SameTask-long,med_quad+asqa,rmd_mean_mid,published baseline,0.14025,0.003717,3,0,published baselines,40,yes
meta-llama/Meta-Llama-3.1-8B,samsum,1ds-Diff-long,pubmed_qa,rmd_mean_mid,published baseline,-0.19691,0.0,3,0,published baselines,40,yes
meta-llama/Meta-Llama-3.1-8B,samsum,DiffTask-long,pubmed_qa+med_quad+expertqa+asqa+factscore,rmd_mean_mid,published baseline,0.041212,0.007421,3,0,published baselines,40,yes
meta-llama/Meta-Llama-3.1-8B,samsum,ID,samsum,rmd_mean_mid,published baseline,0.132334,0.0,3,0,published baselines,40,yes
meta-llama/Meta-Llama-3.1-8B,samsum,LOO-long,pubmed_qa+xsum+cnn_dailymail+med_quad+expertqa+asqa+factscore,rmd_mean_mid,published baseline,0.099428,0.009398,3,0,published baselines,40,yes
meta-llama/Meta-Llama-3.1-8B,samsum,SameTask-long,xsum+cnn_dailymail,rmd_mean_mid,published baseline,0.072857,0.006495,3,0,published baselines,40,yes
meta-llama/Meta-Llama-3.1-8B,xsum,1ds-Diff-long,pubmed_qa,rmd_mean_mid,published baseline,-0.107053,0.0,3,0,published baselines,40,yes
meta-llama/Meta-Llama-3.1-8B,xsum,DiffTask-long,pubmed_qa+med_quad+expertqa+asqa+factscore,rmd_mean_mid,published baseline,0.074799,0.004211,3,0,published baselines,40,yes
meta-llama/Meta-Llama-3.1-8B,xsum,ID,xsum,rmd_mean_mid,published baseline,0.020257,0.0,3,0,published baselines,40,yes
meta-llama/Meta-Llama-3.1-8B,xsum,LOO-long,pubmed_qa+cnn_dailymail+med_quad+samsum+expertqa+asqa+factscore,rmd_mean_mid,published baseline,-0.077695,0.009286,3,0,published baselines,40,yes
meta-llama/Meta-Llama-3.1-8B,xsum,SameTask-long,cnn_dailymail+samsum,rmd_mean_mid,published baseline,-0.092621,0.000839,3,0,published baselines,40,yes
meta-llama/Meta-Llama-3.1-8B,asqa,1ds-Diff-long,xsum,satrmd_mid,published baseline,0.077175,0.0,3,0,published baselines,40,yes
meta-llama/Meta-Llama-3.1-8B,asqa,DiffTask-long,xsum+cnn_dailymail+samsum+expertqa+factscore,satrmd_mid,published baseline,-0.06875,0.003544,3,0,published baselines,40,yes
meta-llama/Meta-Llama-3.1-8B,asqa,ID,asqa,satrmd_mid,published baseline,0.187838,0.0,3,0,published baselines,40,yes
meta-llama/Meta-Llama-3.1-8B,asqa,LOO-long,pubmed_qa+xsum+cnn_dailymail+med_quad+samsum+expertqa+factscore,satrmd_mid,published baseline,-9.6e-05,0.008186,3,0,published baselines,40,yes
meta-llama/Meta-Llama-3.1-8B,asqa,SameTask-long,pubmed_qa+med_quad,satrmd_mid,published baseline,0.088415,0.142755,3,0,published baselines,40,yes
meta-llama/Meta-Llama-3.1-8B,cnn_dailymail,1ds-Diff-long,pubmed_qa,satrmd_mid,published baseline,0.110044,0.0,3,0,published baselines,40,yes
meta-llama/Meta-Llama-3.1-8B,cnn_dailymail,DiffTask-long,pubmed_qa+med_quad+expertqa+asqa+factscore,satrmd_mid,published baseline,-0.166786,0.006502,3,0,published baselines,40,yes
meta-llama/Meta-Llama-3.1-8B,cnn_dailymail,ID,cnn_dailymail,satrmd_mid,published baseline,0.060917,0.0,3,0,published baselines,40,yes
meta-llama/Meta-Llama-3.1-8B,cnn_dailymail,LOO-long,pubmed_qa+xsum+med_quad+samsum+expertqa+asqa+factscore,satrmd_mid,published baseline,-0.249087,0.004543,3,0,published baselines,40,yes
meta-llama/Meta-Llama-3.1-8B,cnn_dailymail,SameTask-long,xsum+samsum,satrmd_mid,published baseline,-0.219896,0.000401,3,0,published baselines,40,yes
meta-llama/Meta-Llama-3.1-8B,expertqa,1ds-Diff-long,pubmed_qa,satrmd_mid,published baseline,-0.020967,0.0,3,0,published baselines,40,yes
meta-llama/Meta-Llama-3.1-8B,expertqa,DiffTask-long,pubmed_qa+xsum+cnn_dailymail+med_quad+samsum+asqa,satrmd_mid,published baseline,0.022739,0.004702,3,0,published baselines,40,yes
meta-llama/Meta-Llama-3.1-8B,expertqa,ID,expertqa,satrmd_mid,published baseline,0.239133,0.0,3,0,published baselines,40,yes
meta-llama/Meta-Llama-3.1-8B,expertqa,LOO-long,pubmed_qa+xsum+cnn_dailymail+med_quad+samsum+asqa+factscore,satrmd_mid,published baseline,0.008074,0.014445,3,0,published baselines,40,yes
meta-llama/Meta-Llama-3.1-8B,expertqa,SameTask-long,factscore,satrmd_mid,published baseline,-0.156741,0.0,3,0,published baselines,40,yes
meta-llama/Meta-Llama-3.1-8B,factscore,1ds-Diff-long,pubmed_qa,satrmd_mid,published baseline,0.035968,0.0,3,0,published baselines,40,yes
meta-llama/Meta-Llama-3.1-8B,factscore,DiffTask-long,pubmed_qa+xsum+cnn_dailymail+med_quad+samsum+asqa,satrmd_mid,published baseline,0.446582,0.038467,3,0,published baselines,40,yes
meta-llama/Meta-Llama-3.1-8B,factscore,ID,factscore,satrmd_mid,published baseline,0.29159,0.0,3,0,published baselines,40,yes
meta-llama/Meta-Llama-3.1-8B,factscore,LOO-long,pubmed_qa+xsum+cnn_dailymail+med_quad+samsum+expertqa+asqa,satrmd_mid,published baseline,0.367901,0.035968,3,0,published baselines,40,yes
meta-llama/Meta-Llama-3.1-8B,factscore,SameTask-long,expertqa,satrmd_mid,published baseline,-0.052766,0.0,3,0,published baselines,40,yes
meta-llama/Meta-Llama-3.1-8B,med_quad,1ds-Diff-long,xsum,satrmd_mid,published baseline,-0.161595,0.0,3,0,published baselines,40,yes
meta-llama/Meta-Llama-3.1-8B,med_quad,DiffTask-long,xsum+cnn_dailymail+samsum+expertqa+factscore,satrmd_mid,published baseline,0.16604,0.048674,3,0,published baselines,40,yes
meta-llama/Meta-Llama-3.1-8B,med_quad,ID,med_quad,satrmd_mid,published baseline,-0.046134,0.0,3,0,published baselines,40,yes
meta-llama/Meta-Llama-3.1-8B,med_quad,LOO-long,pubmed_qa+xsum+cnn_dailymail+samsum+expertqa+asqa+factscore,satrmd_mid,published baseline,0.101009,0.053104,3,0,published baselines,40,yes
meta-llama/Meta-Llama-3.1-8B,med_quad,SameTask-long,pubmed_qa+asqa,satrmd_mid,published baseline,-0.081902,0.001879,3,0,published baselines,40,yes
meta-llama/Meta-Llama-3.1-8B,pubmed_qa,1ds-Diff-long,xsum,satrmd_mid,published baseline,-0.170711,0.0,3,0,published baselines,40,yes
meta-llama/Meta-Llama-3.1-8B,pubmed_qa,DiffTask-long,xsum+cnn_dailymail+samsum+expertqa+factscore,satrmd_mid,published baseline,0.153561,0.017916,3,0,published baselines,40,yes
meta-llama/Meta-Llama-3.1-8B,pubmed_qa,ID,pubmed_qa,satrmd_mid,published baseline,0.384756,0.0,3,0,published baselines,40,yes
meta-llama/Meta-Llama-3.1-8B,pubmed_qa,LOO-long,xsum+cnn_dailymail+med_quad+samsum+expertqa+asqa+factscore,satrmd_mid,published baseline,0.170921,0.01086,3,0,published baselines,40,yes
meta-llama/Meta-Llama-3.1-8B,pubmed_qa,SameTask-long,med_quad+asqa,satrmd_mid,published baseline,0.14025,0.003717,3,0,published baselines,40,yes
meta-llama/Meta-Llama-3.1-8B,samsum,1ds-Diff-long,pubmed_qa,satrmd_mid,published baseline,-0.19691,0.0,3,0,published baselines,40,yes
meta-llama/Meta-Llama-3.1-8B,samsum,DiffTask-long,pubmed_qa+med_quad+expertqa+asqa+factscore,satrmd_mid,published baseline,0.041212,0.007421,3,0,published baselines,40,yes
meta-llama/Meta-Llama-3.1-8B,samsum,ID,samsum,satrmd_mid,published baseline,0.132334,0.0,3,0,published baselines,40,yes
meta-llama/Meta-Llama-3.1-8B,samsum,LOO-long,pubmed_qa+xsum+cnn_dailymail+med_quad+expertqa+asqa+factscore,satrmd_mid,published baseline,0.099428,0.009398,3,0,published baselines,40,yes
meta-llama/Meta-Llama-3.1-8B,samsum,SameTask-long,xsum+cnn_dailymail,satrmd_mid,published baseline,0.037123,0.023759,3,0,published baselines,40,yes
meta-llama/Meta-Llama-3.1-8B,xsum,1ds-Diff-long,pubmed_qa,satrmd_mid,published baseline,-0.107053,0.0,3,0,published baselines,40,yes
meta-llama/Meta-Llama-3.1-8B,xsum,DiffTask-long,pubmed_qa+med_quad+expertqa+asqa+factscore,satrmd_mid,published baseline,0.074799,0.004211,3,0,published baselines,40,yes
meta-llama/Meta-Llama-3.1-8B,xsum,ID,xsum,satrmd_mid,published baseline,0.020257,0.0,3,0,published baselines,40,yes
meta-llama/Meta-Llama-3.1-8B,xsum,LOO-long,pubmed_qa+cnn_dailymail+med_quad+samsum+expertqa+asqa+factscore,satrmd_mid,published baseline,-0.077695,0.009286,3,0,published baselines,40,yes
meta-llama/Meta-Llama-3.1-8B,xsum,SameTask-long,cnn_dailymail+samsum,satrmd_mid,published baseline,-0.092621,0.000839,3,0,published baselines,40,yes
meta-llama/Meta-Llama-3.1-8B,asqa,1ds-Diff-long,,huq_satmd_alllayer,published baseline,0.243588,0.0,3,0,published baselines,40,yes
meta-llama/Meta-Llama-3.1-8B,asqa,1ds-Diff-long,,huq_satrmd_alllayer,published baseline,0.166884,0.0,3,0,published baselines,40,yes
meta-llama/Meta-Llama-3.1-8B,asqa,1ds-Diff-long,,msp_satmd_alllayer,published baseline,0.02884,0.0,3,0,published baselines,15,NO
meta-llama/Meta-Llama-3.1-8B,asqa,1ds-Diff-long,,msp_satrmd_alllayer,published baseline,0.034966,0.0,3,0,published baselines,15,NO
meta-llama/Meta-Llama-3.1-8B,asqa,1ds-Diff-long,,satmd_alllayer,published baseline,0.243588,0.0,3,0,published baselines,40,yes
meta-llama/Meta-Llama-3.1-8B,asqa,1ds-Diff-long,,satrmd_alllayer,published baseline,0.166884,0.0,3,0,published baselines,40,yes
meta-llama/Meta-Llama-3.1-8B,asqa,DiffTask-long,,huq_satmd_alllayer,published baseline,-0.035649,0.057146,3,0,published baselines,40,yes
meta-llama/Meta-Llama-3.1-8B,asqa,DiffTask-long,,huq_satrmd_alllayer,published baseline,-0.076711,0.018522,3,0,published baselines,40,yes
meta-llama/Meta-Llama-3.1-8B,asqa,DiffTask-long,,satmd_alllayer,published baseline,-0.038625,0.057622,3,0,published baselines,40,yes
meta-llama/Meta-Llama-3.1-8B,asqa,DiffTask-long,,satrmd_alllayer,published baseline,-0.066697,0.009593,3,0,published baselines,40,yes
meta-llama/Meta-Llama-3.1-8B,asqa,ID,,huq_satmd_alllayer,published baseline,0.053753,0.0,3,0,published baselines,40,yes
meta-llama/Meta-Llama-3.1-8B,asqa,ID,,huq_satrmd_alllayer,published baseline,0.021932,0.0,3,0,published baselines,40,yes
meta-llama/Meta-Llama-3.1-8B,asqa,ID,,msp_satmd_alllayer,published baseline,0.265323,0.0,3,0,published baselines,15,NO
meta-llama/Meta-Llama-3.1-8B,asqa,ID,,msp_satrmd_alllayer,published baseline,0.279395,0.0,3,0,published baselines,15,NO
meta-llama/Meta-Llama-3.1-8B,asqa,ID,,satmd_alllayer,published baseline,0.053753,0.0,3,0,published baselines,40,yes
meta-llama/Meta-Llama-3.1-8B,asqa,ID,,satrmd_alllayer,published baseline,0.020604,0.0,3,0,published baselines,40,yes
meta-llama/Meta-Llama-3.1-8B,asqa,LOO-long,,huq_satmd_alllayer,published baseline,0.061122,0.021099,3,0,published baselines,40,yes
meta-llama/Meta-Llama-3.1-8B,asqa,LOO-long,,huq_satrmd_alllayer,published baseline,0.049811,0.041001,3,0,published baselines,40,yes
meta-llama/Meta-Llama-3.1-8B,asqa,LOO-long,,satmd_alllayer,published baseline,0.043701,0.021632,3,0,published baselines,40,yes
meta-llama/Meta-Llama-3.1-8B,asqa,LOO-long,,satrmd_alllayer,published baseline,-0.009344,0.044865,3,0,published baselines,40,yes
meta-llama/Meta-Llama-3.1-8B,asqa,SameTask-long,,huq_satmd_alllayer,published baseline,0.138302,0.016605,3,0,published baselines,40,yes
meta-llama/Meta-Llama-3.1-8B,asqa,SameTask-long,,huq_satrmd_alllayer,published baseline,0.106973,0.045961,3,0,published baselines,40,yes
meta-llama/Meta-Llama-3.1-8B,asqa,SameTask-long,,msp_satmd_alllayer,published baseline,0.195559,0.035322,3,0,published baselines,15,NO
meta-llama/Meta-Llama-3.1-8B,asqa,SameTask-long,,msp_satrmd_alllayer,published baseline,0.247127,0.033084,3,0,published baselines,15,NO
meta-llama/Meta-Llama-3.1-8B,asqa,SameTask-long,,satmd_alllayer,published baseline,0.074078,0.04052,3,0,published baselines,40,yes
meta-llama/Meta-Llama-3.1-8B,asqa,SameTask-long,,satrmd_alllayer,published baseline,0.071503,0.061441,3,0,published baselines,40,yes
meta-llama/Meta-Llama-3.1-8B,cnn_dailymail,1ds-Diff-long,,huq_satmd_alllayer,published baseline,-0.023322,0.0,3,0,published baselines,40,yes
meta-llama/Meta-Llama-3.1-8B,cnn_dailymail,1ds-Diff-long,,huq_satrmd_alllayer,published baseline,0.103065,0.0,3,0,published baselines,40,yes
meta-llama/Meta-Llama-3.1-8B,cnn_dailymail,1ds-Diff-long,,msp_satmd_alllayer,published baseline,0.019079,0.0,3,0,published baselines,15,NO
meta-llama/Meta-Llama-3.1-8B,cnn_dailymail,1ds-Diff-long,,msp_satrmd_alllayer,published baseline,0.265379,0.0,3,0,published baselines,15,NO
meta-llama/Meta-Llama-3.1-8B,cnn_dailymail,1ds-Diff-long,,satmd_alllayer,published baseline,0.026857,0.0,3,0,published baselines,40,yes
meta-llama/Meta-Llama-3.1-8B,cnn_dailymail,1ds-Diff-long,,satrmd_alllayer,published baseline,0.168508,0.0,3,0,published baselines,40,yes
meta-llama/Meta-Llama-3.1-8B,cnn_dailymail,DiffTask-long,,huq_satmd_alllayer,published baseline,0.137064,0.046814,3,0,published baselines,40,yes
meta-llama/Meta-Llama-3.1-8B,cnn_dailymail,DiffTask-long,,huq_satrmd_alllayer,published baseline,-0.115761,0.021312,3,0,published baselines,40,yes
meta-llama/Meta-Llama-3.1-8B,cnn_dailymail,DiffTask-long,,satmd_alllayer,published baseline,0.147055,0.04475,3,0,published baselines,40,yes
meta-llama/Meta-Llama-3.1-8B,cnn_dailymail,DiffTask-long,,satrmd_alllayer,published baseline,-0.11861,0.015093,3,0,published baselines,40,yes
meta-llama/Meta-Llama-3.1-8B,cnn_dailymail,ID,,huq_satmd_alllayer,published baseline,0.264439,0.0,3,0,published baselines,40,yes
meta-llama/Meta-Llama-3.1-8B,cnn_dailymail,ID,,huq_satrmd_alllayer,published baseline,0.22594,0.0,3,0,published baselines,40,yes
meta-llama/Meta-Llama-3.1-8B,cnn_dailymail,ID,,msp_satmd_alllayer,published baseline,0.329596,0.0,3,0,published baselines,15,NO
meta-llama/Meta-Llama-3.1-8B,cnn_dailymail,ID,,msp_satrmd_alllayer,published baseline,0.292112,0.0,3,0,published baselines,15,NO
meta-llama/Meta-Llama-3.1-8B,cnn_dailymail,ID,,satmd_alllayer,published baseline,0.239696,0.0,3,0,published baselines,40,yes
meta-llama/Meta-Llama-3.1-8B,cnn_dailymail,ID,,satrmd_alllayer,published baseline,0.16414,0.0,3,0,published baselines,40,yes
meta-llama/Meta-Llama-3.1-8B,cnn_dailymail,LOO-long,,huq_satmd_alllayer,published baseline,0.001146,0.041494,3,0,published baselines,40,yes
meta-llama/Meta-Llama-3.1-8B,cnn_dailymail,LOO-long,,huq_satrmd_alllayer,published baseline,-0.1737,0.013475,3,0,published baselines,40,yes
meta-llama/Meta-Llama-3.1-8B,cnn_dailymail,LOO-long,,satmd_alllayer,published baseline,-0.0135,0.048603,3,0,published baselines,40,yes
meta-llama/Meta-Llama-3.1-8B,cnn_dailymail,LOO-long,,satrmd_alllayer,published baseline,-0.182725,0.006542,3,0,published baselines,40,yes
meta-llama/Meta-Llama-3.1-8B,cnn_dailymail,SameTask-long,,huq_satmd_alllayer,published baseline,-0.254363,0.006424,3,0,published baselines,40,yes
meta-llama/Meta-Llama-3.1-8B,cnn_dailymail,SameTask-long,,huq_satrmd_alllayer,published baseline,-0.163453,0.001468,3,0,published baselines,40,yes
meta-llama/Meta-Llama-3.1-8B,cnn_dailymail,SameTask-long,,satmd_alllayer,published baseline,-0.254363,0.006424,3,0,published baselines,40,yes
meta-llama/Meta-Llama-3.1-8B,cnn_dailymail,SameTask-long,,satrmd_alllayer,published baseline,-0.163069,0.007901,3,0,published baselines,40,yes
meta-llama/Meta-Llama-3.1-8B,expertqa,1ds-Diff-long,,huq_satmd_alllayer,published baseline,-0.155849,0.0,3,0,published baselines,40,yes
meta-llama/Meta-Llama-3.1-8B,expertqa,1ds-Diff-long,,huq_satrmd_alllayer,published baseline,-0.031812,0.0,3,0,published baselines,40,yes
meta-llama/Meta-Llama-3.1-8B,expertqa,1ds-Diff-long,,msp_satmd_alllayer,published baseline,-0.308086,0.0,3,0,published baselines,15,NO
meta-llama/Meta-Llama-3.1-8B,expertqa,1ds-Diff-long,,msp_satrmd_alllayer,published baseline,-0.138345,0.0,3,0,published baselines,15,NO
meta-llama/Meta-Llama-3.1-8B,expertqa,1ds-Diff-long,,satmd_alllayer,published baseline,-0.334308,0.0,3,0,published baselines,40,yes
meta-llama/Meta-Llama-3.1-8B,expertqa,1ds-Diff-long,,satrmd_alllayer,published baseline,-0.052396,0.0,3,0,published baselines,40,yes
meta-llama/Meta-Llama-3.1-8B,expertqa,DiffTask-long,,huq_satmd_alllayer,published baseline,-0.195079,0.090874,3,0,published baselines,40,yes
meta-llama/Meta-Llama-3.1-8B,expertqa,DiffTask-long,,huq_satrmd_alllayer,published baseline,-0.290408,0.045411,3,0,published baselines,40,yes
meta-llama/Meta-Llama-3.1-8B,expertqa,DiffTask-long,,satmd_alllayer,published baseline,-0.236363,0.075972,3,0,published baselines,40,yes
meta-llama/Meta-Llama-3.1-8B,expertqa,DiffTask-long,,satrmd_alllayer,published baseline,-0.329327,0.10004,3,0,published baselines,40,yes
meta-llama/Meta-Llama-3.1-8B,expertqa,ID,,huq_satmd_alllayer,published baseline,0.367095,0.0,3,0,published baselines,40,yes
meta-llama/Meta-Llama-3.1-8B,expertqa,ID,,huq_satrmd_alllayer,published baseline,0.421429,0.0,3,0,published baselines,40,yes
meta-llama/Meta-Llama-3.1-8B,expertqa,ID,,msp_satmd_alllayer,published baseline,0.454407,0.0,3,0,published baselines,15,NO
meta-llama/Meta-Llama-3.1-8B,expertqa,ID,,msp_satrmd_alllayer,published baseline,0.419653,0.0,3,0,published baselines,15,NO
meta-llama/Meta-Llama-3.1-8B,expertqa,ID,,satmd_alllayer,published baseline,0.40382,0.0,3,0,published baselines,40,yes
meta-llama/Meta-Llama-3.1-8B,expertqa,ID,,satrmd_alllayer,published baseline,0.356544,0.0,3,0,published baselines,40,yes
meta-llama/Meta-Llama-3.1-8B,expertqa,LOO-long,,huq_satmd_alllayer,published baseline,-0.125515,0.016262,3,0,published baselines,40,yes
meta-llama/Meta-Llama-3.1-8B,expertqa,LOO-long,,huq_satrmd_alllayer,published baseline,-0.376481,0.04353,3,0,published baselines,40,yes
meta-llama/Meta-Llama-3.1-8B,expertqa,LOO-long,,satmd_alllayer,published baseline,-0.171285,0.02418,3,0,published baselines,40,yes
meta-llama/Meta-Llama-3.1-8B,expertqa,LOO-long,,satrmd_alllayer,published baseline,-0.422433,0.043953,3,0,published baselines,40,yes
meta-llama/Meta-Llama-3.1-8B,expertqa,SameTask-long,,huq_satmd_alllayer,published baseline,0.348077,0.0,3,0,published baselines,40,yes
meta-llama/Meta-Llama-3.1-8B,expertqa,SameTask-long,,huq_satrmd_alllayer,published baseline,-0.03838,0.0,3,0,published baselines,40,yes
meta-llama/Meta-Llama-3.1-8B,expertqa,SameTask-long,,satmd_alllayer,published baseline,0.261879,0.0,3,0,published baselines,40,yes
meta-llama/Meta-Llama-3.1-8B,expertqa,SameTask-long,,satrmd_alllayer,published baseline,-0.084152,0.0,3,0,published baselines,40,yes
meta-llama/Meta-Llama-3.1-8B,factscore,1ds-Diff-long,,huq_satmd_alllayer,published baseline,-0.033845,0.0,3,0,published baselines,40,yes
meta-llama/Meta-Llama-3.1-8B,factscore,1ds-Diff-long,,huq_satrmd_alllayer,published baseline,0.027824,0.0,3,0,published baselines,40,yes
meta-llama/Meta-Llama-3.1-8B,factscore,1ds-Diff-long,,satmd_alllayer,published baseline,-0.25805,0.0,3,0,published baselines,40,yes
meta-llama/Meta-Llama-3.1-8B,factscore,1ds-Diff-long,,satrmd_alllayer,published baseline,-0.075001,0.0,3,0,published baselines,40,yes
meta-llama/Meta-Llama-3.1-8B,factscore,DiffTask-long,,huq_satmd_alllayer,published baseline,0.004014,0.026652,3,0,published baselines,40,yes
meta-llama/Meta-Llama-3.1-8B,factscore,DiffTask-long,,huq_satrmd_alllayer,published baseline,-0.000726,0.068598,3,0,published baselines,40,yes
meta-llama/Meta-Llama-3.1-8B,factscore,DiffTask-long,,satmd_alllayer,published baseline,-0.076007,0.039546,3,0,published baselines,40,yes
meta-llama/Meta-Llama-3.1-8B,factscore,DiffTask-long,,satrmd_alllayer,published baseline,-0.000726,0.068598,3,0,published baselines,40,yes
meta-llama/Meta-Llama-3.1-8B,factscore,ID,,huq_satmd_alllayer,published baseline,0.540648,0.0,3,0,published baselines,40,yes
meta-llama/Meta-Llama-3.1-8B,factscore,ID,,huq_satrmd_alllayer,published baseline,0.044236,0.0,3,0,published baselines,40,yes
meta-llama/Meta-Llama-3.1-8B,factscore,ID,,satmd_alllayer,published baseline,0.514585,0.0,3,0,published baselines,40,yes
meta-llama/Meta-Llama-3.1-8B,factscore,ID,,satrmd_alllayer,published baseline,0.012084,0.0,3,0,published baselines,40,yes
meta-llama/Meta-Llama-3.1-8B,factscore,LOO-long,,huq_satmd_alllayer,published baseline,-0.085813,0.048719,3,0,published baselines,40,yes
meta-llama/Meta-Llama-3.1-8B,factscore,LOO-long,,huq_satrmd_alllayer,published baseline,-0.200244,0.057004,3,0,published baselines,40,yes
meta-llama/Meta-Llama-3.1-8B,factscore,LOO-long,,satmd_alllayer,published baseline,-0.085813,0.048719,3,0,published baselines,40,yes
meta-llama/Meta-Llama-3.1-8B,factscore,LOO-long,,satrmd_alllayer,published baseline,-0.200244,0.057004,3,0,published baselines,40,yes
meta-llama/Meta-Llama-3.1-8B,factscore,SameTask-long,,huq_satmd_alllayer,published baseline,0.252336,0.0,3,0,published baselines,40,yes
meta-llama/Meta-Llama-3.1-8B,factscore,SameTask-long,,huq_satrmd_alllayer,published baseline,-0.029169,0.0,3,0,published baselines,40,yes
meta-llama/Meta-Llama-3.1-8B,factscore,SameTask-long,,satmd_alllayer,published baseline,0.210604,0.0,3,0,published baselines,40,yes
meta-llama/Meta-Llama-3.1-8B,factscore,SameTask-long,,satrmd_alllayer,published baseline,-0.061042,0.0,3,0,published baselines,40,yes
meta-llama/Meta-Llama-3.1-8B,med_quad,1ds-Diff-long,,huq_satmd_alllayer,published baseline,-0.18307,0.0,3,0,published baselines,40,yes
meta-llama/Meta-Llama-3.1-8B,med_quad,1ds-Diff-long,,huq_satrmd_alllayer,published baseline,0.054551,0.0,3,0,published baselines,40,yes
meta-llama/Meta-Llama-3.1-8B,med_quad,1ds-Diff-long,,msp_satmd_alllayer,published baseline,-0.054577,0.0,3,0,published baselines,15,NO
meta-llama/Meta-Llama-3.1-8B,med_quad,1ds-Diff-long,,msp_satrmd_alllayer,published baseline,0.04292,0.0,3,0,published baselines,15,NO
meta-llama/Meta-Llama-3.1-8B,med_quad,1ds-Diff-long,,satmd_alllayer,published baseline,-0.18307,0.0,3,0,published baselines,40,yes
meta-llama/Meta-Llama-3.1-8B,med_quad,1ds-Diff-long,,satrmd_alllayer,published baseline,0.054551,0.0,3,0,published baselines,40,yes
meta-llama/Meta-Llama-3.1-8B,med_quad,DiffTask-long,,huq_satmd_alllayer,published baseline,0.184004,0.018568,3,0,published baselines,40,yes
meta-llama/Meta-Llama-3.1-8B,med_quad,DiffTask-long,,huq_satrmd_alllayer,published baseline,0.046246,0.096238,3,0,published baselines,40,yes
meta-llama/Meta-Llama-3.1-8B,med_quad,DiffTask-long,,satmd_alllayer,published baseline,0.183839,0.018464,3,0,published baselines,40,yes
meta-llama/Meta-Llama-3.1-8B,med_quad,DiffTask-long,,satrmd_alllayer,published baseline,0.060503,0.108212,3,0,published baselines,40,yes
meta-llama/Meta-Llama-3.1-8B,med_quad,ID,,huq_satmd_alllayer,published baseline,0.180141,0.0,3,0,published baselines,40,yes
meta-llama/Meta-Llama-3.1-8B,med_quad,ID,,huq_satrmd_alllayer,published baseline,0.313139,0.0,3,0,published baselines,40,yes
meta-llama/Meta-Llama-3.1-8B,med_quad,ID,,msp_satmd_alllayer,published baseline,0.238699,0.0,3,0,published baselines,15,NO
meta-llama/Meta-Llama-3.1-8B,med_quad,ID,,msp_satrmd_alllayer,published baseline,0.312805,0.0,3,0,published baselines,15,NO
meta-llama/Meta-Llama-3.1-8B,med_quad,ID,,satmd_alllayer,published baseline,0.180141,0.0,3,0,published baselines,40,yes
meta-llama/Meta-Llama-3.1-8B,med_quad,ID,,satrmd_alllayer,published baseline,0.313139,0.0,3,0,published baselines,40,yes
meta-llama/Meta-Llama-3.1-8B,med_quad,LOO-long,,huq_satmd_alllayer,published baseline,0.15536,0.021451,3,0,published baselines,40,yes
meta-llama/Meta-Llama-3.1-8B,med_quad,LOO-long,,huq_satrmd_alllayer,published baseline,-0.115498,0.054814,3,0,published baselines,40,yes
meta-llama/Meta-Llama-3.1-8B,med_quad,LOO-long,,satmd_alllayer,published baseline,0.171584,0.013353,3,0,published baselines,40,yes
meta-llama/Meta-Llama-3.1-8B,med_quad,LOO-long,,satrmd_alllayer,published baseline,-0.104263,0.046737,3,0,published baselines,40,yes
meta-llama/Meta-Llama-3.1-8B,med_quad,SameTask-long,,huq_satmd_alllayer,published baseline,-0.04514,0.033528,3,0,published baselines,40,yes
meta-llama/Meta-Llama-3.1-8B,med_quad,SameTask-long,,huq_satrmd_alllayer,published baseline,-0.062899,0.015684,3,0,published baselines,40,yes
meta-llama/Meta-Llama-3.1-8B,med_quad,SameTask-long,,msp_satmd_alllayer,published baseline,0.106817,0.026528,3,0,published baselines,15,NO
meta-llama/Meta-Llama-3.1-8B,med_quad,SameTask-long,,msp_satrmd_alllayer,published baseline,0.176285,0.028254,3,0,published baselines,15,NO
meta-llama/Meta-Llama-3.1-8B,med_quad,SameTask-long,,satmd_alllayer,published baseline,-0.0423,0.028226,3,0,published baselines,40,yes
meta-llama/Meta-Llama-3.1-8B,med_quad,SameTask-long,,satrmd_alllayer,published baseline,-0.044907,0.023246,3,0,published baselines,40,yes
meta-llama/Meta-Llama-3.1-8B,pubmed_qa,1ds-Diff-long,,huq_satmd_alllayer,published baseline,0.117718,0.0,3,0,published baselines,40,yes
meta-llama/Meta-Llama-3.1-8B,pubmed_qa,1ds-Diff-long,,huq_satrmd_alllayer,published baseline,0.230401,0.0,3,0,published baselines,40,yes
meta-llama/Meta-Llama-3.1-8B,pubmed_qa,1ds-Diff-long,,msp_satmd_alllayer,published baseline,0.090311,0.0,3,0,published baselines,15,NO
meta-llama/Meta-Llama-3.1-8B,pubmed_qa,1ds-Diff-long,,msp_satrmd_alllayer,published baseline,0.135752,0.0,3,0,published baselines,15,NO
meta-llama/Meta-Llama-3.1-8B,pubmed_qa,1ds-Diff-long,,satmd_alllayer,published baseline,0.117718,0.0,3,0,published baselines,40,yes
meta-llama/Meta-Llama-3.1-8B,pubmed_qa,1ds-Diff-long,,satrmd_alllayer,published baseline,0.230401,0.0,3,0,published baselines,40,yes
meta-llama/Meta-Llama-3.1-8B,pubmed_qa,DiffTask-long,,huq_satmd_alllayer,published baseline,-0.117609,0.02324,3,0,published baselines,40,yes
meta-llama/Meta-Llama-3.1-8B,pubmed_qa,DiffTask-long,,huq_satrmd_alllayer,published baseline,-0.035502,0.127937,3,0,published baselines,40,yes
meta-llama/Meta-Llama-3.1-8B,pubmed_qa,DiffTask-long,,satmd_alllayer,published baseline,-0.117937,0.023331,3,0,published baselines,40,yes
meta-llama/Meta-Llama-3.1-8B,pubmed_qa,DiffTask-long,,satrmd_alllayer,published baseline,-0.08803,0.123466,3,0,published baselines,40,yes
meta-llama/Meta-Llama-3.1-8B,pubmed_qa,ID,,huq_satmd_alllayer,published baseline,0.474413,0.0,3,0,published baselines,40,yes
meta-llama/Meta-Llama-3.1-8B,pubmed_qa,ID,,huq_satrmd_alllayer,published baseline,0.551866,0.0,3,0,published baselines,40,yes
meta-llama/Meta-Llama-3.1-8B,pubmed_qa,ID,,msp_satmd_alllayer,published baseline,0.507866,0.0,3,0,published baselines,15,NO
meta-llama/Meta-Llama-3.1-8B,pubmed_qa,ID,,msp_satrmd_alllayer,published baseline,0.579467,0.0,3,0,published baselines,15,NO
meta-llama/Meta-Llama-3.1-8B,pubmed_qa,ID,,satmd_alllayer,published baseline,0.430078,0.0,3,0,published baselines,40,yes
meta-llama/Meta-Llama-3.1-8B,pubmed_qa,ID,,satrmd_alllayer,published baseline,0.527041,0.0,3,0,published baselines,40,yes
meta-llama/Meta-Llama-3.1-8B,pubmed_qa,LOO-long,,huq_satmd_alllayer,published baseline,-0.003755,0.029441,3,0,published baselines,40,yes
meta-llama/Meta-Llama-3.1-8B,pubmed_qa,LOO-long,,huq_satrmd_alllayer,published baseline,-0.054219,0.130533,3,0,published baselines,40,yes
meta-llama/Meta-Llama-3.1-8B,pubmed_qa,LOO-long,,satmd_alllayer,published baseline,-0.010024,0.020646,3,0,published baselines,40,yes
meta-llama/Meta-Llama-3.1-8B,pubmed_qa,LOO-long,,satrmd_alllayer,published baseline,-0.054219,0.130533,3,0,published baselines,40,yes
meta-llama/Meta-Llama-3.1-8B,pubmed_qa,SameTask-long,,huq_satmd_alllayer,published baseline,0.105539,0.063288,3,0,published baselines,40,yes
meta-llama/Meta-Llama-3.1-8B,pubmed_qa,SameTask-long,,huq_satrmd_alllayer,published baseline,0.170485,0.02791,3,0,published baselines,40,yes
meta-llama/Meta-Llama-3.1-8B,pubmed_qa,SameTask-long,,msp_satmd_alllayer,published baseline,0.208097,0.046517,3,0,published baselines,15,NO
meta-llama/Meta-Llama-3.1-8B,pubmed_qa,SameTask-long,,msp_satrmd_alllayer,published baseline,0.278632,0.024071,3,0,published baselines,15,NO
meta-llama/Meta-Llama-3.1-8B,pubmed_qa,SameTask-long,,satmd_alllayer,published baseline,0.105539,0.063288,3,0,published baselines,40,yes
meta-llama/Meta-Llama-3.1-8B,pubmed_qa,SameTask-long,,satrmd_alllayer,published baseline,0.169257,0.027057,3,0,published baselines,40,yes
meta-llama/Meta-Llama-3.1-8B,samsum,1ds-Diff-long,,huq_satmd_alllayer,published baseline,-0.143653,0.0,3,0,published baselines,40,yes
meta-llama/Meta-Llama-3.1-8B,samsum,1ds-Diff-long,,huq_satrmd_alllayer,published baseline,-0.1179,0.0,3,0,published baselines,40,yes
meta-llama/Meta-Llama-3.1-8B,samsum,1ds-Diff-long,,satmd_alllayer,published baseline,-0.092763,0.0,3,0,published baselines,40,yes
meta-llama/Meta-Llama-3.1-8B,samsum,1ds-Diff-long,,satrmd_alllayer,published baseline,-0.083209,0.0,3,0,published baselines,40,yes
meta-llama/Meta-Llama-3.1-8B,samsum,DiffTask-long,,huq_satmd_alllayer,published baseline,-0.198547,0.007013,3,0,published baselines,40,yes
meta-llama/Meta-Llama-3.1-8B,samsum,DiffTask-long,,huq_satrmd_alllayer,published baseline,-0.062908,0.036893,3,0,published baselines,40,yes
meta-llama/Meta-Llama-3.1-8B,samsum,DiffTask-long,,satmd_alllayer,published baseline,-0.198303,0.010523,3,0,published baselines,40,yes
meta-llama/Meta-Llama-3.1-8B,samsum,DiffTask-long,,satrmd_alllayer,published baseline,-0.051508,0.039476,3,0,published baselines,40,yes
meta-llama/Meta-Llama-3.1-8B,samsum,ID,,huq_satmd_alllayer,published baseline,0.069453,0.0,3,0,published baselines,40,yes
meta-llama/Meta-Llama-3.1-8B,samsum,ID,,huq_satrmd_alllayer,published baseline,0.104702,0.0,3,0,published baselines,40,yes
meta-llama/Meta-Llama-3.1-8B,samsum,ID,,satmd_alllayer,published baseline,0.089373,0.0,3,0,published baselines,40,yes
meta-llama/Meta-Llama-3.1-8B,samsum,ID,,satrmd_alllayer,published baseline,0.1259,0.0,3,0,published baselines,40,yes
meta-llama/Meta-Llama-3.1-8B,samsum,LOO-long,,huq_satmd_alllayer,published baseline,-0.244256,0.0361,3,0,published baselines,40,yes
meta-llama/Meta-Llama-3.1-8B,samsum,LOO-long,,huq_satrmd_alllayer,published baseline,0.06176,0.017379,3,0,published baselines,40,yes
meta-llama/Meta-Llama-3.1-8B,samsum,LOO-long,,satmd_alllayer,published baseline,-0.231947,0.038168,3,0,published baselines,40,yes
meta-llama/Meta-Llama-3.1-8B,samsum,LOO-long,,satrmd_alllayer,published baseline,0.061834,0.018377,3,0,published baselines,40,yes
meta-llama/Meta-Llama-3.1-8B,samsum,SameTask-long,,huq_satmd_alllayer,published baseline,-0.095474,0.070492,3,0,published baselines,40,yes
meta-llama/Meta-Llama-3.1-8B,samsum,SameTask-long,,huq_satrmd_alllayer,published baseline,0.085653,0.063463,3,0,published baselines,40,yes
meta-llama/Meta-Llama-3.1-8B,samsum,SameTask-long,,satmd_alllayer,published baseline,-0.092222,0.068213,3,0,published baselines,40,yes
meta-llama/Meta-Llama-3.1-8B,samsum,SameTask-long,,satrmd_alllayer,published baseline,0.093771,0.06457,3,0,published baselines,40,yes
meta-llama/Meta-Llama-3.1-8B,xsum,1ds-Diff-long,,huq_satmd_alllayer,published baseline,-0.182825,0.0,3,0,published baselines,40,yes
meta-llama/Meta-Llama-3.1-8B,xsum,1ds-Diff-long,,huq_satrmd_alllayer,published baseline,-0.15368,0.0,3,0,published baselines,40,yes
meta-llama/Meta-Llama-3.1-8B,xsum,1ds-Diff-long,,msp_satmd_alllayer,published baseline,-0.027313,0.0,3,0,published baselines,15,NO
meta-llama/Meta-Llama-3.1-8B,xsum,1ds-Diff-long,,msp_satrmd_alllayer,published baseline,-0.112104,0.0,3,0,published baselines,15,NO
meta-llama/Meta-Llama-3.1-8B,xsum,1ds-Diff-long,,satmd_alllayer,published baseline,-0.120909,0.0,3,0,published baselines,40,yes
meta-llama/Meta-Llama-3.1-8B,xsum,1ds-Diff-long,,satrmd_alllayer,published baseline,-0.126226,0.0,3,0,published baselines,40,yes
meta-llama/Meta-Llama-3.1-8B,xsum,DiffTask-long,,huq_satmd_alllayer,published baseline,0.006282,0.033169,3,0,published baselines,40,yes
meta-llama/Meta-Llama-3.1-8B,xsum,DiffTask-long,,huq_satrmd_alllayer,published baseline,-0.088305,0.009699,3,0,published baselines,40,yes
meta-llama/Meta-Llama-3.1-8B,xsum,DiffTask-long,,satmd_alllayer,published baseline,0.036718,0.047457,3,0,published baselines,40,yes
meta-llama/Meta-Llama-3.1-8B,xsum,DiffTask-long,,satrmd_alllayer,published baseline,-0.064227,0.01867,3,0,published baselines,40,yes
meta-llama/Meta-Llama-3.1-8B,xsum,ID,,huq_satmd_alllayer,published baseline,0.26027,0.0,3,0,published baselines,40,yes
meta-llama/Meta-Llama-3.1-8B,xsum,ID,,huq_satrmd_alllayer,published baseline,0.212214,0.0,3,0,published baselines,40,yes
meta-llama/Meta-Llama-3.1-8B,xsum,ID,,msp_satmd_alllayer,published baseline,0.298796,0.0,3,0,published baselines,15,NO
meta-llama/Meta-Llama-3.1-8B,xsum,ID,,msp_satrmd_alllayer,published baseline,0.235153,0.0,3,0,published baselines,15,NO
meta-llama/Meta-Llama-3.1-8B,xsum,ID,,satmd_alllayer,published baseline,0.26027,0.0,3,0,published baselines,40,yes
meta-llama/Meta-Llama-3.1-8B,xsum,ID,,satrmd_alllayer,published baseline,0.212214,0.0,3,0,published baselines,40,yes
meta-llama/Meta-Llama-3.1-8B,xsum,LOO-long,,huq_satmd_alllayer,published baseline,-0.117174,0.045546,3,0,published baselines,40,yes
meta-llama/Meta-Llama-3.1-8B,xsum,LOO-long,,huq_satrmd_alllayer,published baseline,-0.108606,0.01529,3,0,published baselines,40,yes
meta-llama/Meta-Llama-3.1-8B,xsum,LOO-long,,satmd_alllayer,published baseline,-0.103877,0.047622,3,0,published baselines,40,yes
meta-llama/Meta-Llama-3.1-8B,xsum,LOO-long,,satrmd_alllayer,published baseline,-0.089058,0.014869,3,0,published baselines,40,yes
meta-llama/Meta-Llama-3.1-8B,xsum,SameTask-long,,huq_satmd_alllayer,published baseline,-0.075418,0.077189,3,0,published baselines,40,yes
meta-llama/Meta-Llama-3.1-8B,xsum,SameTask-long,,huq_satrmd_alllayer,published baseline,-0.107972,0.024482,3,0,published baselines,40,yes
meta-llama/Meta-Llama-3.1-8B,xsum,SameTask-long,,satmd_alllayer,published baseline,-0.057005,0.068183,3,0,published baselines,40,yes
meta-llama/Meta-Llama-3.1-8B,xsum,SameTask-long,,satrmd_alllayer,published baseline,-0.092492,0.03385,3,0,published baselines,40,yes
